{
  "type": "FeatureCollection",
  "features": [
    {
      "type": "Feature",
      "geometry": {
        "type": "Point",
        "coordinates": [
          140.6421045,
          41.93108757020422
        ]
      },
      "properties": {
        "観測点コード": 1110010,
        "地方整備局等番号": "81",
        "都道府県コード": "02"
      }
    },
    {
      "type": "Feature",
      "geometry": {
        "type": "Point",
        "coordinates": [
          140.4840606,
          42.1540981903046
        ]
      },
      "properties": {
        "観測点コード": 1110020,
        "地方整備局等番号": "81",
        "都道府県コード": "02"
      }
    },
    {
      "type": "Feature",
      "geometry": {
        "type": "Point",
        "coordinates": [
          140.377502,
          42.672714040509845
        ]
      },
      "properties": {
        "観測点コード": 1110030,
        "地方整備局等番号": "81",
        "都道府県コード": "03"
      }
    },
    {
      "type": "Feature",
      "geometry": {
        "type": "Point",
        "coordinates": [
          140.735792,
          43.121255040655214
        ]
      },
      "properties": {
        "観測点コード": 1110050,
        "地方整備局等番号": "81",
        "都道府県コード": "03"
      }
    },
    {
      "type": "Feature",
      "geometry": {
        "type": "Point",
        "coordinates": [
          140.862496,
          43.19868804067728
        ]
      },
      "properties": {
        "観測点コード": 1110060,
        "地方整備局等番号": "81",
        "都道府県コード": "03"
      }
    },
    {
      "type": "Feature",
      "geometry": {
        "type": "Point",
        "coordinates": [
          141.118728,
          43.153022040664396
        ]
      },
      "properties": {
        "観測点コード": 1110080,
        "地方整備局等番号": "81",
        "都道府県コード": "03"
      }
    },
    {
      "type": "Feature",
      "geometry": {
        "type": "Point",
        "coordinates": [
          141.3496424,
          43.08364407064419
        ]
      },
      "properties": {
        "観測点コード": 1110090,
        "地方整備局等番号": "81",
        "都道府県コード": "01"
      }
    },
    {
      "type": "Feature",
      "geometry": {
        "type": "Point",
        "coordinates": [
          140.7378302,
          41.855509180168546
        ]
      },
      "properties": {
        "観測点コード": 1110100,
        "地方整備局等番号": "81",
        "都道府県コード": "02"
      }
    },
    {
      "type": "Feature",
      "geometry": {
        "type": "Point",
        "coordinates": [
          140.69325,
          41.91094404019478
        ]
      },
      "properties": {
        "観測点コード": 1110110,
        "地方整備局等番号": "81",
        "都道府県コード": "02"
      }
    },
    {
      "type": "Feature",
      "geometry": {
        "type": "Point",
        "coordinates": [
          140.412444,
          42.65674504050413
        ]
      },
      "properties": {
        "観測点コード": 1110120,
        "地方整備局等番号": "81",
        "都道府県コード": "03"
      }
    },
    {
      "type": "Feature",
      "geometry": {
        "type": "Point",
        "coordinates": [
          141.721783,
          43.18473404067338
        ]
      },
      "properties": {
        "観測点コード": 1110130,
        "地方整備局等番号": "81",
        "都道府県コード": "01"
      }
    },
    {
      "type": "Feature",
      "geometry": {
        "type": "Point",
        "coordinates": [
          141.866096,
          43.351557040718205
        ]
      },
      "properties": {
        "観測点コード": 1110140,
        "地方整備局等番号": "81",
        "都道府県コード": "01"
      }
    },
    {
      "type": "Feature",
      "geometry": {
        "type": "Point",
        "coordinates": [
          142.211538,
          43.72678204080376
        ]
      },
      "properties": {
        "観測点コード": 1110150,
        "地方整備局等番号": "81",
        "都道府県コード": "04"
      }
    },
    {
      "type": "Feature",
      "geometry": {
        "type": "Point",
        "coordinates": [
          142.333692,
          43.798283040817644
        ]
      },
      "properties": {
        "観測点コード": 1110160,
        "地方整備局等番号": "81",
        "都道府県コード": "04"
      }
    },
    {
      "type": "Feature",
      "geometry": {
        "type": "Point",
        "coordinates": [
          141.495931,
          42.95409804060455
        ]
      },
      "properties": {
        "観測点コード": 1110170,
        "地方整備局等番号": "81",
        "都道府県コード": "01"
      }
    },
    {
      "type": "Feature",
      "geometry": {
        "type": "Point",
        "coordinates": [
          141.5539538,
          42.619514790490626
        ]
      },
      "properties": {
        "観測点コード": 1110180,
        "地方整備局等番号": "81",
        "都道府県コード": "05"
      }
    },
    {
      "type": "Feature",
      "geometry": {
        "type": "Point",
        "coordinates": [
          141.0774629,
          42.38500765040089
        ]
      },
      "properties": {
        "観測点コード": 1110190,
        "地方整備局等番号": "81",
        "都道府県コード": "05"
      }
    },
    {
      "type": "Feature",
      "geometry": {
        "type": "Point",
        "coordinates": [
          140.6268309,
          42.60033645048358
        ]
      },
      "properties": {
        "観測点コード": 1110200,
        "地方整備局等番号": "81",
        "都道府県コード": "05"
      }
    },
    {
      "type": "Feature",
      "geometry": {
        "type": "Point",
        "coordinates": [
          142.1739006,
          43.53094035076174
        ]
      },
      "properties": {
        "観測点コード": 1110220,
        "地方整備局等番号": "81",
        "都道府県コード": "01"
      }
    },
    {
      "type": "Feature",
      "geometry": {
        "type": "Point",
        "coordinates": [
          142.377435,
          43.34513804071655
        ]
      },
      "properties": {
        "観測点コード": 1110230,
        "地方整備局等番号": "81",
        "都道府県コード": "04"
      }
    },
    {
      "type": "Feature",
      "geometry": {
        "type": "Point",
        "coordinates": [
          142.575567,
          43.16138604066678
        ]
      },
      "properties": {
        "観測点コード": 1110240,
        "地方整備局等番号": "81",
        "都道府県コード": "04"
      }
    },
    {
      "type": "Feature",
      "geometry": {
        "type": "Point",
        "coordinates": [
          142.8955221,
          42.96760298060881
        ]
      },
      "properties": {
        "観測点コード": 1110250,
        "地方整備局等番号": "81",
        "都道府県コード": "07"
      }
    },
    {
      "type": "Feature",
      "geometry": {
        "type": "Point",
        "coordinates": [
          143.2700872,
          42.91673291059265
        ]
      },
      "properties": {
        "観測点コード": 1110260,
        "地方整備局等番号": "81",
        "都道府県コード": "07"
      }
    },
    {
      "type": "Feature",
      "geometry": {
        "type": "Point",
        "coordinates": [
          143.765979,
          42.832729040565155
        ]
      },
      "properties": {
        "観測点コード": 1110270,
        "地方整備局等番号": "81",
        "都道府県コード": "07"
      }
    },
    {
      "type": "Feature",
      "geometry": {
        "type": "Point",
        "coordinates": [
          144.2464972,
          43.002010860619514
        ]
      },
      "properties": {
        "観測点コード": 1110280,
        "地方整備局等番号": "81",
        "都道府県コード": "06"
      }
    },
    {
      "type": "Feature",
      "geometry": {
        "type": "Point",
        "coordinates": [
          144.3754256,
          43.03483108062955
        ]
      },
      "properties": {
        "観測点コード": 1110281,
        "地方整備局等番号": "81",
        "都道府県コード": "06"
      }
    },
    {
      "type": "Feature",
      "geometry": {
        "type": "Point",
        "coordinates": [
          144.4224501,
          43.01628558062389
        ]
      },
      "properties": {
        "観測点コード": 1110282,
        "地方整備局等番号": "81",
        "都道府県コード": "06"
      }
    },
    {
      "type": "Feature",
      "geometry": {
        "type": "Point",
        "coordinates": [
          144.473627,
          43.00268904061971
        ]
      },
      "properties": {
        "観測点コード": 1110283,
        "地方整備局等番号": "81",
        "都道府県コード": "06"
      }
    },
    {
      "type": "Feature",
      "geometry": {
        "type": "Point",
        "coordinates": [
          142.447347,
          43.818868040821506
        ]
      },
      "properties": {
        "観測点コード": 1110290,
        "地方整備局等番号": "81",
        "都道府県コード": "04"
      }
    },
    {
      "type": "Feature",
      "geometry": {
        "type": "Point",
        "coordinates": [
          142.744489,
          43.84894404082702
        ]
      },
      "properties": {
        "観測点コード": 1110300,
        "地方整備局等番号": "81",
        "都道府県コード": "04"
      }
    },
    {
      "type": "Feature",
      "geometry": {
        "type": "Point",
        "coordinates": [
          142.90227300000004,
          43.781848040814516
        ]
      },
      "properties": {
        "観測点コード": 1110310,
        "地方整備局等番号": "81",
        "都道府県コード": "04"
      }
    },
    {
      "type": "Feature",
      "geometry": {
        "type": "Point",
        "coordinates": [
          143.4918536,
          43.750539740808456
        ]
      },
      "properties": {
        "観測点コード": 1110320,
        "地方整備局等番号": "81",
        "都道府県コード": "08"
      }
    },
    {
      "type": "Feature",
      "geometry": {
        "type": "Point",
        "coordinates": [
          143.833134,
          43.79818204081763
        ]
      },
      "properties": {
        "観測点コード": 1110330,
        "地方整備局等番号": "81",
        "都道府県コード": "08"
      }
    },
    {
      "type": "Feature",
      "geometry": {
        "type": "Point",
        "coordinates": [
          143.8981667,
          43.7822242308146
        ]
      },
      "properties": {
        "観測点コード": 1110331,
        "地方整備局等番号": "81",
        "都道府県コード": "08"
      }
    },
    {
      "type": "Feature",
      "geometry": {
        "type": "Point",
        "coordinates": [
          143.926029,
          43.80292804081852
        ]
      },
      "properties": {
        "観測点コード": 1110332,
        "地方整備局等番号": "81",
        "都道府県コード": "08"
      }
    },
    {
      "type": "Feature",
      "geometry": {
        "type": "Point",
        "coordinates": [
          144.102175,
          43.85309704082778
        ]
      },
      "properties": {
        "観測点コード": 1110340,
        "地方整備局等番号": "81",
        "都道府県コード": "08"
      }
    },
    {
      "type": "Feature",
      "geometry": {
        "type": "Point",
        "coordinates": [
          144.150466,
          43.87040004083089
        ]
      },
      "properties": {
        "観測点コード": 1110350,
        "地方整備局等番号": "81",
        "都道府県コード": "08"
      }
    },
    {
      "type": "Feature",
      "geometry": {
        "type": "Point",
        "coordinates": [
          142.40886,
          43.819632040821645
        ]
      },
      "properties": {
        "観測点コード": 1110360,
        "地方整備局等番号": "81",
        "都道府県コード": "04"
      }
    },
    {
      "type": "Feature",
      "geometry": {
        "type": "Point",
        "coordinates": [
          142.46586,
          43.9375450408425
        ]
      },
      "properties": {
        "観測点コード": 1110370,
        "地方整備局等番号": "81",
        "都道府県コード": "04"
      }
    },
    {
      "type": "Feature",
      "geometry": {
        "type": "Point",
        "coordinates": [
          142.340371,
          44.49438804091256
        ]
      },
      "properties": {
        "観測点コード": 1110380,
        "地方整備局等番号": "81",
        "都道府県コード": "04"
      }
    },
    {
      "type": "Feature",
      "geometry": {
        "type": "Point",
        "coordinates": [
          142.065768,
          44.82270404093181
        ]
      },
      "properties": {
        "観測点コード": 1110390,
        "地方整備局等番号": "81",
        "都道府県コード": "04"
      }
    },
    {
      "type": "Feature",
      "geometry": {
        "type": "Point",
        "coordinates": [
          142.446612,
          44.331686040896926
        ]
      },
      "properties": {
        "観測点コード": 1110400,
        "地方整備局等番号": "81",
        "都道府県コード": "04"
      }
    },
    {
      "type": "Feature",
      "geometry": {
        "type": "Point",
        "coordinates": [
          142.40433,
          44.4124520409052
        ]
      },
      "properties": {
        "観測点コード": 1110410,
        "地方整備局等番号": "81",
        "都道府県コード": "04"
      }
    },
    {
      "type": "Feature",
      "geometry": {
        "type": "Point",
        "coordinates": [
          142.370834,
          44.436504040907465
        ]
      },
      "properties": {
        "観測点コード": 1110420,
        "地方整備局等番号": "81",
        "都道府県コード": "04"
      }
    },
    {
      "type": "Feature",
      "geometry": {
        "type": "Point",
        "coordinates": [
          142.373557,
          44.46719604091022
        ]
      },
      "properties": {
        "観測点コード": 1110430,
        "地方整備局等番号": "81",
        "都道府県コード": "04"
      }
    },
    {
      "type": "Feature",
      "geometry": {
        "type": "Point",
        "coordinates": [
          142.349754,
          44.49400304091251
        ]
      },
      "properties": {
        "観測点コード": 1110431,
        "地方整備局等番号": "81",
        "都道府県コード": "04"
      }
    },
    {
      "type": "Feature",
      "geometry": {
        "type": "Point",
        "coordinates": [
          141.836757,
          45.01690604093549
        ]
      },
      "properties": {
        "観測点コード": 1110440,
        "地方整備局等番号": "81",
        "都道府県コード": "10"
      }
    },
    {
      "type": "Feature",
      "geometry": {
        "type": "Point",
        "coordinates": [
          141.770096,
          45.20892604093353
        ]
      },
      "properties": {
        "観測点コード": 1110460,
        "地方整備局等番号": "81",
        "都道府県コード": "10"
      }
    },
    {
      "type": "Feature",
      "geometry": {
        "type": "Point",
        "coordinates": [
          144.4493526,
          42.99479183061728
        ]
      },
      "properties": {
        "観測点コード": 1110470,
        "地方整備局等番号": "81",
        "都道府県コード": "06"
      }
    },
    {
      "type": "Feature",
      "geometry": {
        "type": "Point",
        "coordinates": [
          145.0159693,
          43.13343702065876
        ]
      },
      "properties": {
        "観測点コード": 1110480,
        "地方整備局等番号": "81",
        "都道府県コード": "06"
      }
    },
    {
      "type": "Feature",
      "geometry": {
        "type": "Point",
        "coordinates": [
          140.6338191,
          41.89734796018839
        ]
      },
      "properties": {
        "観測点コード": 1110490,
        "地方整備局等番号": "81",
        "都道府県コード": "02"
      }
    },
    {
      "type": "Feature",
      "geometry": {
        "type": "Point",
        "coordinates": [
          140.2558047,
          41.480587619979374
        ]
      },
      "properties": {
        "観測点コード": 1110500,
        "地方整備局等番号": "81",
        "都道府県コード": "02"
      }
    },
    {
      "type": "Feature",
      "geometry": {
        "type": "Point",
        "coordinates": [
          140.7069415,
          41.83901009016065
        ]
      },
      "properties": {
        "観測点コード": 1110510,
        "地方整備局等番号": "81",
        "都道府県コード": "02"
      }
    },
    {
      "type": "Feature",
      "geometry": {
        "type": "Point",
        "coordinates": [
          140.67026760000002,
          41.83229743015742
        ]
      },
      "properties": {
        "観測点コード": 1110520,
        "地方整備局等番号": "81",
        "都道府県コード": "02"
      }
    },
    {
      "type": "Feature",
      "geometry": {
        "type": "Point",
        "coordinates": [
          140.6236414,
          41.82065939015182
        ]
      },
      "properties": {
        "観測点コード": 1110530,
        "地方整備局等番号": "81",
        "都道府県コード": "02"
      }
    },
    {
      "type": "Feature",
      "geometry": {
        "type": "Point",
        "coordinates": [
          140.33431600000003,
          43.24834804069096
        ]
      },
      "properties": {
        "観測点コード": 1110540,
        "地方整備局等番号": "81",
        "都道府県コード": "03"
      }
    },
    {
      "type": "Feature",
      "geometry": {
        "type": "Point",
        "coordinates": [
          140.471476,
          42.96644104060844
        ]
      },
      "properties": {
        "観測点コード": 1110550,
        "地方整備局等番号": "81",
        "都道府県コード": "03"
      }
    },
    {
      "type": "Feature",
      "geometry": {
        "type": "Point",
        "coordinates": [
          139.972281,
          42.69059604051622
        ]
      },
      "properties": {
        "観測点コード": 1110560,
        "地方整備局等番号": "81",
        "都道府県コード": "03"
      }
    },
    {
      "type": "Feature",
      "geometry": {
        "type": "Point",
        "coordinates": [
          140.0715584,
          42.068390450266875
        ]
      },
      "properties": {
        "観測点コード": 1110570,
        "地方整備局等番号": "81",
        "都道府県コード": "02"
      }
    },
    {
      "type": "Feature",
      "geometry": {
        "type": "Point",
        "coordinates": [
          141.3248983,
          43.1876802706742
        ]
      },
      "properties": {
        "観測点コード": 1110600,
        "地方整備局等番号": "81",
        "都道府県コード": "01"
      }
    },
    {
      "type": "Feature",
      "geometry": {
        "type": "Point",
        "coordinates": [
          141.428392,
          43.377555040724815
        ]
      },
      "properties": {
        "観測点コード": 1110610,
        "地方整備局等番号": "81",
        "都道府県コード": "01"
      }
    },
    {
      "type": "Feature",
      "geometry": {
        "type": "Point",
        "coordinates": [
          141.602442,
          43.89116004083455
        ]
      },
      "properties": {
        "観測点コード": 1110620,
        "地方整備局等番号": "81",
        "都道府県コード": "09"
      }
    },
    {
      "type": "Feature",
      "geometry": {
        "type": "Point",
        "coordinates": [
          141.790418,
          44.71198204092715
        ]
      },
      "properties": {
        "観測点コード": 1110630,
        "地方整備局等番号": "81",
        "都道府県コード": "09"
      }
    },
    {
      "type": "Feature",
      "geometry": {
        "type": "Point",
        "coordinates": [
          141.656227,
          43.99996504085269
        ]
      },
      "properties": {
        "観測点コード": 1110640,
        "地方整備局等番号": "81",
        "都道府県コード": "09"
      }
    },
    {
      "type": "Feature",
      "geometry": {
        "type": "Point",
        "coordinates": [
          141.953873,
          43.76598569081147
        ]
      },
      "properties": {
        "観測点コード": 1110650,
        "地方整備局等番号": "81",
        "都道府県コード": "01"
      }
    },
    {
      "type": "Feature",
      "geometry": {
        "type": "Point",
        "coordinates": [
          141.687135,
          43.919969040839526
        ]
      },
      "properties": {
        "観測点コード": 1110660,
        "地方整備局等番号": "81",
        "都道府県コード": "09"
      }
    },
    {
      "type": "Feature",
      "geometry": {
        "type": "Point",
        "coordinates": [
          141.995229,
          43.719328040802246
        ]
      },
      "properties": {
        "観測点コード": 1110670,
        "地方整備局等番号": "81",
        "都道府県コード": "01"
      }
    },
    {
      "type": "Feature",
      "geometry": {
        "type": "Point",
        "coordinates": [
          141.939455,
          43.80247704081843
        ]
      },
      "properties": {
        "観測点コード": 1110680,
        "地方整備局等番号": "81",
        "都道府県コード": "01"
      }
    },
    {
      "type": "Feature",
      "geometry": {
        "type": "Point",
        "coordinates": [
          141.856355,
          43.804048040818735
        ]
      },
      "properties": {
        "観測点コード": 1110690,
        "地方整備局等番号": "81",
        "都道府県コード": "01"
      }
    },
    {
      "type": "Feature",
      "geometry": {
        "type": "Point",
        "coordinates": [
          141.778679,
          43.84518804082634
        ]
      },
      "properties": {
        "観測点コード": 1110700,
        "地方整備局等番号": "81",
        "都道府県コード": "09"
      }
    },
    {
      "type": "Feature",
      "geometry": {
        "type": "Point",
        "coordinates": [
          141.723595,
          43.87822704083228
        ]
      },
      "properties": {
        "観測点コード": 1110701,
        "地方整備局等番号": "81",
        "都道府県コード": "09"
      }
    },
    {
      "type": "Feature",
      "geometry": {
        "type": "Point",
        "coordinates": [
          141.68278,
          43.928072040840895
        ]
      },
      "properties": {
        "観測点コード": 1110702,
        "地方整備局等番号": "81",
        "都道府県コード": "09"
      }
    },
    {
      "type": "Feature",
      "geometry": {
        "type": "Point",
        "coordinates": [
          141.74737440000004,
          43.11269117065273
        ]
      },
      "properties": {
        "観測点コード": 1110710,
        "地方整備局等番号": "81",
        "都道府県コード": "01"
      }
    },
    {
      "type": "Feature",
      "geometry": {
        "type": "Point",
        "coordinates": [
          141.8315435,
          42.81091575055783
        ]
      },
      "properties": {
        "観測点コード": 1110720,
        "地方整備局等番号": "81",
        "都道府県コード": "05"
      }
    },
    {
      "type": "Feature",
      "geometry": {
        "type": "Point",
        "coordinates": [
          141.9503395,
          42.57481157047414
        ]
      },
      "properties": {
        "観測点コード": 1110730,
        "地方整備局等番号": "81",
        "都道府県コード": "05"
      }
    },
    {
      "type": "Feature",
      "geometry": {
        "type": "Point",
        "coordinates": [
          142.7152599,
          42.18634909031852
        ]
      },
      "properties": {
        "観測点コード": 1110740,
        "地方整備局等番号": "81",
        "都道府県コード": "05"
      }
    },
    {
      "type": "Feature",
      "geometry": {
        "type": "Point",
        "coordinates": [
          141.724241,
          42.67572651051092
        ]
      },
      "properties": {
        "観測点コード": 1110750,
        "地方整備局等番号": "81",
        "都道府県コード": "05"
      }
    },
    {
      "type": "Feature",
      "geometry": {
        "type": "Point",
        "coordinates": [
          141.8200069,
          42.65945501050509
        ]
      },
      "properties": {
        "観測点コード": 1110760,
        "地方整備局等番号": "81",
        "都道府県コード": "05"
      }
    },
    {
      "type": "Feature",
      "geometry": {
        "type": "Point",
        "coordinates": [
          141.8930837,
          42.5992918904832
        ]
      },
      "properties": {
        "観測点コード": 1110770,
        "地方整備局等番号": "81",
        "都道府県コード": "05"
      }
    },
    {
      "type": "Feature",
      "geometry": {
        "type": "Point",
        "coordinates": [
          143.273263,
          42.47939292043798
        ]
      },
      "properties": {
        "観測点コード": 1110780,
        "地方整備局等番号": "81",
        "都道府県コード": "07"
      }
    },
    {
      "type": "Feature",
      "geometry": {
        "type": "Point",
        "coordinates": [
          142.9927157,
          42.23567851033952
        ]
      },
      "properties": {
        "観測点コード": 1110790,
        "地方整備局等番号": "81",
        "都道府県コード": "05"
      }
    },
    {
      "type": "Feature",
      "geometry": {
        "type": "Point",
        "coordinates": [
          143.1061614,
          42.944556830601535
        ]
      },
      "properties": {
        "観測点コード": 1110800,
        "地方整備局等番号": "81",
        "都道府県コード": "07"
      }
    },
    {
      "type": "Feature",
      "geometry": {
        "type": "Point",
        "coordinates": [
          143.1246418,
          42.8783228205802
        ]
      },
      "properties": {
        "観測点コード": 1110810,
        "地方整備局等番号": "81",
        "都道府県コード": "07"
      }
    },
    {
      "type": "Feature",
      "geometry": {
        "type": "Point",
        "coordinates": [
          143.175416,
          42.772632730544835
        ]
      },
      "properties": {
        "観測点コード": 1110820,
        "地方整備局等番号": "81",
        "都道府県コード": "07"
      }
    },
    {
      "type": "Feature",
      "geometry": {
        "type": "Point",
        "coordinates": [
          143.168571,
          42.722047130527294
        ]
      },
      "properties": {
        "観測点コード": 1110830,
        "地方整備局等番号": "81",
        "都道府県コード": "07"
      }
    },
    {
      "type": "Feature",
      "geometry": {
        "type": "Point",
        "coordinates": [
          143.145688,
          42.67773204051164
        ]
      },
      "properties": {
        "観測点コード": 1110831,
        "地方整備局等番号": "81",
        "都道府県コード": "07"
      }
    },
    {
      "type": "Feature",
      "geometry": {
        "type": "Point",
        "coordinates": [
          143.190237,
          42.637427040497144
        ]
      },
      "properties": {
        "観測点コード": 1110832,
        "地方整備局等番号": "81",
        "都道府県コード": "07"
      }
    },
    {
      "type": "Feature",
      "geometry": {
        "type": "Point",
        "coordinates": [
          143.288527,
          42.550911040465216
        ]
      },
      "properties": {
        "観測点コード": 1110833,
        "地方整備局等番号": "81",
        "都道府県コード": "07"
      }
    },
    {
      "type": "Feature",
      "geometry": {
        "type": "Point",
        "coordinates": [
          142.395871,
          43.67766304079377
        ]
      },
      "properties": {
        "観測点コード": 1110840,
        "地方整備局等番号": "81",
        "都道府県コード": "04"
      }
    },
    {
      "type": "Feature",
      "geometry": {
        "type": "Point",
        "coordinates": [
          142.416499,
          43.142849040661474
        ]
      },
      "properties": {
        "観測点コード": 1110850,
        "地方整備局等番号": "81",
        "都道府県コード": "04"
      }
    },
    {
      "type": "Feature",
      "geometry": {
        "type": "Point",
        "coordinates": [
          141.984126,
          42.56014623046868
        ]
      },
      "properties": {
        "観測点コード": 1110860,
        "地方整備局等番号": "81",
        "都道府県コード": "05"
      }
    },
    {
      "type": "Feature",
      "geometry": {
        "type": "Point",
        "coordinates": [
          142.0646378,
          42.511718620450374
        ]
      },
      "properties": {
        "観測点コード": 1110861,
        "地方整備局等番号": "81",
        "都道府県コード": "05"
      }
    },
    {
      "type": "Feature",
      "geometry": {
        "type": "Point",
        "coordinates": [
          142.1551718,
          42.476880240437005
        ]
      },
      "properties": {
        "観測点コード": 1110862,
        "地方整備局等番号": "81",
        "都道府県コード": "05"
      }
    },
    {
      "type": "Feature",
      "geometry": {
        "type": "Point",
        "coordinates": [
          144.0483972,
          44.122097850870915
        ]
      },
      "properties": {
        "観測点コード": 1110870,
        "地方整備局等番号": "81",
        "都道府県コード": "08"
      }
    },
    {
      "type": "Feature",
      "geometry": {
        "type": "Point",
        "coordinates": [
          143.491111,
          44.24722204088725
        ]
      },
      "properties": {
        "観測点コード": 1110881,
        "地方整備局等番号": "81",
        "都道府県コード": "08"
      }
    },
    {
      "type": "Feature",
      "geometry": {
        "type": "Point",
        "coordinates": [
          142.9747586,
          44.571011040918506
        ]
      },
      "properties": {
        "観測点コード": 1110890,
        "地方整備局等番号": "81",
        "都道府県コード": "08"
      }
    },
    {
      "type": "Feature",
      "geometry": {
        "type": "Point",
        "coordinates": [
          141.74393,
          45.401916040925876
        ]
      },
      "properties": {
        "観測点コード": 1110900,
        "地方整備局等番号": "81",
        "都道府県コード": "10"
      }
    },
    {
      "type": "Feature",
      "geometry": {
        "type": "Point",
        "coordinates": [
          142.51453,
          44.33124604089689
        ]
      },
      "properties": {
        "観測点コード": 1110910,
        "地方整備局等番号": "81",
        "都道府県コード": "04"
      }
    },
    {
      "type": "Feature",
      "geometry": {
        "type": "Point",
        "coordinates": [
          142.27833,
          44.17901104087865
        ]
      },
      "properties": {
        "観測点コード": 1110920,
        "地方整備局等番号": "81",
        "都道府県コード": "04"
      }
    },
    {
      "type": "Feature",
      "geometry": {
        "type": "Point",
        "coordinates": [
          144.1218925,
          43.094167250647295
        ]
      },
      "properties": {
        "観測点コード": 1110930,
        "地方整備局等番号": "81",
        "都道府県コード": "06"
      }
    },
    {
      "type": "Feature",
      "geometry": {
        "type": "Point",
        "coordinates": [
          144.026451,
          43.69889304079811
        ]
      },
      "properties": {
        "観測点コード": 1110941,
        "地方整備局等番号": "81",
        "都道府県コード": "08"
      }
    },
    {
      "type": "Feature",
      "geometry": {
        "type": "Point",
        "coordinates": [
          143.2746363,
          43.204237410678836
        ]
      },
      "properties": {
        "観測点コード": 1110950,
        "地方整備局等番号": "81",
        "都道府県コード": "07"
      }
    },
    {
      "type": "Feature",
      "geometry": {
        "type": "Point",
        "coordinates": [
          143.740097,
          43.458400040744706
        ]
      },
      "properties": {
        "観測点コード": 1110960,
        "地方整備局等番号": "81",
        "都道府県コード": "07"
      }
    },
    {
      "type": "Feature",
      "geometry": {
        "type": "Point",
        "coordinates": [
          143.580506,
          43.110542040652106
        ]
      },
      "properties": {
        "観測点コード": 1110970,
        "地方整備局等番号": "81",
        "都道府県コード": "07"
      }
    },
    {
      "type": "Feature",
      "geometry": {
        "type": "Point",
        "coordinates": [
          144.3196517,
          43.55969036076827
        ]
      },
      "properties": {
        "観測点コード": 1110980,
        "地方整備局等番号": "81",
        "都道府県コード": "06"
      }
    },
    {
      "type": "Feature",
      "geometry": {
        "type": "Point",
        "coordinates": [
          144.6738938,
          43.46525075074637
        ]
      },
      "properties": {
        "観測点コード": 1110990,
        "地方整備局等番号": "81",
        "都道府県コード": "06"
      }
    },
    {
      "type": "Feature",
      "geometry": {
        "type": "Point",
        "coordinates": [
          145.1354671,
          43.3767268407246
        ]
      },
      "properties": {
        "観測点コード": 1111000,
        "地方整備局等番号": "81",
        "都道府県コード": "06"
      }
    },
    {
      "type": "Feature",
      "geometry": {
        "type": "Point",
        "coordinates": [
          144.2978521,
          43.98185858084978
        ]
      },
      "properties": {
        "観測点コード": 1111010,
        "地方整備局等番号": "81",
        "都道府県コード": "08"
      }
    },
    {
      "type": "Feature",
      "geometry": {
        "type": "Point",
        "coordinates": [
          145.2084661,
          43.58981766077498
        ]
      },
      "properties": {
        "観測点コード": 1111020,
        "地方整備局等番号": "81",
        "都道府県コード": "06"
      }
    },
    {
      "type": "Feature",
      "geometry": {
        "type": "Point",
        "coordinates": [
          144.5287192,
          43.02214121062568
        ]
      },
      "properties": {
        "観測点コード": 1111030,
        "地方整備局等番号": "81",
        "都道府県コード": "06"
      }
    },
    {
      "type": "Feature",
      "geometry": {
        "type": "Point",
        "coordinates": [
          144.9801323,
          43.53929381076365
        ]
      },
      "properties": {
        "観測点コード": 1111040,
        "地方整備局等番号": "81",
        "都道府県コード": "06"
      }
    },
    {
      "type": "Feature",
      "geometry": {
        "type": "Point",
        "coordinates": [
          143.262315,
          44.25159504088778
        ]
      },
      "properties": {
        "観測点コード": 1111050,
        "地方整備局等番号": "81",
        "都道府県コード": "08"
      }
    },
    {
      "type": "Feature",
      "geometry": {
        "type": "Point",
        "coordinates": [
          142.0403856,
          42.938085080599464
        ]
      },
      "properties": {
        "観測点コード": 1111060,
        "地方整備局等番号": "81",
        "都道府県コード": "01"
      }
    },
    {
      "type": "Feature",
      "geometry": {
        "type": "Point",
        "coordinates": [
          142.816438,
          42.97320004061056
        ]
      },
      "properties": {
        "観測点コード": 1111080,
        "地方整備局等番号": "81",
        "都道府県コード": "07"
      }
    },
    {
      "type": "Feature",
      "geometry": {
        "type": "Point",
        "coordinates": [
          141.4830387,
          43.12130790065524
        ]
      },
      "properties": {
        "観測点コード": 1111090,
        "地方整備局等番号": "81",
        "都道府県コード": "01"
      }
    },
    {
      "type": "Feature",
      "geometry": {
        "type": "Point",
        "coordinates": [
          141.8216186,
          43.43463367073897
        ]
      },
      "properties": {
        "観測点コード": 1111100,
        "地方整備局等番号": "81",
        "都道府県コード": "01"
      }
    },
    {
      "type": "Feature",
      "geometry": {
        "type": "Point",
        "coordinates": [
          141.8750113,
          43.57168557077097
        ]
      },
      "properties": {
        "観測点コード": 1111110,
        "地方整備局等番号": "81",
        "都道府県コード": "01"
      }
    },
    {
      "type": "Feature",
      "geometry": {
        "type": "Point",
        "coordinates": [
          140.796333,
          41.77319404012875
        ]
      },
      "properties": {
        "観測点コード": 1111130,
        "地方整備局等番号": "81",
        "都道府県コード": "02"
      }
    },
    {
      "type": "Feature",
      "geometry": {
        "type": "Point",
        "coordinates": [
          140.8062566,
          42.03841781025344
        ]
      },
      "properties": {
        "観測点コード": 1111140,
        "地方整備局等番号": "81",
        "都道府県コード": "02"
      }
    },
    {
      "type": "Feature",
      "geometry": {
        "type": "Point",
        "coordinates": [
          140.7552781,
          41.84000143016112
        ]
      },
      "properties": {
        "観測点コード": 1111145,
        "地方整備局等番号": "81",
        "都道府県コード": "02"
      }
    },
    {
      "type": "Feature",
      "geometry": {
        "type": "Point",
        "coordinates": [
          143.413281,
          44.010611040854364
        ]
      },
      "properties": {
        "観測点コード": 1111150,
        "地方整備局等番号": "81",
        "都道府県コード": "08"
      }
    },
    {
      "type": "Feature",
      "geometry": {
        "type": "Point",
        "coordinates": [
          143.715644,
          43.962452040846635
        ]
      },
      "properties": {
        "観測点コード": 1111160,
        "地方整備局等番号": "81",
        "都道府県コード": "08"
      }
    },
    {
      "type": "Feature",
      "geometry": {
        "type": "Point",
        "coordinates": [
          141.6810393,
          42.815960640559524
        ]
      },
      "properties": {
        "観測点コード": 1111180,
        "地方整備局等番号": "81",
        "都道府県コード": "01"
      }
    },
    {
      "type": "Feature",
      "geometry": {
        "type": "Point",
        "coordinates": [
          141.6903091,
          42.83070733056448
        ]
      },
      "properties": {
        "観測点コード": 1111190,
        "地方整備局等番号": "81",
        "都道府県コード": "01"
      }
    },
    {
      "type": "Feature",
      "geometry": {
        "type": "Point",
        "coordinates": [
          141.7104933,
          42.860948090574496
        ]
      },
      "properties": {
        "観測点コード": 1111200,
        "地方整備局等番号": "81",
        "都道府県コード": "01"
      }
    },
    {
      "type": "Feature",
      "geometry": {
        "type": "Point",
        "coordinates": [
          141.554044,
          43.18556004067363
        ]
      },
      "properties": {
        "観測点コード": 1111210,
        "地方整備局等番号": "81",
        "都道府県コード": "01"
      }
    },
    {
      "type": "Feature",
      "geometry": {
        "type": "Point",
        "coordinates": [
          144.5593071,
          43.37269109072359
        ]
      },
      "properties": {
        "観測点コード": 1111220,
        "地方整備局等番号": "81",
        "都道府県コード": "06"
      }
    },
    {
      "type": "Feature",
      "geometry": {
        "type": "Point",
        "coordinates": [
          144.489672,
          43.81126104082009
        ]
      },
      "properties": {
        "観測点コード": 1111230,
        "地方整備局等番号": "81",
        "都道府県コード": "08"
      }
    },
    {
      "type": "Feature",
      "geometry": {
        "type": "Point",
        "coordinates": [
          144.0391088,
          42.99604737061767
        ]
      },
      "properties": {
        "観測点コード": 1111240,
        "地方整備局等番号": "81",
        "都道府県コード": "06"
      }
    },
    {
      "type": "Feature",
      "geometry": {
        "type": "Point",
        "coordinates": [
          140.955582,
          43.089578040645954
        ]
      },
      "properties": {
        "観測点コード": 1111250,
        "地方整備局等番号": "81",
        "都道府県コード": "03"
      }
    },
    {
      "type": "Feature",
      "geometry": {
        "type": "Point",
        "coordinates": [
          142.480139,
          43.92330404084009
        ]
      },
      "properties": {
        "観測点コード": 1111260,
        "地方整備局等番号": "81",
        "都道府県コード": "04"
      }
    },
    {
      "type": "Feature",
      "geometry": {
        "type": "Point",
        "coordinates": [
          142.548538,
          43.90347904083668
        ]
      },
      "properties": {
        "観測点コード": 1111270,
        "地方整備局等番号": "81",
        "都道府県コード": "04"
      }
    },
    {
      "type": "Feature",
      "geometry": {
        "type": "Point",
        "coordinates": [
          142.598335,
          43.88962304083429
        ]
      },
      "properties": {
        "観測点コード": 1111280,
        "地方整備局等番号": "81",
        "都道府県コード": "04"
      }
    },
    {
      "type": "Feature",
      "geometry": {
        "type": "Point",
        "coordinates": [
          142.737691,
          43.840859040825556
        ]
      },
      "properties": {
        "観測点コード": 1111290,
        "地方整備局等番号": "81",
        "都道府県コード": "04"
      }
    },
    {
      "type": "Feature",
      "geometry": {
        "type": "Point",
        "coordinates": [
          142.799904,
          43.843162040825966
        ]
      },
      "properties": {
        "観測点コード": 1111300,
        "地方整備局等番号": "81",
        "都道府県コード": "04"
      }
    },
    {
      "type": "Feature",
      "geometry": {
        "type": "Point",
        "coordinates": [
          142.99375530000003,
          43.885885060833616
        ]
      },
      "properties": {
        "観測点コード": 1111310,
        "地方整備局等番号": "81",
        "都道府県コード": "04"
      }
    },
    {
      "type": "Feature",
      "geometry": {
        "type": "Point",
        "coordinates": [
          143.272964,
          43.942327040843296
        ]
      },
      "properties": {
        "観測点コード": 1111320,
        "地方整備局等番号": "81",
        "都道府県コード": "08"
      }
    },
    {
      "type": "Feature",
      "geometry": {
        "type": "Point",
        "coordinates": [
          143.417614,
          44.005186040853516
        ]
      },
      "properties": {
        "観測点コード": 1111321,
        "地方整備局等番号": "81",
        "都道府県コード": "08"
      }
    },
    {
      "type": "Feature",
      "geometry": {
        "type": "Point",
        "coordinates": [
          143.450296,
          44.010190040854305
        ]
      },
      "properties": {
        "観測点コード": 1111322,
        "地方整備局等番号": "81",
        "都道府県コード": "08"
      }
    },
    {
      "type": "Feature",
      "geometry": {
        "type": "Point",
        "coordinates": [
          141.3440037,
          42.93896478059976
        ]
      },
      "properties": {
        "観測点コード": 1111330,
        "地方整備局等番号": "81",
        "都道府県コード": "01"
      }
    },
    {
      "type": "Feature",
      "geometry": {
        "type": "Point",
        "coordinates": [
          140.8961254,
          42.559147540468295
        ]
      },
      "properties": {
        "観測点コード": 1111340,
        "地方整備局等番号": "81",
        "都道府県コード": "05"
      }
    },
    {
      "type": "Feature",
      "geometry": {
        "type": "Point",
        "coordinates": [
          141.7190833,
          42.88313893058179
        ]
      },
      "properties": {
        "観測点コード": 1111350,
        "地方整備局等番号": "81",
        "都道府県コード": "01"
      }
    },
    {
      "type": "Feature",
      "geometry": {
        "type": "Point",
        "coordinates": [
          141.717002,
          42.91387104059173
        ]
      },
      "properties": {
        "観測点コード": 1111360,
        "地方整備局等番号": "81",
        "都道府県コード": "01"
      }
    },
    {
      "type": "Feature",
      "geometry": {
        "type": "Point",
        "coordinates": [
          141.635599,
          43.05425404063542
        ]
      },
      "properties": {
        "観測点コード": 1111370,
        "地方整備局等番号": "81",
        "都道府県コード": "01"
      }
    },
    {
      "type": "Feature",
      "geometry": {
        "type": "Point",
        "coordinates": [
          140.7753,
          41.822662040152785
        ]
      },
      "properties": {
        "観測点コード": 1111380,
        "地方整備局等番号": "81",
        "都道府県コード": "02"
      }
    },
    {
      "type": "Feature",
      "geometry": {
        "type": "Point",
        "coordinates": [
          140.800817,
          41.80204204014281
        ]
      },
      "properties": {
        "観測点コード": 1111390,
        "地方整備局等番号": "81",
        "都道府県コード": "02"
      }
    },
    {
      "type": "Feature",
      "geometry": {
        "type": "Point",
        "coordinates": [
          140.573825,
          41.75457904011961
        ]
      },
      "properties": {
        "観測点コード": 1111400,
        "地方整備局等番号": "81",
        "都道府県コード": "02"
      }
    },
    {
      "type": "Feature",
      "geometry": {
        "type": "Point",
        "coordinates": [
          142.36145400000004,
          43.35314804071861
        ]
      },
      "properties": {
        "観測点コード": 1111410,
        "地方整備局等番号": "81",
        "都道府県コード": "04"
      }
    },
    {
      "type": "Feature",
      "geometry": {
        "type": "Point",
        "coordinates": [
          142.381627,
          43.3038010407058
        ]
      },
      "properties": {
        "観測点コード": 1111420,
        "地方整備局等番号": "81",
        "都道府県コード": "04"
      }
    },
    {
      "type": "Feature",
      "geometry": {
        "type": "Point",
        "coordinates": [
          145.517778,
          43.29111104070245
        ]
      },
      "properties": {
        "観測点コード": 1111500,
        "地方整備局等番号": "81",
        "都道府県コード": "06"
      }
    },
    {
      "type": "Feature",
      "geometry": {
        "type": "Point",
        "coordinates": [
          140.797074,
          43.162210040667006
        ]
      },
      "properties": {
        "観測点コード": 1111600,
        "地方整備局等番号": "81",
        "都道府県コード": "03"
      }
    },
    {
      "type": "Feature",
      "geometry": {
        "type": "Point",
        "coordinates": [
          140.682556,
          41.9090560401939
        ]
      },
      "properties": {
        "観測点コード": 1310010,
        "地方整備局等番号": "81",
        "都道府県コード": "02"
      }
    },
    {
      "type": "Feature",
      "geometry": {
        "type": "Point",
        "coordinates": [
          140.622028,
          42.0164720402435
        ]
      },
      "properties": {
        "観測点コード": 1310020,
        "地方整備局等番号": "81",
        "都道府県コード": "02"
      }
    },
    {
      "type": "Feature",
      "geometry": {
        "type": "Point",
        "coordinates": [
          140.326972,
          42.44355604042405
        ]
      },
      "properties": {
        "観測点コード": 1310030,
        "地方整備局等番号": "81",
        "都道府県コード": "02"
      }
    },
    {
      "type": "Feature",
      "geometry": {
        "type": "Point",
        "coordinates": [
          140.666614,
          43.005875040620694
        ]
      },
      "properties": {
        "観測点コード": 1310040,
        "地方整備局等番号": "81",
        "都道府県コード": "03"
      }
    },
    {
      "type": "Feature",
      "geometry": {
        "type": "Point",
        "coordinates": [
          141.1990678,
          43.13178497065829
        ]
      },
      "properties": {
        "観測点コード": 1310050,
        "地方整備局等番号": "81",
        "都道府県コード": "01"
      }
    },
    {
      "type": "Feature",
      "geometry": {
        "type": "Point",
        "coordinates": [
          141.3767481,
          43.06547437063878
        ]
      },
      "properties": {
        "観測点コード": 1310060,
        "地方整備局等番号": "81",
        "都道府県コード": "01"
      }
    },
    {
      "type": "Feature",
      "geometry": {
        "type": "Point",
        "coordinates": [
          141.4108604,
          43.048510140633695
        ]
      },
      "properties": {
        "観測点コード": 1310070,
        "地方整備局等番号": "81",
        "都道府県コード": "01"
      }
    },
    {
      "type": "Feature",
      "geometry": {
        "type": "Point",
        "coordinates": [
          141.4844763,
          43.057749330636454
        ]
      },
      "properties": {
        "観測点コード": 1310080,
        "地方整備局等番号": "81",
        "都道府県コード": "01"
      }
    },
    {
      "type": "Feature",
      "geometry": {
        "type": "Point",
        "coordinates": [
          141.8492997,
          43.294945650703454
        ]
      },
      "properties": {
        "観測点コード": 1310090,
        "地方整備局等番号": "81",
        "都道府県コード": "01"
      }
    },
    {
      "type": "Feature",
      "geometry": {
        "type": "Point",
        "coordinates": [
          141.9200456,
          43.53544778076278
        ]
      },
      "properties": {
        "観測点コード": 1310100,
        "地方整備局等番号": "81",
        "都道府県コード": "01"
      }
    },
    {
      "type": "Feature",
      "geometry": {
        "type": "Point",
        "coordinates": [
          141.9957268,
          43.66238455079058
        ]
      },
      "properties": {
        "観測点コード": 1310110,
        "地方整備局等番号": "81",
        "都道府県コード": "01"
      }
    },
    {
      "type": "Feature",
      "geometry": {
        "type": "Point",
        "coordinates": [
          141.4241588,
          43.0094644106218
        ]
      },
      "properties": {
        "観測点コード": 1310120,
        "地方整備局等番号": "81",
        "都道府県コード": "01"
      }
    },
    {
      "type": "Feature",
      "geometry": {
        "type": "Point",
        "coordinates": [
          141.609931,
          42.85324004057195
        ]
      },
      "properties": {
        "観測点コード": 1310130,
        "地方整備局等番号": "81",
        "都道府県コード": "01"
      }
    },
    {
      "type": "Feature",
      "geometry": {
        "type": "Point",
        "coordinates": [
          141.693651,
          42.79203104055144
        ]
      },
      "properties": {
        "観測点コード": 1310140,
        "地方整備局等番号": "81",
        "都道府県コード": "01"
      }
    },
    {
      "type": "Feature",
      "geometry": {
        "type": "Point",
        "coordinates": [
          141.2489566,
          42.483348820439495
        ]
      },
      "properties": {
        "観測点コード": 1310150,
        "地方整備局等番号": "81",
        "都道府県コード": "05"
      }
    },
    {
      "type": "Feature",
      "geometry": {
        "type": "Point",
        "coordinates": [
          140.964739,
          42.362402460391806
        ]
      },
      "properties": {
        "観測点コード": 1310160,
        "地方整備局等番号": "81",
        "都道府県コード": "05"
      }
    },
    {
      "type": "Feature",
      "geometry": {
        "type": "Point",
        "coordinates": [
          140.9519019,
          42.363565450392265
        ]
      },
      "properties": {
        "観測点コード": 1310170,
        "地方整備局等番号": "81",
        "都道府県コード": "05"
      }
    },
    {
      "type": "Feature",
      "geometry": {
        "type": "Point",
        "coordinates": [
          142.378762,
          43.22376604068423
        ]
      },
      "properties": {
        "観測点コード": 1310180,
        "地方整備局等番号": "81",
        "都道府県コード": "04"
      }
    },
    {
      "type": "Feature",
      "geometry": {
        "type": "Point",
        "coordinates": [
          143.9445233,
          42.89183628058462
        ]
      },
      "properties": {
        "観測点コード": 1310200,
        "地方整備局等番号": "81",
        "都道府県コード": "06"
      }
    },
    {
      "type": "Feature",
      "geometry": {
        "type": "Point",
        "coordinates": [
          144.2786998,
          43.009797840621914
        ]
      },
      "properties": {
        "観測点コード": 1310210,
        "地方整備局等番号": "81",
        "都道府県コード": "06"
      }
    },
    {
      "type": "Feature",
      "geometry": {
        "type": "Point",
        "coordinates": [
          144.2728472,
          43.02229809062573
        ]
      },
      "properties": {
        "観測点コード": 1310220,
        "地方整備局等番号": "81",
        "都道府県コード": "06"
      }
    },
    {
      "type": "Feature",
      "geometry": {
        "type": "Point",
        "coordinates": [
          144.0808788,
          43.85893419082885
        ]
      },
      "properties": {
        "観測点コード": 1310230,
        "地方整備局等番号": "81",
        "都道府県コード": "08"
      }
    },
    {
      "type": "Feature",
      "geometry": {
        "type": "Point",
        "coordinates": [
          144.2315868,
          44.01132969085448
        ]
      },
      "properties": {
        "観測点コード": 1310240,
        "地方整備局等番号": "81",
        "都道府県コード": "08"
      }
    },
    {
      "type": "Feature",
      "geometry": {
        "type": "Point",
        "coordinates": [
          142.395004,
          44.16725904087709
        ]
      },
      "properties": {
        "観測点コード": 1310250,
        "地方整備局等番号": "81",
        "都道府県コード": "04"
      }
    },
    {
      "type": "Feature",
      "geometry": {
        "type": "Point",
        "coordinates": [
          142.392098,
          44.19030204088012
        ]
      },
      "properties": {
        "観測点コード": 1310260,
        "地方整備局等番号": "81",
        "都道府県コード": "04"
      }
    },
    {
      "type": "Feature",
      "geometry": {
        "type": "Point",
        "coordinates": [
          141.930734,
          44.89849804093394
        ]
      },
      "properties": {
        "観測点コード": 1310270,
        "地方整備局等番号": "81",
        "都道府県コード": "09"
      }
    },
    {
      "type": "Feature",
      "geometry": {
        "type": "Point",
        "coordinates": [
          141.772244,
          45.0919210409354
        ]
      },
      "properties": {
        "観測点コード": 1310280,
        "地方整備局等番号": "81",
        "都道府県コード": "10"
      }
    },
    {
      "type": "Feature",
      "geometry": {
        "type": "Point",
        "coordinates": [
          141.728937,
          45.3643680409278
        ]
      },
      "properties": {
        "観測点コード": 1310290,
        "地方整備局等番号": "81",
        "都道府県コード": "10"
      }
    },
    {
      "type": "Feature",
      "geometry": {
        "type": "Point",
        "coordinates": [
          144.8007274,
          43.059450410636984
        ]
      },
      "properties": {
        "観測点コード": 1310300,
        "地方整備局等番号": "81",
        "都道府県コード": "06"
      }
    },
    {
      "type": "Feature",
      "geometry": {
        "type": "Point",
        "coordinates": [
          145.50157790000003,
          43.27550252069827
        ]
      },
      "properties": {
        "観測点コード": 1310310,
        "地方整備局等番号": "81",
        "都道府県コード": "06"
      }
    },
    {
      "type": "Feature",
      "geometry": {
        "type": "Point",
        "coordinates": [
          140.139639,
          41.8940000401868
        ]
      },
      "properties": {
        "観測点コード": 1310320,
        "地方整備局等番号": "81",
        "都道府県コード": "02"
      }
    },
    {
      "type": "Feature",
      "geometry": {
        "type": "Point",
        "coordinates": [
          140.444,
          41.68472204008489
        ]
      },
      "properties": {
        "観測点コード": 1310330,
        "地方整備局等番号": "81",
        "都道府県コード": "02"
      }
    },
    {
      "type": "Feature",
      "geometry": {
        "type": "Point",
        "coordinates": [
          140.646731,
          43.26192904069464
        ]
      },
      "properties": {
        "観測点コード": 1310340,
        "地方整備局等番号": "81",
        "都道府県コード": "03"
      }
    },
    {
      "type": "Feature",
      "geometry": {
        "type": "Point",
        "coordinates": [
          140.5119,
          43.041313040631515
        ]
      },
      "properties": {
        "観測点コード": 1310350,
        "地方整備局等番号": "81",
        "都道府県コード": "03"
      }
    },
    {
      "type": "Feature",
      "geometry": {
        "type": "Point",
        "coordinates": [
          139.981876,
          42.129260570293795
        ]
      },
      "properties": {
        "観測点コード": 1310360,
        "地方整備局等番号": "81",
        "都道府県コード": "02"
      }
    },
    {
      "type": "Feature",
      "geometry": {
        "type": "Point",
        "coordinates": [
          141.3442719,
          43.007483420621185
        ]
      },
      "properties": {
        "観測点コード": 1310370,
        "地方整備局等番号": "81",
        "都道府県コード": "01"
      }
    },
    {
      "type": "Feature",
      "geometry": {
        "type": "Point",
        "coordinates": [
          140.953155,
          42.797316040553234
        ]
      },
      "properties": {
        "観測点コード": 1310380,
        "地方整備局等番号": "81",
        "都道府県コード": "03"
      }
    },
    {
      "type": "Feature",
      "geometry": {
        "type": "Point",
        "coordinates": [
          140.927534,
          42.75911004054018
        ]
      },
      "properties": {
        "観測点コード": 1310390,
        "地方整備局等番号": "81",
        "都道府県コード": "03"
      }
    },
    {
      "type": "Feature",
      "geometry": {
        "type": "Point",
        "coordinates": [
          141.663389,
          44.315812040895196
        ]
      },
      "properties": {
        "観測点コード": 1310420,
        "地方整備局等番号": "81",
        "都道府県コード": "09"
      }
    },
    {
      "type": "Feature",
      "geometry": {
        "type": "Point",
        "coordinates": [
          141.6803745,
          42.68397268051387
        ]
      },
      "properties": {
        "観測点コード": 1310430,
        "地方整備局等番号": "81",
        "都道府県コード": "05"
      }
    },
    {
      "type": "Feature",
      "geometry": {
        "type": "Point",
        "coordinates": [
          142.1783574,
          42.455508520428715
        ]
      },
      "properties": {
        "観測点コード": 1310440,
        "地方整備局等番号": "81",
        "都道府県コード": "05"
      }
    },
    {
      "type": "Feature",
      "geometry": {
        "type": "Point",
        "coordinates": [
          143.1845784,
          42.850468990571045
        ]
      },
      "properties": {
        "観測点コード": 1310450,
        "地方整備局等番号": "81",
        "都道府県コード": "07"
      }
    },
    {
      "type": "Feature",
      "geometry": {
        "type": "Point",
        "coordinates": [
          142.387706,
          43.3597710407203
        ]
      },
      "properties": {
        "観測点コード": 1310460,
        "地方整備局等番号": "81",
        "都道府県コード": "04"
      }
    },
    {
      "type": "Feature",
      "geometry": {
        "type": "Point",
        "coordinates": [
          142.4313468,
          42.87689451057974
        ]
      },
      "properties": {
        "観測点コード": 1310470,
        "地方整備局等番号": "81",
        "都道府県コード": "05"
      }
    },
    {
      "type": "Feature",
      "geometry": {
        "type": "Point",
        "coordinates": [
          143.131573,
          44.469400040910415
        ]
      },
      "properties": {
        "観測点コード": 1310490,
        "地方整備局等番号": "81",
        "都道府県コード": "08"
      }
    },
    {
      "type": "Feature",
      "geometry": {
        "type": "Point",
        "coordinates": [
          142.577793,
          44.9513530409349
        ]
      },
      "properties": {
        "観測点コード": 1310500,
        "地方整備局等番号": "81",
        "都道府県コード": "10"
      }
    },
    {
      "type": "Feature",
      "geometry": {
        "type": "Point",
        "coordinates": [
          144.4077086,
          43.474956340748676
        ]
      },
      "properties": {
        "観測点コード": 1310520,
        "地方整備局等番号": "81",
        "都道府県コード": "06"
      }
    },
    {
      "type": "Feature",
      "geometry": {
        "type": "Point",
        "coordinates": [
          143.778977,
          43.351455040718186
        ]
      },
      "properties": {
        "観測点コード": 1310530,
        "地方整備局等番号": "81",
        "都道府県コード": "07"
      }
    },
    {
      "type": "Feature",
      "geometry": {
        "type": "Point",
        "coordinates": [
          144.1898958,
          43.71241358080086
        ]
      },
      "properties": {
        "観測点コード": 1310540,
        "地方整備局等番号": "81",
        "都道府県コード": "08"
      }
    },
    {
      "type": "Feature",
      "geometry": {
        "type": "Point",
        "coordinates": [
          145.2499867,
          43.23651165068774
        ]
      },
      "properties": {
        "観測点コード": 1310550,
        "地方整備局等番号": "81",
        "都道府県コード": "06"
      }
    },
    {
      "type": "Feature",
      "geometry": {
        "type": "Point",
        "coordinates": [
          145.1213962,
          43.68069492079438
        ]
      },
      "properties": {
        "観測点コード": 1310560,
        "地方整備局等番号": "81",
        "都道府県コード": "06"
      }
    },
    {
      "type": "Feature",
      "geometry": {
        "type": "Point",
        "coordinates": [
          144.8334503,
          43.3613193507207
        ]
      },
      "properties": {
        "観測点コード": 1310570,
        "地方整備局等番号": "81",
        "都道府県コード": "06"
      }
    },
    {
      "type": "Feature",
      "geometry": {
        "type": "Point",
        "coordinates": [
          142.818956,
          43.85535404082818
        ]
      },
      "properties": {
        "観測点コード": 1310580,
        "地方整備局等番号": "81",
        "都道府県コード": "04"
      }
    },
    {
      "type": "Feature",
      "geometry": {
        "type": "Point",
        "coordinates": [
          141.3492984,
          43.101919030649576
        ]
      },
      "properties": {
        "観測点コード": 1310590,
        "地方整備局等番号": "81",
        "都道府県コード": "01"
      }
    },
    {
      "type": "Feature",
      "geometry": {
        "type": "Point",
        "coordinates": [
          141.4801633,
          43.018587890624595
        ]
      },
      "properties": {
        "観測点コード": 1310600,
        "地方整備局等番号": "81",
        "都道府県コード": "01"
      }
    },
    {
      "type": "Feature",
      "geometry": {
        "type": "Point",
        "coordinates": [
          143.671096,
          43.124397040656135
        ]
      },
      "properties": {
        "観測点コード": 1310610,
        "地方整備局等番号": "81",
        "都道府県コード": "07"
      }
    },
    {
      "type": "Feature",
      "geometry": {
        "type": "Point",
        "coordinates": [
          141.40691,
          43.080001040643104
        ]
      },
      "properties": {
        "観測点コード": 1310620,
        "地方整備局等番号": "81",
        "都道府県コード": "01"
      }
    },
    {
      "type": "Feature",
      "geometry": {
        "type": "Point",
        "coordinates": [
          141.5421492,
          43.224602350684464
        ]
      },
      "properties": {
        "観測点コード": 1310630,
        "地方整備局等番号": "81",
        "都道府県コード": "01"
      }
    },
    {
      "type": "Feature",
      "geometry": {
        "type": "Point",
        "coordinates": [
          141.5956308,
          42.664068480506764
        ]
      },
      "properties": {
        "観測点コード": 1310650,
        "地方整備局等番号": "81",
        "都道府県コード": "05"
      }
    },
    {
      "type": "Feature",
      "geometry": {
        "type": "Point",
        "coordinates": [
          143.5657163,
          43.98436947085019
        ]
      },
      "properties": {
        "観測点コード": 1310660,
        "地方整備局等番号": "81",
        "都道府県コード": "08"
      }
    },
    {
      "type": "Feature",
      "geometry": {
        "type": "Point",
        "coordinates": [
          144.7997993,
          43.93417044084193
        ]
      },
      "properties": {
        "観測点コード": 1310670,
        "地方整備局等番号": "81",
        "都道府県コード": "08"
      }
    },
    {
      "type": "Feature",
      "geometry": {
        "type": "Point",
        "coordinates": [
          141.6642755,
          42.84334231056867
        ]
      },
      "properties": {
        "観測点コード": 1310680,
        "地方整備局等番号": "81",
        "都道府県コード": "01"
      }
    },
    {
      "type": "Feature",
      "geometry": {
        "type": "Point",
        "coordinates": [
          144.4594431,
          43.048098520633566
        ]
      },
      "properties": {
        "観測点コード": 1310690,
        "地方整備局等番号": "81",
        "都道府県コード": "06"
      }
    },
    {
      "type": "Feature",
      "geometry": {
        "type": "Point",
        "coordinates": [
          141.34856,
          43.001297040619285
        ]
      },
      "properties": {
        "観測点コード": 1310700,
        "地方整備局等番号": "81",
        "都道府県コード": "01"
      }
    },
    {
      "type": "Feature",
      "geometry": {
        "type": "Point",
        "coordinates": [
          140.1455465,
          37.110573456365614
        ]
      },
      "properties": {
        "観測点コード": 2110010,
        "地方整備局等番号": "82",
        "都道府県コード": ""
      }
    },
    {
      "type": "Feature",
      "geometry": {
        "type": "Point",
        "coordinates": [
          140.3483355,
          37.37338104665072
        ]
      },
      "properties": {
        "観測点コード": 2110017,
        "地方整備局等番号": "82",
        "都道府県コード": ""
      }
    },
    {
      "type": "Feature",
      "geometry": {
        "type": "Point",
        "coordinates": [
          140.3769493,
          37.46431627674753
        ]
      },
      "properties": {
        "観測点コード": 2110019,
        "地方整備局等番号": "82",
        "都道府県コード": ""
      }
    },
    {
      "type": "Feature",
      "geometry": {
        "type": "Point",
        "coordinates": [
          140.4677635,
          37.606841446897334
        ]
      },
      "properties": {
        "観測点コード": 2110021,
        "地方整備局等番号": "82",
        "都道府県コード": ""
      }
    },
    {
      "type": "Feature",
      "geometry": {
        "type": "Point",
        "coordinates": [
          140.4665726,
          37.73677529703182
        ]
      },
      "properties": {
        "観測点コード": 2110030,
        "地方整備局等番号": "82",
        "都道府県コード": ""
      }
    },
    {
      "type": "Feature",
      "geometry": {
        "type": "Point",
        "coordinates": [
          140.4958221,
          37.807813217104496
        ]
      },
      "properties": {
        "観測点コード": 2110040,
        "地方整備局等番号": "82",
        "都道府県コード": ""
      }
    },
    {
      "type": "Feature",
      "geometry": {
        "type": "Point",
        "coordinates": [
          140.5808128,
          37.90701278720498
        ]
      },
      "properties": {
        "観測点コード": 2110050,
        "地方整備局等番号": "82",
        "都道府県コード": ""
      }
    },
    {
      "type": "Feature",
      "geometry": {
        "type": "Point",
        "coordinates": [
          140.6498056,
          38.041138927338956
        ]
      },
      "properties": {
        "観測点コード": 2110055,
        "地方整備局等番号": "82",
        "都道府県コード": ""
      }
    },
    {
      "type": "Feature",
      "geometry": {
        "type": "Point",
        "coordinates": [
          140.8283056,
          38.085083367382396
        ]
      },
      "properties": {
        "観測点コード": 2110060,
        "地方整備局等番号": "82",
        "都道府県コード": ""
      }
    },
    {
      "type": "Feature",
      "geometry": {
        "type": "Point",
        "coordinates": [
          141.92916800000003,
          39.659168038777906
        ]
      },
      "properties": {
        "観測点コード": 2110062,
        "地方整備局等番号": "82",
        "都道府県コード": ""
      }
    },
    {
      "type": "Feature",
      "geometry": {
        "type": "Point",
        "coordinates": [
          141.960134,
          39.73009903883322
        ]
      },
      "properties": {
        "観測点コード": 2110063,
        "地方整備局等番号": "82",
        "都道府県コード": ""
      }
    },
    {
      "type": "Feature",
      "geometry": {
        "type": "Point",
        "coordinates": [
          140.8853611,
          38.15208336744814
        ]
      },
      "properties": {
        "観測点コード": 2110065,
        "地方整備局等番号": "82",
        "都道府県コード": ""
      }
    },
    {
      "type": "Feature",
      "geometry": {
        "type": "Point",
        "coordinates": [
          140.895,
          38.21891670751319
        ]
      },
      "properties": {
        "観測点コード": 2110070,
        "地方整備局等番号": "82",
        "都道府県コード": ""
      }
    },
    {
      "type": "Feature",
      "geometry": {
        "type": "Point",
        "coordinates": [
          140.883811,
          38.340207037629824
        ]
      },
      "properties": {
        "観測点コード": 2110081,
        "地方整備局等番号": "82",
        "都道府県コード": ""
      }
    },
    {
      "type": "Feature",
      "geometry": {
        "type": "Point",
        "coordinates": [
          140.98291900000004,
          38.61000803788275
        ]
      },
      "properties": {
        "観測点コード": 2110090,
        "地方整備局等番号": "82",
        "都道府県コード": ""
      }
    },
    {
      "type": "Feature",
      "geometry": {
        "type": "Point",
        "coordinates": [
          141.085674,
          38.834610038086325
        ]
      },
      "properties": {
        "観測点コード": 2110091,
        "地方整備局等番号": "82",
        "都道府県コード": ""
      }
    },
    {
      "type": "Feature",
      "geometry": {
        "type": "Point",
        "coordinates": [
          141.117432,
          38.930416038171224
        ]
      },
      "properties": {
        "観測点コード": 2110092,
        "地方整備局等番号": "82",
        "都道府県コード": ""
      }
    },
    {
      "type": "Feature",
      "geometry": {
        "type": "Point",
        "coordinates": [
          141.1133766,
          39.003777838235415
        ]
      },
      "properties": {
        "観測点コード": 2110093,
        "地方整備局等番号": "82",
        "都道府県コード": ""
      }
    },
    {
      "type": "Feature",
      "geometry": {
        "type": "Point",
        "coordinates": [
          141.142913,
          39.166645038375485
        ]
      },
      "properties": {
        "観測点コード": 2110095,
        "地方整備局等番号": "82",
        "都道府県コード": ""
      }
    },
    {
      "type": "Feature",
      "geometry": {
        "type": "Point",
        "coordinates": [
          141.15759,
          39.668019038784855
        ]
      },
      "properties": {
        "観測点コード": 2110103,
        "地方整備局等番号": "82",
        "都道府県コード": ""
      }
    },
    {
      "type": "Feature",
      "geometry": {
        "type": "Point",
        "coordinates": [
          141.165401,
          39.70774803881587
        ]
      },
      "properties": {
        "観測点コード": 2110106,
        "地方整備局等番号": "82",
        "都道府県コード": ""
      }
    },
    {
      "type": "Feature",
      "geometry": {
        "type": "Point",
        "coordinates": [
          141.134491,
          39.7581439588549
        ]
      },
      "properties": {
        "観測点コード": 2110110,
        "地方整備局等番号": "82",
        "都道府県コード": ""
      }
    },
    {
      "type": "Feature",
      "geometry": {
        "type": "Point",
        "coordinates": [
          141.2695885,
          40.24861199921695
        ]
      },
      "properties": {
        "観測点コード": 2110120,
        "地方整備局等番号": "82",
        "都道府県コード": ""
      }
    },
    {
      "type": "Feature",
      "geometry": {
        "type": "Point",
        "coordinates": [
          141.2985134,
          40.33516094927743
        ]
      },
      "properties": {
        "観測点コード": 2110121,
        "地方整備局等番号": "82",
        "都道府県コード": ""
      }
    },
    {
      "type": "Feature",
      "geometry": {
        "type": "Point",
        "coordinates": [
          141.26026802,
          40.60805264946136
        ]
      },
      "properties": {
        "観測点コード": 2110129,
        "地方整備局等番号": "82",
        "都道府県コード": ""
      }
    },
    {
      "type": "Feature",
      "geometry": {
        "type": "Point",
        "coordinates": [
          141.19309457,
          40.65608164949267
        ]
      },
      "properties": {
        "観測点コード": 2110130,
        "地方整備局等番号": "82",
        "都道府県コード": ""
      }
    },
    {
      "type": "Feature",
      "geometry": {
        "type": "Point",
        "coordinates": [
          141.17042319,
          40.683721049510524
        ]
      },
      "properties": {
        "観測点コード": 2110132,
        "地方整備局等番号": "82",
        "都道府県コード": ""
      }
    },
    {
      "type": "Feature",
      "geometry": {
        "type": "Point",
        "coordinates": [
          140.86029133,
          40.89753341964514
        ]
      },
      "properties": {
        "観測点コード": 2110140,
        "地方整備局等番号": "82",
        "都道府県コード": ""
      }
    },
    {
      "type": "Feature",
      "geometry": {
        "type": "Point",
        "coordinates": [
          141.2168884,
          39.946858248998055
        ]
      },
      "properties": {
        "観測点コード": 2110143,
        "地方整備局等番号": "82",
        "都道府県コード": ""
      }
    },
    {
      "type": "Feature",
      "geometry": {
        "type": "Point",
        "coordinates": [
          141.12935762,
          40.83532684960663
        ]
      },
      "properties": {
        "観測点コード": 2110144,
        "地方整備局等番号": "82",
        "都道府県コード": ""
      }
    },
    {
      "type": "Feature",
      "geometry": {
        "type": "Point",
        "coordinates": [
          140.7891727,
          36.857960956084185
        ]
      },
      "properties": {
        "観測点コード": 2110150,
        "地方整備局等番号": "82",
        "都道府県コード": ""
      }
    },
    {
      "type": "Feature",
      "geometry": {
        "type": "Point",
        "coordinates": [
          140.8423448,
          36.92281008615712
        ]
      },
      "properties": {
        "観測点コード": 2110160,
        "地方整備局等番号": "82",
        "都道府県コード": ""
      }
    },
    {
      "type": "Feature",
      "geometry": {
        "type": "Point",
        "coordinates": [
          140.911907,
          37.03306503628002
        ]
      },
      "properties": {
        "観測点コード": 2110161,
        "地方整備局等番号": "82",
        "都道府県コード": ""
      }
    },
    {
      "type": "Feature",
      "geometry": {
        "type": "Point",
        "coordinates": [
          140.9974993,
          37.11549536637102
        ]
      },
      "properties": {
        "観測点コード": 2110162,
        "地方整備局等番号": "82",
        "都道府県コード": ""
      }
    },
    {
      "type": "Feature",
      "geometry": {
        "type": "Point",
        "coordinates": [
          141.0086632,
          37.38527750666344
        ]
      },
      "properties": {
        "観測点コード": 2110163,
        "地方整備局等番号": "82",
        "都道府県コード": ""
      }
    },
    {
      "type": "Feature",
      "geometry": {
        "type": "Point",
        "coordinates": [
          140.9856901,
          37.63270112692426
        ]
      },
      "properties": {
        "観測点コード": 2110165,
        "地方整備局等番号": "82",
        "都道府県コード": ""
      }
    },
    {
      "type": "Feature",
      "geometry": {
        "type": "Point",
        "coordinates": [
          140.943249,
          37.81498403711179
        ]
      },
      "properties": {
        "観測点コード": 2110168,
        "地方整備局等番号": "82",
        "都道府県コード": ""
      }
    },
    {
      "type": "Feature",
      "geometry": {
        "type": "Point",
        "coordinates": [
          140.9035528,
          37.89520971719308
        ]
      },
      "properties": {
        "観測点コード": 2110170,
        "地方整備局等番号": "82",
        "都道府県コード": ""
      }
    },
    {
      "type": "Feature",
      "geometry": {
        "type": "Point",
        "coordinates": [
          140.9771016,
          37.094818366348264
        ]
      },
      "properties": {
        "観測点コード": 2110173,
        "地方整備局等番号": "82",
        "都道府県コード": ""
      }
    },
    {
      "type": "Feature",
      "geometry": {
        "type": "Point",
        "coordinates": [
          140.859399,
          38.064732037362305
        ]
      },
      "properties": {
        "観測点コード": 2110180,
        "地方整備局等番号": "82",
        "都道府県コード": ""
      }
    },
    {
      "type": "Feature",
      "geometry": {
        "type": "Point",
        "coordinates": [
          139.8400569,
          38.96127130819829
        ]
      },
      "properties": {
        "観測点コード": 2110191,
        "地方整備局等番号": "82",
        "都道府県コード": ""
      }
    },
    {
      "type": "Feature",
      "geometry": {
        "type": "Point",
        "coordinates": [
          139.83442430000002,
          38.794079918050066
        ]
      },
      "properties": {
        "観測点コード": 2110192,
        "地方整備局等番号": "82",
        "都道府県コード": ""
      }
    },
    {
      "type": "Feature",
      "geometry": {
        "type": "Point",
        "coordinates": [
          139.8346764,
          38.787431758044086
        ]
      },
      "properties": {
        "観測点コード": 2110193,
        "地方整備局等番号": "82",
        "都道府県コード": ""
      }
    },
    {
      "type": "Feature",
      "geometry": {
        "type": "Point",
        "coordinates": [
          139.6478605,
          38.69287924795862
        ]
      },
      "properties": {
        "観測点コード": 2110194,
        "地方整備局等番号": "82",
        "都道府県コード": ""
      }
    },
    {
      "type": "Feature",
      "geometry": {
        "type": "Point",
        "coordinates": [
          139.5797968,
          38.61589808788817
        ]
      },
      "properties": {
        "観測点コード": 2110195,
        "地方整備局等番号": "82",
        "都道府県コード": ""
      }
    },
    {
      "type": "Feature",
      "geometry": {
        "type": "Point",
        "coordinates": [
          139.8486963,
          38.83854814808984
        ]
      },
      "properties": {
        "観測点コード": 2110196,
        "地方整備局等番号": "82",
        "都道府県コード": ""
      }
    },
    {
      "type": "Feature",
      "geometry": {
        "type": "Point",
        "coordinates": [
          139.7594082,
          38.71753625798101
        ]
      },
      "properties": {
        "観測点コード": 2110197,
        "地方整備局等番号": "82",
        "都道府県コード": ""
      }
    },
    {
      "type": "Feature",
      "geometry": {
        "type": "Point",
        "coordinates": [
          139.7565651,
          38.71622198797982
        ]
      },
      "properties": {
        "観測点コード": 2110198,
        "地方整備局等番号": "82",
        "都道府県コード": ""
      }
    },
    {
      "type": "Feature",
      "geometry": {
        "type": "Point",
        "coordinates": [
          140.0681964,
          39.62387474875015
        ]
      },
      "properties": {
        "観測点コード": 2110202,
        "地方整備局等番号": "82",
        "都道府県コード": ""
      }
    },
    {
      "type": "Feature",
      "geometry": {
        "type": "Point",
        "coordinates": [
          139.9362623,
          39.240899018438185
        ]
      },
      "properties": {
        "観測点コード": 2110203,
        "地方整備局等番号": "82",
        "都道府県コード": ""
      }
    },
    {
      "type": "Feature",
      "geometry": {
        "type": "Point",
        "coordinates": [
          139.9747431,
          39.290490888479674
        ]
      },
      "properties": {
        "観測点コード": 2110204,
        "地方整備局等番号": "82",
        "都道府県コード": ""
      }
    },
    {
      "type": "Feature",
      "geometry": {
        "type": "Point",
        "coordinates": [
          139.876447,
          39.11912903833497
        ]
      },
      "properties": {
        "観測点コード": 2110205,
        "地方整備局等番号": "82",
        "都道府県コード": ""
      }
    },
    {
      "type": "Feature",
      "geometry": {
        "type": "Point",
        "coordinates": [
          140.030682,
          39.38953603856155
        ]
      },
      "properties": {
        "観測点コード": 2110208,
        "地方整備局等番号": "82",
        "都道府県コード": ""
      }
    },
    {
      "type": "Feature",
      "geometry": {
        "type": "Point",
        "coordinates": [
          140.0622,
          39.79539903888355
        ]
      },
      "properties": {
        "観測点コード": 2110210,
        "地方整備局等番号": "82",
        "都道府県コード": ""
      }
    },
    {
      "type": "Feature",
      "geometry": {
        "type": "Point",
        "coordinates": [
          140.083211,
          39.718472038824196
        ]
      },
      "properties": {
        "観測点コード": 2110212,
        "地方整備局等番号": "82",
        "都道府県コード": ""
      }
    },
    {
      "type": "Feature",
      "geometry": {
        "type": "Point",
        "coordinates": [
          140.0518185,
          39.52539935867177
        ]
      },
      "properties": {
        "観測点コード": 2110213,
        "地方整備局等番号": "82",
        "都道府県コード": ""
      }
    },
    {
      "type": "Feature",
      "geometry": {
        "type": "Point",
        "coordinates": [
          140.076382,
          39.90494615896667
        ]
      },
      "properties": {
        "観測点コード": 2110214,
        "地方整備局等番号": "82",
        "都道府県コード": ""
      }
    },
    {
      "type": "Feature",
      "geometry": {
        "type": "Point",
        "coordinates": [
          140.067721,
          40.067095039086766
        ]
      },
      "properties": {
        "観測点コード": 2110215,
        "地方整備局等番号": "82",
        "都道府県コード": ""
      }
    },
    {
      "type": "Feature",
      "geometry": {
        "type": "Point",
        "coordinates": [
          140.52780600000003,
          40.268120039230666
        ]
      },
      "properties": {
        "観測点コード": 2110216,
        "地方整備局等番号": "82",
        "都道府県コード": ""
      }
    },
    {
      "type": "Feature",
      "geometry": {
        "type": "Point",
        "coordinates": [
          140.532178,
          40.27305803923414
        ]
      },
      "properties": {
        "観測点コード": 2110217,
        "地方整備局等番号": "82",
        "都道府県コード": ""
      }
    },
    {
      "type": "Feature",
      "geometry": {
        "type": "Point",
        "coordinates": [
          140.036139,
          40.190834039176
        ]
      },
      "properties": {
        "観測点コード": 2110218,
        "地方整備局等番号": "82",
        "都道府県コード": ""
      }
    },
    {
      "type": "Feature",
      "geometry": {
        "type": "Point",
        "coordinates": [
          140.280482,
          40.21531803919339
        ]
      },
      "properties": {
        "観測点コード": 2110219,
        "地方整備局等番号": "82",
        "都道府県コード": ""
      }
    },
    {
      "type": "Feature",
      "geometry": {
        "type": "Point",
        "coordinates": [
          140.039381,
          40.16185503915528
        ]
      },
      "properties": {
        "観測点コード": 2110220,
        "地方整備局等番号": "82",
        "都道府県コード": ""
      }
    },
    {
      "type": "Feature",
      "geometry": {
        "type": "Point",
        "coordinates": [
          140.151831,
          40.20192503918389
        ]
      },
      "properties": {
        "観測点コード": 2110221,
        "地方整備局等番号": "82",
        "都道府県コード": ""
      }
    },
    {
      "type": "Feature",
      "geometry": {
        "type": "Point",
        "coordinates": [
          140.572683,
          40.30719003925799
        ]
      },
      "properties": {
        "観測点コード": 2110222,
        "地方整備局等番号": "82",
        "都道府県コード": ""
      }
    },
    {
      "type": "Feature",
      "geometry": {
        "type": "Point",
        "coordinates": [
          140.489525,
          40.230677039204274
        ]
      },
      "properties": {
        "観測点コード": 2110229,
        "地方整備局等番号": "82",
        "都道府県コード": ""
      }
    },
    {
      "type": "Feature",
      "geometry": {
        "type": "Point",
        "coordinates": [
          140.603544,
          40.3821040393098
        ]
      },
      "properties": {
        "観測点コード": 2110230,
        "地方整備局等番号": "82",
        "都道府県コード": ""
      }
    },
    {
      "type": "Feature",
      "geometry": {
        "type": "Point",
        "coordinates": [
          140.6358415,
          40.461176699363655
        ]
      },
      "properties": {
        "観測点コード": 2110231,
        "地方整備局等番号": "82",
        "都道府県コード": ""
      }
    },
    {
      "type": "Feature",
      "geometry": {
        "type": "Point",
        "coordinates": [
          140.383267,
          40.199024039181815
        ]
      },
      "properties": {
        "観測点コード": 2110232,
        "地方整備局等番号": "82",
        "都道府県コード": ""
      }
    },
    {
      "type": "Feature",
      "geometry": {
        "type": "Point",
        "coordinates": [
          140.52428552,
          40.57123242943714
        ]
      },
      "properties": {
        "観測点コード": 2110234,
        "地方整備局等番号": "82",
        "都道府県コード": ""
      }
    },
    {
      "type": "Feature",
      "geometry": {
        "type": "Point",
        "coordinates": [
          140.49957539,
          40.60269692945784
        ]
      },
      "properties": {
        "観測点コード": 2110235,
        "地方整備局等番号": "82",
        "都道府県コード": ""
      }
    },
    {
      "type": "Feature",
      "geometry": {
        "type": "Point",
        "coordinates": [
          140.50836074,
          40.65753935949361
        ]
      },
      "properties": {
        "観測点コード": 2110240,
        "地方整備局等番号": "82",
        "都道府県コード": ""
      }
    },
    {
      "type": "Feature",
      "geometry": {
        "type": "Point",
        "coordinates": [
          140.66283564,
          40.831625089604316
        ]
      },
      "properties": {
        "観測点コード": 2110249,
        "地方整備局等番号": "82",
        "都道府県コード": ""
      }
    },
    {
      "type": "Feature",
      "geometry": {
        "type": "Point",
        "coordinates": [
          140.59194915,
          40.767838829564255
        ]
      },
      "properties": {
        "観測点コード": 2110250,
        "地方整備局等番号": "82",
        "都道府県コード": ""
      }
    },
    {
      "type": "Feature",
      "geometry": {
        "type": "Point",
        "coordinates": [
          140.7354641,
          40.824380649599796
        ]
      },
      "properties": {
        "観測点コード": 2110251,
        "地方整備局等番号": "82",
        "都道府県コード": ""
      }
    },
    {
      "type": "Feature",
      "geometry": {
        "type": "Point",
        "coordinates": [
          140.69781704,
          40.80222556958593
        ]
      },
      "properties": {
        "観測点コード": 2110252,
        "地方整備局等番号": "82",
        "都道府県コード": ""
      }
    },
    {
      "type": "Feature",
      "geometry": {
        "type": "Point",
        "coordinates": [
          140.81040657,
          40.82364700959935
        ]
      },
      "properties": {
        "観測点コード": 2110253,
        "地方整備局等番号": "82",
        "都道府県コード": ""
      }
    },
    {
      "type": "Feature",
      "geometry": {
        "type": "Point",
        "coordinates": [
          140.73499562,
          40.797368279582884
        ]
      },
      "properties": {
        "観測点コード": 2110255,
        "地方整備局等番号": "82",
        "都道府県コード": ""
      }
    },
    {
      "type": "Feature",
      "geometry": {
        "type": "Point",
        "coordinates": [
          140.74908182,
          40.79545531958167
        ]
      },
      "properties": {
        "観測点コード": 2110256,
        "地方整備局等番号": "82",
        "都道府県コード": ""
      }
    },
    {
      "type": "Feature",
      "geometry": {
        "type": "Point",
        "coordinates": [
          140.42944444,
          40.26361114922749
        ]
      },
      "properties": {
        "観測点コード": 2110258,
        "地方整備局等番号": "82",
        "都道府県コード": ""
      }
    },
    {
      "type": "Feature",
      "geometry": {
        "type": "Point",
        "coordinates": [
          140.4643813,
          37.766077747061864
        ]
      },
      "properties": {
        "観測点コード": 2110260,
        "地方整備局等番号": "82",
        "都道府県コード": ""
      }
    },
    {
      "type": "Feature",
      "geometry": {
        "type": "Point",
        "coordinates": [
          140.2786356,
          37.82286602711981
        ]
      },
      "properties": {
        "観測点コード": 2110270,
        "地方整備局等番号": "82",
        "都道府県コード": ""
      }
    },
    {
      "type": "Feature",
      "geometry": {
        "type": "Point",
        "coordinates": [
          140.1500818,
          37.89655074719443
        ]
      },
      "properties": {
        "観測点コード": 2110271,
        "地方整備局等番号": "82",
        "都道府県コード": ""
      }
    },
    {
      "type": "Feature",
      "geometry": {
        "type": "Point",
        "coordinates": [
          140.13487,
          37.92749748722557
        ]
      },
      "properties": {
        "観測点コード": 2110272,
        "地方整備局等番号": "82",
        "都道府県コード": ""
      }
    },
    {
      "type": "Feature",
      "geometry": {
        "type": "Point",
        "coordinates": [
          140.14494900000003,
          37.99971367729781
        ]
      },
      "properties": {
        "観測点コード": 2110280,
        "地方整備局等番号": "82",
        "都道府県コード": ""
      }
    },
    {
      "type": "Feature",
      "geometry": {
        "type": "Point",
        "coordinates": [
          140.241028,
          38.13022203742675
        ]
      },
      "properties": {
        "観測点コード": 2110290,
        "地方整備局等番号": "82",
        "都道府県コード": ""
      }
    },
    {
      "type": "Feature",
      "geometry": {
        "type": "Point",
        "coordinates": [
          140.3001308,
          38.159814097455694
        ]
      },
      "properties": {
        "観測点コード": 2110291,
        "地方整備局等番号": "82",
        "都道府県コード": ""
      }
    },
    {
      "type": "Feature",
      "geometry": {
        "type": "Point",
        "coordinates": [
          140.207083,
          38.10297203739999
        ]
      },
      "properties": {
        "観測点コード": 2110292,
        "地方整備局等番号": "82",
        "都道府県コード": ""
      }
    },
    {
      "type": "Feature",
      "geometry": {
        "type": "Point",
        "coordinates": [
          140.8648291,
          37.767613677063444
        ]
      },
      "properties": {
        "観測点コード": 2110294,
        "地方整備局等番号": "82",
        "都道府県コード": ""
      }
    },
    {
      "type": "Feature",
      "geometry": {
        "type": "Point",
        "coordinates": [
          140.7090153,
          37.75423885704973
        ]
      },
      "properties": {
        "観測点コード": 2110295,
        "地方整備局等番号": "82",
        "都道府県コード": ""
      }
    },
    {
      "type": "Feature",
      "geometry": {
        "type": "Point",
        "coordinates": [
          140.5958156,
          37.75978319705542
        ]
      },
      "properties": {
        "観測点コード": 2110296,
        "地方整備局等番号": "82",
        "都道府県コード": ""
      }
    },
    {
      "type": "Feature",
      "geometry": {
        "type": "Point",
        "coordinates": [
          140.573819,
          37.78113503707728
        ]
      },
      "properties": {
        "観測点コード": 2110297,
        "地方整備局等番号": "82",
        "都道府県コード": ""
      }
    },
    {
      "type": "Feature",
      "geometry": {
        "type": "Point",
        "coordinates": [
          140.530266,
          37.81669203711354
        ]
      },
      "properties": {
        "観測点コード": 2110298,
        "地方整備局等番号": "82",
        "都道府県コード": ""
      }
    },
    {
      "type": "Feature",
      "geometry": {
        "type": "Point",
        "coordinates": [
          140.49615,
          37.83294203713006
        ]
      },
      "properties": {
        "観測点コード": 2110299,
        "地方整備局等番号": "82",
        "都道府県コード": ""
      }
    },
    {
      "type": "Feature",
      "geometry": {
        "type": "Point",
        "coordinates": [
          140.2279023,
          37.8687824871664
        ]
      },
      "properties": {
        "観測点コード": 2110301,
        "地方整備局等番号": "82",
        "都道府県コード": ""
      }
    },
    {
      "type": "Feature",
      "geometry": {
        "type": "Point",
        "coordinates": [
          140.3671432,
          38.32857829761873
        ]
      },
      "properties": {
        "観測点コード": 2110305,
        "地方整備局等番号": "82",
        "都道府県コード": ""
      }
    },
    {
      "type": "Feature",
      "geometry": {
        "type": "Point",
        "coordinates": [
          140.382831,
          38.48098003776293
        ]
      },
      "properties": {
        "観測点コード": 2110307,
        "地方整備局等番号": "82",
        "都道府県コード": ""
      }
    },
    {
      "type": "Feature",
      "geometry": {
        "type": "Point",
        "coordinates": [
          140.403707,
          38.57581640785121
        ]
      },
      "properties": {
        "観測点コード": 2110310,
        "地方整備局等番号": "82",
        "都道府県コード": ""
      }
    },
    {
      "type": "Feature",
      "geometry": {
        "type": "Point",
        "coordinates": [
          140.3838155,
          38.618265997890354
        ]
      },
      "properties": {
        "観測点コード": 2110312,
        "地方整備局等番号": "82",
        "都道府県コード": ""
      }
    },
    {
      "type": "Feature",
      "geometry": {
        "type": "Point",
        "coordinates": [
          140.3212881,
          38.676631947943804
        ]
      },
      "properties": {
        "観測点コード": 2110313,
        "地方整備局等番号": "82",
        "都道府県コード": ""
      }
    },
    {
      "type": "Feature",
      "geometry": {
        "type": "Point",
        "coordinates": [
          140.308757,
          38.71993903798319
        ]
      },
      "properties": {
        "観測点コード": 2110314,
        "地方整備局等番号": "82",
        "都道府県コード": ""
      }
    },
    {
      "type": "Feature",
      "geometry": {
        "type": "Point",
        "coordinates": [
          140.3206605,
          38.8033716780584
        ]
      },
      "properties": {
        "観測点コード": 2110315,
        "地方整備局等番号": "82",
        "都道府県コード": ""
      }
    },
    {
      "type": "Feature",
      "geometry": {
        "type": "Point",
        "coordinates": [
          140.290833,
          38.74947203800992
        ]
      },
      "properties": {
        "観測点コード": 2110316,
        "地方整備局等番号": "82",
        "都道府県コード": ""
      }
    },
    {
      "type": "Feature",
      "geometry": {
        "type": "Point",
        "coordinates": [
          140.334806,
          38.923639038165255
        ]
      },
      "properties": {
        "観測点コード": 2110317,
        "地方整備局等番号": "82",
        "都道府県コード": ""
      }
    },
    {
      "type": "Feature",
      "geometry": {
        "type": "Point",
        "coordinates": [
          140.3547943,
          38.94673520818555
        ]
      },
      "properties": {
        "観測点コード": 2110318,
        "地方整備局等番号": "82",
        "都道府県コード": ""
      }
    },
    {
      "type": "Feature",
      "geometry": {
        "type": "Point",
        "coordinates": [
          140.4714918,
          39.072178338294655
        ]
      },
      "properties": {
        "観測点コード": 2110319,
        "地方整備局等番号": "82",
        "都道府県コード": ""
      }
    },
    {
      "type": "Feature",
      "geometry": {
        "type": "Point",
        "coordinates": [
          140.486598,
          39.11258080832936
        ]
      },
      "properties": {
        "観測点コード": 2110320,
        "地方整備局等番号": "82",
        "都道府県コード": ""
      }
    },
    {
      "type": "Feature",
      "geometry": {
        "type": "Point",
        "coordinates": [
          140.4959965,
          39.181412318388
        ]
      },
      "properties": {
        "観測点コード": 2110321,
        "地方整備局等番号": "82",
        "都道府県コード": ""
      }
    },
    {
      "type": "Feature",
      "geometry": {
        "type": "Point",
        "coordinates": [
          140.4912436,
          39.1455093483575
        ]
      },
      "properties": {
        "観測点コード": 2110322,
        "地方整備局等番号": "82",
        "都道府県コード": ""
      }
    },
    {
      "type": "Feature",
      "geometry": {
        "type": "Point",
        "coordinates": [
          140.4131154,
          39.046668898272635
        ]
      },
      "properties": {
        "観測点コード": 2110324,
        "地方整備局等番号": "82",
        "都道府県コード": ""
      }
    },
    {
      "type": "Feature",
      "geometry": {
        "type": "Point",
        "coordinates": [
          140.5351192,
          39.249316578445246
        ]
      },
      "properties": {
        "観測点コード": 2110327,
        "地方整備局等番号": "82",
        "都道府県コード": ""
      }
    },
    {
      "type": "Feature",
      "geometry": {
        "type": "Point",
        "coordinates": [
          140.293372,
          38.78089403803823
        ]
      },
      "properties": {
        "観測点コード": 2110328,
        "地方整備局等番号": "82",
        "都道府県コード": ""
      }
    },
    {
      "type": "Feature",
      "geometry": {
        "type": "Point",
        "coordinates": [
          140.4982871,
          39.45464609861468
        ]
      },
      "properties": {
        "観測点コード": 2110335,
        "地方整備局等番号": "82",
        "都道府県コード": ""
      }
    },
    {
      "type": "Feature",
      "geometry": {
        "type": "Point",
        "coordinates": [
          140.3349352,
          39.56556981870389
        ]
      },
      "properties": {
        "観測点コード": 2110337,
        "地方整備局等番号": "82",
        "都道府県コード": ""
      }
    },
    {
      "type": "Feature",
      "geometry": {
        "type": "Point",
        "coordinates": [
          140.165768,
          39.66778703878465
        ]
      },
      "properties": {
        "観測点コード": 2110340,
        "地方整備局等番号": "82",
        "都道府県コード": ""
      }
    },
    {
      "type": "Feature",
      "geometry": {
        "type": "Point",
        "coordinates": [
          140.95175,
          38.27013892756266
        ]
      },
      "properties": {
        "観測点コード": 2110350,
        "地方整備局等番号": "82",
        "都道府県コード": ""
      }
    },
    {
      "type": "Feature",
      "geometry": {
        "type": "Point",
        "coordinates": [
          141.1867778,
          38.425472257710744
        ]
      },
      "properties": {
        "観測点コード": 2110352,
        "地方整備局等番号": "82",
        "都道府県コード": ""
      }
    },
    {
      "type": "Feature",
      "geometry": {
        "type": "Point",
        "coordinates": [
          141.2090556,
          38.43294447771779
        ]
      },
      "properties": {
        "観測点コード": 2110353,
        "地方整備局等番号": "82",
        "都道府県コード": ""
      }
    },
    {
      "type": "Feature",
      "geometry": {
        "type": "Point",
        "coordinates": [
          141.2525833,
          38.442000037726324
        ]
      },
      "properties": {
        "観測点コード": 2110354,
        "地方整備局等番号": "82",
        "都道府県コード": ""
      }
    },
    {
      "type": "Feature",
      "geometry": {
        "type": "Point",
        "coordinates": [
          141.2923889,
          38.48202781776391
        ]
      },
      "properties": {
        "観測点コード": 2110355,
        "地方整備局等番号": "82",
        "都道府県コード": ""
      }
    },
    {
      "type": "Feature",
      "geometry": {
        "type": "Point",
        "coordinates": [
          141.2861944,
          38.50430559778474
        ]
      },
      "properties": {
        "観測点コード": 2110357,
        "地方整備局等番号": "82",
        "都道府県コード": ""
      }
    },
    {
      "type": "Feature",
      "geometry": {
        "type": "Point",
        "coordinates": [
          141.27905560000002,
          38.590638927864894
        ]
      },
      "properties": {
        "観測点コード": 2110358,
        "地方整備局等番号": "82",
        "都道府県コード": ""
      }
    },
    {
      "type": "Feature",
      "geometry": {
        "type": "Point",
        "coordinates": [
          141.2839722,
          38.61066670788337
        ]
      },
      "properties": {
        "観測点コード": 2110359,
        "地方整備局等番号": "82",
        "都道府県コード": ""
      }
    },
    {
      "type": "Feature",
      "geometry": {
        "type": "Point",
        "coordinates": [
          141.2390278,
          38.429333367714385
        ]
      },
      "properties": {
        "観測点コード": 2110360,
        "地方整備局等番号": "82",
        "都道府県コード": ""
      }
    },
    {
      "type": "Feature",
      "geometry": {
        "type": "Point",
        "coordinates": [
          141.55625,
          38.891555598136925
        ]
      },
      "properties": {
        "観測点コード": 2110361,
        "地方整備局等番号": "82",
        "都道府県コード": ""
      }
    },
    {
      "type": "Feature",
      "geometry": {
        "type": "Point",
        "coordinates": [
          141.2831389,
          38.696083367961535
        ]
      },
      "properties": {
        "観測点コード": 2110362,
        "地方整備局等番号": "82",
        "都道府県コード": ""
      }
    },
    {
      "type": "Feature",
      "geometry": {
        "type": "Point",
        "coordinates": [
          141.2745,
          38.456555597740014
        ]
      },
      "properties": {
        "観測点コード": 2110363,
        "地方整備局等番号": "82",
        "都道府県コード": ""
      }
    },
    {
      "type": "Feature",
      "geometry": {
        "type": "Point",
        "coordinates": [
          141.6280556,
          38.95011114818852
        ]
      },
      "properties": {
        "観測点コード": 2110364,
        "地方整備局等番号": "82",
        "都道府県コード": ""
      }
    },
    {
      "type": "Feature",
      "geometry": {
        "type": "Point",
        "coordinates": [
          141.571364,
          38.91955303816165
        ]
      },
      "properties": {
        "観測点コード": 2110365,
        "地方整備局等番号": "82",
        "都道府県コード": ""
      }
    },
    {
      "type": "Feature",
      "geometry": {
        "type": "Point",
        "coordinates": [
          141.3101667,
          38.71113892797521
        ]
      },
      "properties": {
        "観測点コード": 2110366,
        "地方整備局等番号": "82",
        "都道府県コード": ""
      }
    },
    {
      "type": "Feature",
      "geometry": {
        "type": "Point",
        "coordinates": [
          141.6974974,
          39.02656869825523
        ]
      },
      "properties": {
        "観測点コード": 2110367,
        "地方整備局等番号": "82",
        "都道府県コード": ""
      }
    },
    {
      "type": "Feature",
      "geometry": {
        "type": "Point",
        "coordinates": [
          141.3930833,
          38.70219447796709
        ]
      },
      "properties": {
        "観測点コード": 2110368,
        "地方整備局等番号": "82",
        "都道府県コード": ""
      }
    },
    {
      "type": "Feature",
      "geometry": {
        "type": "Point",
        "coordinates": [
          141.7193842,
          39.059216658283475
        ]
      },
      "properties": {
        "観測点コード": 2110370,
        "地方整備局等番号": "82",
        "都道府県コード": ""
      }
    },
    {
      "type": "Feature",
      "geometry": {
        "type": "Point",
        "coordinates": [
          141.7034197,
          39.074077398296275
        ]
      },
      "properties": {
        "観測点コード": 2110371,
        "地方整備局等番号": "82",
        "都道府県コード": ""
      }
    },
    {
      "type": "Feature",
      "geometry": {
        "type": "Point",
        "coordinates": [
          141.7347157,
          39.125195598340156
        ]
      },
      "properties": {
        "観測点コード": 2110372,
        "地方整備局等番号": "82",
        "都道府県コード": ""
      }
    },
    {
      "type": "Feature",
      "geometry": {
        "type": "Point",
        "coordinates": [
          141.7899934,
          39.12205355833746
        ]
      },
      "properties": {
        "観測点コード": 2110373,
        "地方整備局等番号": "82",
        "都道府県コード": ""
      }
    },
    {
      "type": "Feature",
      "geometry": {
        "type": "Point",
        "coordinates": [
          141.6337144,
          39.03121932825926
        ]
      },
      "properties": {
        "観測点コード": 2110374,
        "地方整備局等番号": "82",
        "都道府県コード": ""
      }
    },
    {
      "type": "Feature",
      "geometry": {
        "type": "Point",
        "coordinates": [
          141.8295097,
          39.14893559836042
        ]
      },
      "properties": {
        "観測点コード": 2110379,
        "地方整備局等番号": "82",
        "都道府県コード": ""
      }
    },
    {
      "type": "Feature",
      "geometry": {
        "type": "Point",
        "coordinates": [
          141.8836641,
          39.29661287848477
        ]
      },
      "properties": {
        "観測点コード": 2110380,
        "地方整備局等番号": "82",
        "都道府県コード": ""
      }
    },
    {
      "type": "Feature",
      "geometry": {
        "type": "Point",
        "coordinates": [
          141.4270556,
          38.69052781795646
        ]
      },
      "properties": {
        "観測点コード": 2110381,
        "地方整備局等番号": "82",
        "都道府県コード": ""
      }
    },
    {
      "type": "Feature",
      "geometry": {
        "type": "Point",
        "coordinates": [
          141.4960833,
          38.70547225797006
        ]
      },
      "properties": {
        "観測点コード": 2110382,
        "地方整備局等番号": "82",
        "都道府県コード": ""
      }
    },
    {
      "type": "Feature",
      "geometry": {
        "type": "Point",
        "coordinates": [
          141.8802524,
          39.32251283850628
        ]
      },
      "properties": {
        "観測点コード": 2110383,
        "地方整備局等番号": "82",
        "都道府県コード": ""
      }
    },
    {
      "type": "Feature",
      "geometry": {
        "type": "Point",
        "coordinates": [
          141.5580556,
          38.81825003807172
        ]
      },
      "properties": {
        "観測点コード": 2110384,
        "地方整備局等番号": "82",
        "都道府県コード": ""
      }
    },
    {
      "type": "Feature",
      "geometry": {
        "type": "Point",
        "coordinates": [
          141.940478,
          39.59193303872486
        ]
      },
      "properties": {
        "観測点コード": 2110387,
        "地方整備局等番号": "82",
        "都道府県コード": ""
      }
    },
    {
      "type": "Feature",
      "geometry": {
        "type": "Point",
        "coordinates": [
          141.96138,
          39.8199300389023
        ]
      },
      "properties": {
        "観測点コード": 2110389,
        "地方整備局等番号": "82",
        "都道府県コード": ""
      }
    },
    {
      "type": "Feature",
      "geometry": {
        "type": "Point",
        "coordinates": [
          141.96038,
          39.836270038914755
        ]
      },
      "properties": {
        "観測点コード": 2110392,
        "地方整備局等番号": "82",
        "都道府県コード": ""
      }
    },
    {
      "type": "Feature",
      "geometry": {
        "type": "Point",
        "coordinates": [
          141.94008,
          39.87071503894088
        ]
      },
      "properties": {
        "観測点コード": 2110393,
        "地方整備局等番号": "82",
        "都道府県コード": ""
      }
    },
    {
      "type": "Feature",
      "geometry": {
        "type": "Point",
        "coordinates": [
          141.5685833,
          38.86638892811462
        ]
      },
      "properties": {
        "観測点コード": 2110394,
        "地方整備局等番号": "82",
        "都道府県コード": ""
      }
    },
    {
      "type": "Feature",
      "geometry": {
        "type": "Point",
        "coordinates": [
          141.8457699,
          39.93351162898809
        ]
      },
      "properties": {
        "観測点コード": 2110396,
        "地方整備局等番号": "82",
        "都道府県コード": ""
      }
    },
    {
      "type": "Feature",
      "geometry": {
        "type": "Point",
        "coordinates": [
          141.881411,
          39.9934900390327
        ]
      },
      "properties": {
        "観測点コード": 2110397,
        "地方整備局等番号": "82",
        "都道府県コード": ""
      }
    },
    {
      "type": "Feature",
      "geometry": {
        "type": "Point",
        "coordinates": [
          141.6224,
          39.029891708258106
        ]
      },
      "properties": {
        "観測点コード": 2110401,
        "地方整備局等番号": "82",
        "都道府県コード": ""
      }
    },
    {
      "type": "Feature",
      "geometry": {
        "type": "Point",
        "coordinates": [
          141.7051792,
          40.414361969331864
        ]
      },
      "properties": {
        "観測点コード": 2110402,
        "地方整備局等番号": "82",
        "都道府県コード": ""
      }
    },
    {
      "type": "Feature",
      "geometry": {
        "type": "Point",
        "coordinates": [
          141.8413306,
          39.15806392836817
        ]
      },
      "properties": {
        "観測点コード": 2110403,
        "地方整備局等番号": "82",
        "都道府県コード": ""
      }
    },
    {
      "type": "Feature",
      "geometry": {
        "type": "Point",
        "coordinates": [
          141.53235261,
          40.50576550939362
        ]
      },
      "properties": {
        "観測点コード": 2110404,
        "地方整備局等番号": "82",
        "都道府県コード": ""
      }
    },
    {
      "type": "Feature",
      "geometry": {
        "type": "Point",
        "coordinates": [
          141.46412799,
          40.528900439409064
        ]
      },
      "properties": {
        "観測点コード": 2110405,
        "地方整備局等番号": "82",
        "都道府県コード": ""
      }
    },
    {
      "type": "Feature",
      "geometry": {
        "type": "Point",
        "coordinates": [
          141.5376989,
          40.481786839377534
        ]
      },
      "properties": {
        "観測点コード": 2110407,
        "地方整備局等番号": "82",
        "都道府県コード": ""
      }
    },
    {
      "type": "Feature",
      "geometry": {
        "type": "Point",
        "coordinates": [
          141.43539327,
          40.5637364594322
        ]
      },
      "properties": {
        "観測点コード": 2110408,
        "地方整備局等番号": "82",
        "都道府県コード": ""
      }
    },
    {
      "type": "Feature",
      "geometry": {
        "type": "Point",
        "coordinates": [
          141.8452778,
          39.24333336844022
        ]
      },
      "properties": {
        "観測点コード": 2110409,
        "地方整備局等番号": "82",
        "都道府県コード": ""
      }
    },
    {
      "type": "Feature",
      "geometry": {
        "type": "Point",
        "coordinates": [
          141.58069836,
          40.47949102937599
        ]
      },
      "properties": {
        "観測点コード": 2110410,
        "地方整備局等番号": "82",
        "都道府県コード": ""
      }
    },
    {
      "type": "Feature",
      "geometry": {
        "type": "Point",
        "coordinates": [
          141.324363,
          40.66162803949626
        ]
      },
      "properties": {
        "観測点コード": 2110412,
        "地方整備局等番号": "82",
        "都道府県コード": ""
      }
    },
    {
      "type": "Feature",
      "geometry": {
        "type": "Point",
        "coordinates": [
          141.304575,
          40.675139039505
        ]
      },
      "properties": {
        "観測点コード": 2110413,
        "地方整備局等番号": "82",
        "都道府県コード": ""
      }
    },
    {
      "type": "Feature",
      "geometry": {
        "type": "Point",
        "coordinates": [
          141.0544968,
          39.699724768809624
        ]
      },
      "properties": {
        "観測点コード": 2110414,
        "地方整備局等番号": "82",
        "都道府県コード": ""
      }
    },
    {
      "type": "Feature",
      "geometry": {
        "type": "Point",
        "coordinates": [
          141.008749,
          39.69160156880328
        ]
      },
      "properties": {
        "観測点コード": 2110415,
        "地方整備局等番号": "82",
        "都道府県コード": ""
      }
    },
    {
      "type": "Feature",
      "geometry": {
        "type": "Point",
        "coordinates": [
          140.8836508,
          39.70020353880998
        ]
      },
      "properties": {
        "観測点コード": 2110416,
        "地方整備局等番号": "82",
        "都道府県コード": ""
      }
    },
    {
      "type": "Feature",
      "geometry": {
        "type": "Point",
        "coordinates": [
          141.474002,
          40.47147403937059
        ]
      },
      "properties": {
        "観測点コード": 2110417,
        "地方整備局等番号": "82",
        "都道府県コード": ""
      }
    },
    {
      "type": "Feature",
      "geometry": {
        "type": "Point",
        "coordinates": [
          141.8394444,
          39.260555598454665
        ]
      },
      "properties": {
        "観測点コード": 2110418,
        "地方整備局等番号": "82",
        "都道府県コード": ""
      }
    },
    {
      "type": "Feature",
      "geometry": {
        "type": "Point",
        "coordinates": [
          141.8633333,
          39.288333368477865
        ]
      },
      "properties": {
        "観測点コード": 2110419,
        "地方整備局等番号": "82",
        "都道府県コード": ""
      }
    },
    {
      "type": "Feature",
      "geometry": {
        "type": "Point",
        "coordinates": [
          141.9044444,
          39.366111148542295
        ]
      },
      "properties": {
        "観測点コード": 2110421,
        "地方整備局等番号": "82",
        "都道府県コード": ""
      }
    },
    {
      "type": "Feature",
      "geometry": {
        "type": "Point",
        "coordinates": [
          141.8911806,
          39.36731670854329
        ]
      },
      "properties": {
        "観測点コード": 2110422,
        "地方整備局等番号": "82",
        "都道府県コード": ""
      }
    },
    {
      "type": "Feature",
      "geometry": {
        "type": "Point",
        "coordinates": [
          141.7800234,
          40.22921103920324
        ]
      },
      "properties": {
        "観測点コード": 2110423,
        "地方整備局等番号": "82",
        "都道府県コード": ""
      }
    },
    {
      "type": "Feature",
      "geometry": {
        "type": "Point",
        "coordinates": [
          140.551915,
          39.601276038732266
        ]
      },
      "properties": {
        "観測点コード": 2110424,
        "地方整備局等番号": "82",
        "都道府県コード": ""
      }
    },
    {
      "type": "Feature",
      "geometry": {
        "type": "Point",
        "coordinates": [
          140.787123,
          38.73322403799523
        ]
      },
      "properties": {
        "観測点コード": 2110428,
        "地方整備局等番号": "82",
        "都道府県コード": ""
      }
    },
    {
      "type": "Feature",
      "geometry": {
        "type": "Point",
        "coordinates": [
          140.598389,
          38.73755603799914
        ]
      },
      "properties": {
        "観測点コード": 2110432,
        "地方整備局等番号": "82",
        "都道府県コード": ""
      }
    },
    {
      "type": "Feature",
      "geometry": {
        "type": "Point",
        "coordinates": [
          140.2831578,
          38.74138978800262
        ]
      },
      "properties": {
        "観測点コード": 2110435,
        "地方整備局等番号": "82",
        "都道府県コード": ""
      }
    },
    {
      "type": "Feature",
      "geometry": {
        "type": "Point",
        "coordinates": [
          140.259722,
          38.74416703800512
        ]
      },
      "properties": {
        "観測点コード": 2110436,
        "地方整備局等番号": "82",
        "都道府県コード": ""
      }
    },
    {
      "type": "Feature",
      "geometry": {
        "type": "Point",
        "coordinates": [
          140.168833,
          38.73663903799832
        ]
      },
      "properties": {
        "観測点コード": 2110437,
        "地方整備局等番号": "82",
        "都道府県コード": ""
      }
    },
    {
      "type": "Feature",
      "geometry": {
        "type": "Point",
        "coordinates": [
          140.2326227,
          38.745210838006074
        ]
      },
      "properties": {
        "観測点コード": 2110438,
        "地方整備局等番号": "82",
        "都道府県コード": ""
      }
    },
    {
      "type": "Feature",
      "geometry": {
        "type": "Point",
        "coordinates": [
          140.0267226,
          38.78155241803881
        ]
      },
      "properties": {
        "観測点コード": 2110440,
        "地方整備局等番号": "82",
        "都道府県コード": ""
      }
    },
    {
      "type": "Feature",
      "geometry": {
        "type": "Point",
        "coordinates": [
          140.79343300000002,
          38.26502503755774
        ]
      },
      "properties": {
        "観測点コード": 2110445,
        "地方整備局等番号": "82",
        "都道府県コード": ""
      }
    },
    {
      "type": "Feature",
      "geometry": {
        "type": "Point",
        "coordinates": [
          140.5672252,
          38.391999797679084
        ]
      },
      "properties": {
        "観測点コード": 2110450,
        "地方整備局等番号": "82",
        "都道府県コード": ""
      }
    },
    {
      "type": "Feature",
      "geometry": {
        "type": "Point",
        "coordinates": [
          139.8869442,
          38.877650438124604
        ]
      },
      "properties": {
        "観測点コード": 2110451,
        "地方整備局等番号": "82",
        "都道府県コード": ""
      }
    },
    {
      "type": "Feature",
      "geometry": {
        "type": "Point",
        "coordinates": [
          139.8723154,
          38.901543148145755
        ]
      },
      "properties": {
        "観測点コード": 2110452,
        "地方整備局等番号": "82",
        "都道府県コード": ""
      }
    },
    {
      "type": "Feature",
      "geometry": {
        "type": "Point",
        "coordinates": [
          139.8668909,
          38.90368057814766
        ]
      },
      "properties": {
        "観測点コード": 2110453,
        "地方整備局等番号": "82",
        "都道府県コード": ""
      }
    },
    {
      "type": "Feature",
      "geometry": {
        "type": "Point",
        "coordinates": [
          139.886117,
          38.87364379812106
        ]
      },
      "properties": {
        "観測点コード": 2110454,
        "地方整備局等番号": "82",
        "都道府県コード": ""
      }
    },
    {
      "type": "Feature",
      "geometry": {
        "type": "Point",
        "coordinates": [
          140.8516252,
          37.062925546313075
        ]
      },
      "properties": {
        "観測点コード": 2110455,
        "地方整備局等番号": "82",
        "都道府県コード": ""
      }
    },
    {
      "type": "Feature",
      "geometry": {
        "type": "Point",
        "coordinates": [
          139.8908657,
          38.85157810810144
        ]
      },
      "properties": {
        "観測点コード": 2110456,
        "地方整備局等番号": "82",
        "都道府県コード": ""
      }
    },
    {
      "type": "Feature",
      "geometry": {
        "type": "Point",
        "coordinates": [
          139.9098858,
          38.831843418083864
        ]
      },
      "properties": {
        "観測点コード": 2110457,
        "地方整備局等番号": "82",
        "都道府県コード": ""
      }
    },
    {
      "type": "Feature",
      "geometry": {
        "type": "Point",
        "coordinates": [
          140.7641667,
          37.11000003636498
        ]
      },
      "properties": {
        "観測点コード": 2110460,
        "地方整備局等番号": "82",
        "都道府県コード": ""
      }
    },
    {
      "type": "Feature",
      "geometry": {
        "type": "Point",
        "coordinates": [
          140.4823494,
          37.31106211658384
        ]
      },
      "properties": {
        "観測点コード": 2110464,
        "地方整備局等番号": "82",
        "都道府県コード": ""
      }
    },
    {
      "type": "Feature",
      "geometry": {
        "type": "Point",
        "coordinates": [
          140.406585,
          37.33970064661463
        ]
      },
      "properties": {
        "観測点コード": 2110465,
        "地方整備局等番号": "82",
        "都道府県コード": ""
      }
    },
    {
      "type": "Feature",
      "geometry": {
        "type": "Point",
        "coordinates": [
          140.2463901,
          37.49456687677952
        ]
      },
      "properties": {
        "観測点コード": 2110470,
        "地方整備局等番号": "82",
        "都道府県コード": ""
      }
    },
    {
      "type": "Feature",
      "geometry": {
        "type": "Point",
        "coordinates": [
          139.5936209,
          37.65080306694305
        ]
      },
      "properties": {
        "観測点コード": 2110472,
        "地方整備局等番号": "82",
        "都道府県コード": ""
      }
    },
    {
      "type": "Feature",
      "geometry": {
        "type": "Point",
        "coordinates": [
          139.9683643,
          37.548570346836364
        ]
      },
      "properties": {
        "観測点コード": 2110473,
        "地方整備局等番号": "82",
        "都道府県コード": ""
      }
    },
    {
      "type": "Feature",
      "geometry": {
        "type": "Point",
        "coordinates": [
          139.8550022,
          37.55735328684558
        ]
      },
      "properties": {
        "観測点コード": 2110474,
        "地方整備局等番号": "82",
        "都道府県コード": ""
      }
    },
    {
      "type": "Feature",
      "geometry": {
        "type": "Point",
        "coordinates": [
          141.42701414,
          40.48458321937942
        ]
      },
      "properties": {
        "観測点コード": 2110477,
        "地方整備局等番号": "82",
        "都道府県コード": ""
      }
    },
    {
      "type": "Feature",
      "geometry": {
        "type": "Point",
        "coordinates": [
          141.156619,
          38.52642903780538
        ]
      },
      "properties": {
        "観測点コード": 2110478,
        "地方整備局等番号": "82",
        "都道府県コード": ""
      }
    },
    {
      "type": "Feature",
      "geometry": {
        "type": "Point",
        "coordinates": [
          141.069142,
          38.556163037833
        ]
      },
      "properties": {
        "観測点コード": 2110479,
        "地方整備局等番号": "82",
        "都道府県コード": ""
      }
    },
    {
      "type": "Feature",
      "geometry": {
        "type": "Point",
        "coordinates": [
          140.982089,
          38.570337037846144
        ]
      },
      "properties": {
        "観測点コード": 2110480,
        "地方整備局等番号": "82",
        "都道府県コード": ""
      }
    },
    {
      "type": "Feature",
      "geometry": {
        "type": "Point",
        "coordinates": [
          140.3899339,
          39.036923848264195
        ]
      },
      "properties": {
        "観測点コード": 2110481,
        "地方整備局等番号": "82",
        "都道府県コード": ""
      }
    },
    {
      "type": "Feature",
      "geometry": {
        "type": "Point",
        "coordinates": [
          140.5656534,
          39.363397818540065
        ]
      },
      "properties": {
        "観測点コード": 2110482,
        "地方整備局等番号": "82",
        "都道府県コード": ""
      }
    },
    {
      "type": "Feature",
      "geometry": {
        "type": "Point",
        "coordinates": [
          140.2816558,
          38.33956088762922
        ]
      },
      "properties": {
        "観測点コード": 2110485,
        "地方整備局等番号": "82",
        "都道府県コード": ""
      }
    },
    {
      "type": "Feature",
      "geometry": {
        "type": "Point",
        "coordinates": [
          140.032103,
          38.4566470377401
        ]
      },
      "properties": {
        "観測点コード": 2110488,
        "地方整備局等番号": "82",
        "都道府県コード": ""
      }
    },
    {
      "type": "Feature",
      "geometry": {
        "type": "Point",
        "coordinates": [
          139.9398136,
          38.58079848785582
        ]
      },
      "properties": {
        "観測点コード": 2110491,
        "地方整備局等番号": "82",
        "都道府県コード": ""
      }
    },
    {
      "type": "Feature",
      "geometry": {
        "type": "Point",
        "coordinates": [
          139.7837305,
          38.046173177343945
        ]
      },
      "properties": {
        "観測点コード": 2110500,
        "地方整備局等番号": "82",
        "都道府県コード": ""
      }
    },
    {
      "type": "Feature",
      "geometry": {
        "type": "Point",
        "coordinates": [
          139.72116,
          38.0753590373728
        ]
      },
      "properties": {
        "観測点コード": 2110501,
        "地方整備局等番号": "82",
        "都道府県コード": ""
      }
    },
    {
      "type": "Feature",
      "geometry": {
        "type": "Point",
        "coordinates": [
          140.051715,
          38.04606303734383
        ]
      },
      "properties": {
        "観測点コード": 2110502,
        "地方整備局等番号": "82",
        "都道府県コード": ""
      }
    },
    {
      "type": "Feature",
      "geometry": {
        "type": "Point",
        "coordinates": [
          140.064483,
          38.044627037342416
        ]
      },
      "properties": {
        "観測点コード": 2110503,
        "地方整備局等番号": "82",
        "都道府県コード": ""
      }
    },
    {
      "type": "Feature",
      "geometry": {
        "type": "Point",
        "coordinates": [
          140.1366019,
          38.04518462734297
        ]
      },
      "properties": {
        "観測点コード": 2110504,
        "地方整備局等番号": "82",
        "都道府県コード": ""
      }
    },
    {
      "type": "Feature",
      "geometry": {
        "type": "Point",
        "coordinates": [
          140.1668358,
          38.02769263732563
        ]
      },
      "properties": {
        "観測点コード": 2110510,
        "地方整備局等番号": "82",
        "都道府県コード": ""
      }
    },
    {
      "type": "Feature",
      "geometry": {
        "type": "Point",
        "coordinates": [
          141.77938700000004,
          39.25195903844747
        ]
      },
      "properties": {
        "観測点コード": 2110519,
        "地方整備局等番号": "82",
        "都道府県コード": ""
      }
    },
    {
      "type": "Feature",
      "geometry": {
        "type": "Point",
        "coordinates": [
          141.7423439,
          39.24514978844176
        ]
      },
      "properties": {
        "観測点コード": 2110520,
        "地方整備局等番号": "82",
        "都道府県コード": ""
      }
    },
    {
      "type": "Feature",
      "geometry": {
        "type": "Point",
        "coordinates": [
          141.63560000000004,
          39.246448038442836
        ]
      },
      "properties": {
        "観測点コード": 2110521,
        "地方整備局等番号": "82",
        "都道府県コード": ""
      }
    },
    {
      "type": "Feature",
      "geometry": {
        "type": "Point",
        "coordinates": [
          141.5516694,
          39.283375038473736
        ]
      },
      "properties": {
        "観測点コード": 2110542,
        "地方整備局等番号": "82",
        "都道府県コード": ""
      }
    },
    {
      "type": "Feature",
      "geometry": {
        "type": "Point",
        "coordinates": [
          141.5025278,
          38.75991670801934
        ]
      },
      "properties": {
        "観測点コード": 2110552,
        "地方整備局等番号": "82",
        "都道府県コード": ""
      }
    },
    {
      "type": "Feature",
      "geometry": {
        "type": "Point",
        "coordinates": [
          141.54275,
          38.80716670806179
        ]
      },
      "properties": {
        "観測点コード": 2110553,
        "地方整備局等番号": "82",
        "都道府県コード": ""
      }
    },
    {
      "type": "Feature",
      "geometry": {
        "type": "Point",
        "coordinates": [
          141.6241944,
          38.96347225820022
        ]
      },
      "properties": {
        "観測点コード": 2110554,
        "地方整備局等番号": "82",
        "都道府県コード": ""
      }
    },
    {
      "type": "Feature",
      "geometry": {
        "type": "Point",
        "coordinates": [
          141.865,
          39.21138892841335
        ]
      },
      "properties": {
        "観測点コード": 2110555,
        "地方整備局等番号": "82",
        "都道府県コード": ""
      }
    },
    {
      "type": "Feature",
      "geometry": {
        "type": "Point",
        "coordinates": [
          141.5846444,
          38.8781944781251
        ]
      },
      "properties": {
        "観測点コード": 2110556,
        "地方整備局等番号": "82",
        "都道府県コード": ""
      }
    },
    {
      "type": "Feature",
      "geometry": {
        "type": "Point",
        "coordinates": [
          141.5180556,
          38.789722258046154
        ]
      },
      "properties": {
        "観測点コード": 2110557,
        "地方整備局等番号": "82",
        "都道府県コード": ""
      }
    },
    {
      "type": "Feature",
      "geometry": {
        "type": "Point",
        "coordinates": [
          141.585833,
          38.88277803812915
        ]
      },
      "properties": {
        "観測点コード": 2110558,
        "地方整備局等番号": "82",
        "都道府県コード": ""
      }
    },
    {
      "type": "Feature",
      "geometry": {
        "type": "Point",
        "coordinates": [
          141.6025,
          38.925278038166695
        ]
      },
      "properties": {
        "観測点コード": 2110559,
        "地方整備局等番号": "82",
        "都道府県コード": ""
      }
    },
    {
      "type": "Feature",
      "geometry": {
        "type": "Point",
        "coordinates": [
          141.595,
          38.89750003814219
        ]
      },
      "properties": {
        "観測点コード": 2110560,
        "地方整備局等番号": "82",
        "都道府県コード": ""
      }
    },
    {
      "type": "Feature",
      "geometry": {
        "type": "Point",
        "coordinates": [
          141.591944,
          38.91750003815984
        ]
      },
      "properties": {
        "観測点コード": 2110561,
        "地方整備局等番号": "82",
        "都道府県コード": ""
      }
    },
    {
      "type": "Feature",
      "geometry": {
        "type": "Point",
        "coordinates": [
          141.767278,
          40.1607780391545
        ]
      },
      "properties": {
        "観測点コード": 2110604,
        "地方整備局等番号": "82",
        "都道府県コード": ""
      }
    },
    {
      "type": "Feature",
      "geometry": {
        "type": "Point",
        "coordinates": [
          141.20798154,
          40.733783919542624
        ]
      },
      "properties": {
        "観測点コード": 2112104,
        "地方整備局等番号": "82",
        "都道府県コード": ""
      }
    },
    {
      "type": "Feature",
      "geometry": {
        "type": "Point",
        "coordinates": [
          140.54906872,
          40.75045198955322
        ]
      },
      "properties": {
        "観測点コード": 2120001,
        "地方整備局等番号": "82",
        "都道府県コード": ""
      }
    },
    {
      "type": "Feature",
      "geometry": {
        "type": "Point",
        "coordinates": [
          140.48972552,
          40.79249892957982
        ]
      },
      "properties": {
        "観測点コード": 2120005,
        "地方整備局等番号": "82",
        "都道府県コード": ""
      }
    },
    {
      "type": "Feature",
      "geometry": {
        "type": "Point",
        "coordinates": [
          140.47707546,
          40.81212879959214
        ]
      },
      "properties": {
        "観測点コード": 2120010,
        "地方整備局等番号": "82",
        "都道府県コード": ""
      }
    },
    {
      "type": "Feature",
      "geometry": {
        "type": "Point",
        "coordinates": [
          140.4413,
          40.82729603960163
        ]
      },
      "properties": {
        "観測点コード": 2120015,
        "地方整備局等番号": "82",
        "都道府県コード": ""
      }
    },
    {
      "type": "Feature",
      "geometry": {
        "type": "Point",
        "coordinates": [
          140.261545,
          40.78380703957434
        ]
      },
      "properties": {
        "観測点コード": 2120020,
        "地方整備局等番号": "82",
        "都道府県コード": ""
      }
    },
    {
      "type": "Feature",
      "geometry": {
        "type": "Point",
        "coordinates": [
          140.09793,
          39.70615403881462
        ]
      },
      "properties": {
        "観測点コード": 2310200,
        "地方整備局等番号": "82",
        "都道府県コード": ""
      }
    },
    {
      "type": "Feature",
      "geometry": {
        "type": "Point",
        "coordinates": [
          141.24477593,
          40.70834700952637
        ]
      },
      "properties": {
        "観測点コード": 2312101,
        "地方整備局等番号": "82",
        "都道府県コード": ""
      }
    },
    {
      "type": "Feature",
      "geometry": {
        "type": "Point",
        "coordinates": [
          141.22804347,
          40.725233449537164
        ]
      },
      "properties": {
        "観測点コード": 2312102,
        "地方整備局等番号": "82",
        "都道府県コード": ""
      }
    },
    {
      "type": "Feature",
      "geometry": {
        "type": "Point",
        "coordinates": [
          140.7514008,
          37.77535545707135
        ]
      },
      "properties": {
        "観測点コード": 2312103,
        "地方整備局等番号": "82",
        "都道府県コード": ""
      }
    },
    {
      "type": "Feature",
      "geometry": {
        "type": "Point",
        "coordinates": [
          139.7049058,
          35.58550262456253
        ]
      },
      "properties": {
        "観測点コード": 3110010,
        "地方整備局等番号": "83",
        "都道府県コード": ""
      }
    },
    {
      "type": "Feature",
      "geometry": {
        "type": "Point",
        "coordinates": [
          139.509906,
          35.37938903430058
        ]
      },
      "properties": {
        "観測点コード": 3110020,
        "地方整備局等番号": "83",
        "都道府県コード": ""
      }
    },
    {
      "type": "Feature",
      "geometry": {
        "type": "Point",
        "coordinates": [
          139.30775,
          35.30798103420886
        ]
      },
      "properties": {
        "観測点コード": 3110030,
        "地方整備局等番号": "83",
        "都道府県コード": ""
      }
    },
    {
      "type": "Feature",
      "geometry": {
        "type": "Point",
        "coordinates": [
          139.123519,
          35.24085503412222
        ]
      },
      "properties": {
        "観測点コード": 3110040,
        "地方整備局等番号": "83",
        "都道府県コード": ""
      }
    },
    {
      "type": "Feature",
      "geometry": {
        "type": "Point",
        "coordinates": [
          139.8048878,
          36.238458295364495
        ]
      },
      "properties": {
        "観測点コード": 3110050,
        "地方整備局等番号": "83",
        "都道府県コード": ""
      }
    },
    {
      "type": "Feature",
      "geometry": {
        "type": "Point",
        "coordinates": [
          139.9177551,
          36.51217142568756
        ]
      },
      "properties": {
        "観測点コード": 3110060,
        "地方整備局等番号": "83",
        "都道府県コード": ""
      }
    },
    {
      "type": "Feature",
      "geometry": {
        "type": "Point",
        "coordinates": [
          139.9495983,
          36.833366956056416
        ]
      },
      "properties": {
        "観測点コード": 3110070,
        "地方整備局等番号": "83",
        "都道府県コード": ""
      }
    },
    {
      "type": "Feature",
      "geometry": {
        "type": "Point",
        "coordinates": [
          139.7863913,
          36.29676104543397
        ]
      },
      "properties": {
        "観測点コード": 3110080,
        "地方整備局等番号": "83",
        "都道府県コード": ""
      }
    },
    {
      "type": "Feature",
      "geometry": {
        "type": "Point",
        "coordinates": [
          139.8798609,
          36.52417383570154
        ]
      },
      "properties": {
        "観測点コード": 3110090,
        "地方整備局等番号": "83",
        "都道府県コード": ""
      }
    },
    {
      "type": "Feature",
      "geometry": {
        "type": "Point",
        "coordinates": [
          139.9295837,
          36.58529299577252
        ]
      },
      "properties": {
        "観測点コード": 3110100,
        "地方整備局等番号": "83",
        "都道府県コード": ""
      }
    },
    {
      "type": "Feature",
      "geometry": {
        "type": "Point",
        "coordinates": [
          140.15926790000003,
          36.019401995100274
        ]
      },
      "properties": {
        "観測点コード": 3110110,
        "地方整備局等番号": "83",
        "都道府県コード": ""
      }
    },
    {
      "type": "Feature",
      "geometry": {
        "type": "Point",
        "coordinates": [
          140.4228446,
          36.297327425434645
        ]
      },
      "properties": {
        "観測点コード": 3110120,
        "地方整備局等番号": "83",
        "都道府県コード": ""
      }
    },
    {
      "type": "Feature",
      "geometry": {
        "type": "Point",
        "coordinates": [
          139.8786539,
          35.70274880470968
        ]
      },
      "properties": {
        "観測点コード": 3110140,
        "地方整備局等番号": "83",
        "都道府県コード": ""
      }
    },
    {
      "type": "Feature",
      "geometry": {
        "type": "Point",
        "coordinates": [
          140.0975838,
          35.61902656460475
        ]
      },
      "properties": {
        "観測点コード": 3110150,
        "地方整備局等番号": "83",
        "都道府県コード": ""
      }
    },
    {
      "type": "Feature",
      "geometry": {
        "type": "Point",
        "coordinates": [
          139.7273263,
          35.56474703453633
        ]
      },
      "properties": {
        "観測点コード": 3110160,
        "地方整備局等番号": "83",
        "都道府県コード": ""
      }
    },
    {
      "type": "Feature",
      "geometry": {
        "type": "Point",
        "coordinates": [
          139.70328,
          35.52794003448978
        ]
      },
      "properties": {
        "観測点コード": 3110170,
        "地方整備局等番号": "83",
        "都道府県コード": ""
      }
    },
    {
      "type": "Feature",
      "geometry": {
        "type": "Point",
        "coordinates": [
          139.638693,
          35.47903203442772
        ]
      },
      "properties": {
        "観測点コード": 3110180,
        "地方整備局等番号": "83",
        "都道府県コード": ""
      }
    },
    {
      "type": "Feature",
      "geometry": {
        "type": "Point",
        "coordinates": [
          139.685375,
          35.26731403415642
        ]
      },
      "properties": {
        "観測点コード": 3110190,
        "地方整備局等番号": "83",
        "都道府県コード": ""
      }
    },
    {
      "type": "Feature",
      "geometry": {
        "type": "Point",
        "coordinates": [
          139.629686,
          35.36071103427663
        ]
      },
      "properties": {
        "観測点コード": 3110200,
        "地方整備局等番号": "83",
        "都道府県コード": ""
      }
    },
    {
      "type": "Feature",
      "geometry": {
        "type": "Point",
        "coordinates": [
          139.3426681,
          35.58894027456686
        ]
      },
      "properties": {
        "観測点コード": 3110220,
        "地方整備局等番号": "83",
        "都道府県コード": ""
      }
    },
    {
      "type": "Feature",
      "geometry": {
        "type": "Point",
        "coordinates": [
          139.527129,
          35.483485034433386
        ]
      },
      "properties": {
        "観測点コード": 3110230,
        "地方整備局等番号": "83",
        "都道府県コード": ""
      }
    },
    {
      "type": "Feature",
      "geometry": {
        "type": "Point",
        "coordinates": [
          139.3800849,
          35.83073572486877
        ]
      },
      "properties": {
        "観測点コード": 3110240,
        "地方整備局等番号": "83",
        "都道府県コード": ""
      }
    },
    {
      "type": "Feature",
      "geometry": {
        "type": "Point",
        "coordinates": [
          140.1198261,
          35.707798574715994
        ]
      },
      "properties": {
        "観測点コード": 3110250,
        "地方整備局等番号": "83",
        "都道府県コード": ""
      }
    },
    {
      "type": "Feature",
      "geometry": {
        "type": "Point",
        "coordinates": [
          140.0927666,
          35.53057826449313
        ]
      },
      "properties": {
        "観測点コード": 3110260,
        "地方整備局等番号": "83",
        "都道府県コード": ""
      }
    },
    {
      "type": "Feature",
      "geometry": {
        "type": "Point",
        "coordinates": [
          139.6854329,
          35.79240130482129
        ]
      },
      "properties": {
        "観測点コード": 3110270,
        "地方整備局等番号": "83",
        "都道府県コード": ""
      }
    },
    {
      "type": "Feature",
      "geometry": {
        "type": "Point",
        "coordinates": [
          139.6481824,
          35.803056924834515
        ]
      },
      "properties": {
        "観測点コード": 3110280,
        "地方整備局等番号": "83",
        "都道府県コード": ""
      }
    },
    {
      "type": "Feature",
      "geometry": {
        "type": "Point",
        "coordinates": [
          139.4990623,
          36.07243401516468
        ]
      },
      "properties": {
        "観測点コード": 3110290,
        "地方整備局等番号": "83",
        "都道府県コード": ""
      }
    },
    {
      "type": "Feature",
      "geometry": {
        "type": "Point",
        "coordinates": [
          139.3083894,
          36.18854634530473
        ]
      },
      "properties": {
        "観測点コード": 3110300,
        "地方整備局等番号": "83",
        "都道府県コード": ""
      }
    },
    {
      "type": "Feature",
      "geometry": {
        "type": "Point",
        "coordinates": [
          139.0870374,
          36.28225430541672
        ]
      },
      "properties": {
        "観測点コード": 3110310,
        "地方整備局等番号": "83",
        "都道府県コード": ""
      }
    },
    {
      "type": "Feature",
      "geometry": {
        "type": "Point",
        "coordinates": [
          139.0125096,
          36.3553183655034
        ]
      },
      "properties": {
        "観測点コード": 3110320,
        "地方整備局等番号": "83",
        "都道府県コード": ""
      }
    },
    {
      "type": "Feature",
      "geometry": {
        "type": "Point",
        "coordinates": [
          138.5572287,
          36.343173145489025
        ]
      },
      "properties": {
        "観測点コード": 3110350,
        "地方整備局等番号": "83",
        "都道府県コード": ""
      }
    },
    {
      "type": "Feature",
      "geometry": {
        "type": "Point",
        "coordinates": [
          138.2764444,
          36.37715425552919
        ]
      },
      "properties": {
        "観測点コード": 3110360,
        "地方整備局等番号": "83",
        "都道府県コード": ""
      }
    },
    {
      "type": "Feature",
      "geometry": {
        "type": "Point",
        "coordinates": [
          138.2215959,
          36.6491958258463
        ]
      },
      "properties": {
        "観測点コード": 3110370,
        "地方整備局等番号": "83",
        "都道府県コード": ""
      }
    },
    {
      "type": "Feature",
      "geometry": {
        "type": "Point",
        "coordinates": [
          137.9629773,
          36.20646628532621
        ]
      },
      "properties": {
        "観測点コード": 3110380,
        "地方整備局等番号": "83",
        "都道府県コード": ""
      }
    },
    {
      "type": "Feature",
      "geometry": {
        "type": "Point",
        "coordinates": [
          137.9675826,
          36.53866995571842
        ]
      },
      "properties": {
        "観測点コード": 3110390,
        "地方整備局等番号": "83",
        "都道府県コード": ""
      }
    },
    {
      "type": "Feature",
      "geometry": {
        "type": "Point",
        "coordinates": [
          139.59433440000004,
          35.669090024667575
        ]
      },
      "properties": {
        "観測点コード": 3110400,
        "地方整備局等番号": "83",
        "都道府県コード": ""
      }
    },
    {
      "type": "Feature",
      "geometry": {
        "type": "Point",
        "coordinates": [
          139.1855389,
          35.617552604602885
        ]
      },
      "properties": {
        "観測点コード": 3110410,
        "地方整備局等番号": "83",
        "都道府県コード": ""
      }
    },
    {
      "type": "Feature",
      "geometry": {
        "type": "Point",
        "coordinates": [
          138.9628673,
          35.611220394594916
        ]
      },
      "properties": {
        "観測点コード": 3110420,
        "地方整備局等番号": "83",
        "都道府県コード": ""
      }
    },
    {
      "type": "Feature",
      "geometry": {
        "type": "Point",
        "coordinates": [
          138.8040242,
          35.603966294585796
        ]
      },
      "properties": {
        "観測点コード": 3110430,
        "地方整備局等番号": "83",
        "都道府県コード": ""
      }
    },
    {
      "type": "Feature",
      "geometry": {
        "type": "Point",
        "coordinates": [
          138.5078037,
          35.66782617466599
        ]
      },
      "properties": {
        "観測点コード": 3110440,
        "地方整備局等番号": "83",
        "都道府県コード": ""
      }
    },
    {
      "type": "Feature",
      "geometry": {
        "type": "Point",
        "coordinates": [
          138.2345215,
          35.90777048496373
        ]
      },
      "properties": {
        "観測点コード": 3110450,
        "地方整備局等番号": "83",
        "都道府県コード": ""
      }
    },
    {
      "type": "Feature",
      "geometry": {
        "type": "Point",
        "coordinates": [
          138.0938691,
          36.07055654516242
        ]
      },
      "properties": {
        "観測点コード": 3110460,
        "地方整備局等番号": "83",
        "都道府県コード": ""
      }
    },
    {
      "type": "Feature",
      "geometry": {
        "type": "Point",
        "coordinates": [
          139.2290443,
          36.378318235530564
        ]
      },
      "properties": {
        "観測点コード": 3110470,
        "地方整備局等番号": "83",
        "都道府県コード": ""
      }
    },
    {
      "type": "Feature",
      "geometry": {
        "type": "Point",
        "coordinates": [
          139.4271684,
          36.314701575455274
        ]
      },
      "properties": {
        "観測点コード": 3110480,
        "地方整備局等番号": "83",
        "都道府県コード": ""
      }
    },
    {
      "type": "Feature",
      "geometry": {
        "type": "Point",
        "coordinates": [
          140.2677888,
          36.3924270955472
        ]
      },
      "properties": {
        "観測点コード": 3110490,
        "地方整備局等番号": "83",
        "都道府県コード": ""
      }
    },
    {
      "type": "Feature",
      "geometry": {
        "type": "Point",
        "coordinates": [
          140.2680677,
          35.72363407473576
        ]
      },
      "properties": {
        "観測点コード": 3110510,
        "地方整備局等番号": "83",
        "都道府県コード": ""
      }
    },
    {
      "type": "Feature",
      "geometry": {
        "type": "Point",
        "coordinates": [
          140.6007609,
          35.95803238502537
        ]
      },
      "properties": {
        "観測点コード": 3110520,
        "地方整備局等番号": "83",
        "都道府県コード": ""
      }
    },
    {
      "type": "Feature",
      "geometry": {
        "type": "Point",
        "coordinates": [
          139.829981,
          35.150913034005455
        ]
      },
      "properties": {
        "観測点コード": 3110550,
        "地方整備局等番号": "83",
        "都道府県コード": ""
      }
    },
    {
      "type": "Feature",
      "geometry": {
        "type": "Point",
        "coordinates": [
          138.84019380000004,
          35.43543715437221
        ]
      },
      "properties": {
        "観測点コード": 3110560,
        "地方整備局等番号": "83",
        "都道府県コード": ""
      }
    },
    {
      "type": "Feature",
      "geometry": {
        "type": "Point",
        "coordinates": [
          138.6703992,
          35.47790102442629
        ]
      },
      "properties": {
        "観測点コード": 3110580,
        "地方整備局等番号": "83",
        "都道府県コード": ""
      }
    },
    {
      "type": "Feature",
      "geometry": {
        "type": "Point",
        "coordinates": [
          139.510691,
          35.536946034501184
        ]
      },
      "properties": {
        "観測点コード": 3110610,
        "地方整備局等番号": "83",
        "都道府県コード": ""
      }
    },
    {
      "type": "Feature",
      "geometry": {
        "type": "Point",
        "coordinates": [
          139.412266,
          35.472892034419914
        ]
      },
      "properties": {
        "観測点コード": 3110620,
        "地方整備局等番号": "83",
        "都道府県コード": ""
      }
    },
    {
      "type": "Feature",
      "geometry": {
        "type": "Point",
        "coordinates": [
          139.351511,
          35.4275870343622
        ]
      },
      "properties": {
        "観測点コード": 3110630,
        "地方整備局等番号": "83",
        "都道府県コード": ""
      }
    },
    {
      "type": "Feature",
      "geometry": {
        "type": "Point",
        "coordinates": [
          139.203293,
          35.37445003429424
        ]
      },
      "properties": {
        "観測点コード": 3110640,
        "地方整備局等番号": "83",
        "都道府県コード": ""
      }
    },
    {
      "type": "Feature",
      "geometry": {
        "type": "Point",
        "coordinates": [
          139.014722,
          35.36087503427685
        ]
      },
      "properties": {
        "観測点コード": 3110650,
        "地方整備局等番号": "83",
        "都道府県コード": ""
      }
    },
    {
      "type": "Feature",
      "geometry": {
        "type": "Point",
        "coordinates": [
          139.992342,
          35.68396699468621
        ]
      },
      "properties": {
        "観測点コード": 3110660,
        "地方整備局等番号": "83",
        "都道府県コード": ""
      }
    },
    {
      "type": "Feature",
      "geometry": {
        "type": "Point",
        "coordinates": [
          139.7548217,
          35.588442964566234
        ]
      },
      "properties": {
        "観測点コード": 3110670,
        "地方整備局等番号": "83",
        "都道府県コード": ""
      }
    },
    {
      "type": "Feature",
      "geometry": {
        "type": "Point",
        "coordinates": [
          139.695301,
          35.55346203452207
        ]
      },
      "properties": {
        "観測点コード": 3310680,
        "地方整備局等番号": "83",
        "都道府県コード": ""
      }
    },
    {
      "type": "Feature",
      "geometry": {
        "type": "Point",
        "coordinates": [
          139.611304,
          35.476498034424495
        ]
      },
      "properties": {
        "観測点コード": 3310690,
        "地方整備局等番号": "83",
        "都道府県コード": ""
      }
    },
    {
      "type": "Feature",
      "geometry": {
        "type": "Point",
        "coordinates": [
          139.8030451,
          35.78172684480805
        ]
      },
      "properties": {
        "観測点コード": 3310720,
        "地方整備局等番号": "83",
        "都道府県コード": ""
      }
    },
    {
      "type": "Feature",
      "geometry": {
        "type": "Point",
        "coordinates": [
          139.819876,
          35.723854004736026
        ]
      },
      "properties": {
        "観測点コード": 3310730,
        "地方整備局等番号": "83",
        "都道府県コード": ""
      }
    },
    {
      "type": "Feature",
      "geometry": {
        "type": "Point",
        "coordinates": [
          139.8620188,
          35.76173829478322
        ]
      },
      "properties": {
        "観測点コード": 3310740,
        "地方整備局等番号": "83",
        "都道府県コード": ""
      }
    },
    {
      "type": "Feature",
      "geometry": {
        "type": "Point",
        "coordinates": [
          139.8831359,
          35.768080334791094
        ]
      },
      "properties": {
        "観測点コード": 3310750,
        "地方整備局等番号": "83",
        "都道府県コード": ""
      }
    },
    {
      "type": "Feature",
      "geometry": {
        "type": "Point",
        "coordinates": [
          140.487226,
          36.333593035477676
        ]
      },
      "properties": {
        "観測点コード": 3310760,
        "地方整備局等番号": "83",
        "都道府県コード": ""
      }
    },
    {
      "type": "Feature",
      "geometry": {
        "type": "Point",
        "coordinates": [
          139.8301488,
          35.696867714702336
        ]
      },
      "properties": {
        "観測点コード": 3310770,
        "地方整備局等番号": "83",
        "都道府県コード": ""
      }
    },
    {
      "type": "Feature",
      "geometry": {
        "type": "Point",
        "coordinates": [
          139.7165117,
          35.550513454518345
        ]
      },
      "properties": {
        "観測点コード": 3310780,
        "地方整備局等番号": "83",
        "都道府県コード": ""
      }
    },
    {
      "type": "Feature",
      "geometry": {
        "type": "Point",
        "coordinates": [
          139.624807,
          35.30616103420651
        ]
      },
      "properties": {
        "観測点コード": 3310790,
        "地方整備局等番号": "83",
        "都道府県コード": ""
      }
    },
    {
      "type": "Feature",
      "geometry": {
        "type": "Point",
        "coordinates": [
          139.9657318,
          35.88142903493132
        ]
      },
      "properties": {
        "観測点コード": 3310810,
        "地方整備局等番号": "83",
        "都道府県コード": ""
      }
    },
    {
      "type": "Feature",
      "geometry": {
        "type": "Point",
        "coordinates": [
          139.7015664,
          35.769723434793136
        ]
      },
      "properties": {
        "観測点コード": 3310820,
        "地方整備局等番号": "83",
        "都道府県コード": ""
      }
    },
    {
      "type": "Feature",
      "geometry": {
        "type": "Point",
        "coordinates": [
          139.0205401,
          36.65616783585431
        ]
      },
      "properties": {
        "観測点コード": 3310830,
        "地方整備局等番号": "83",
        "都道府県コード": ""
      }
    },
    {
      "type": "Feature",
      "geometry": {
        "type": "Point",
        "coordinates": [
          139.6194506,
          35.67115788467016
        ]
      },
      "properties": {
        "観測点コード": 3310840,
        "地方整備局等番号": "83",
        "都道府県コード": ""
      }
    },
    {
      "type": "Feature",
      "geometry": {
        "type": "Point",
        "coordinates": [
          138.6173022,
          35.644829464637155
        ]
      },
      "properties": {
        "観測点コード": 3310850,
        "地方整備局等番号": "83",
        "都道府県コード": ""
      }
    },
    {
      "type": "Feature",
      "geometry": {
        "type": "Point",
        "coordinates": [
          138.2880181,
          35.85597447489995
        ]
      },
      "properties": {
        "観測点コード": 3310860,
        "地方整備局等番号": "83",
        "都道府県コード": ""
      }
    },
    {
      "type": "Feature",
      "geometry": {
        "type": "Point",
        "coordinates": [
          138.474952,
          35.58082577455663
        ]
      },
      "properties": {
        "観測点コード": 3310880,
        "地方整備局等番号": "83",
        "都道府県コード": ""
      }
    },
    {
      "type": "Feature",
      "geometry": {
        "type": "Point",
        "coordinates": [
          139.6414769,
          35.625824724613295
        ]
      },
      "properties": {
        "観測点コード": 3310890,
        "地方整備局等番号": "83",
        "都道府県コード": ""
      }
    },
    {
      "type": "Feature",
      "geometry": {
        "type": "Point",
        "coordinates": [
          139.613062,
          35.60764403459042
        ]
      },
      "properties": {
        "観測点コード": 3310900,
        "地方整備局等番号": "83",
        "都道府県コード": ""
      }
    },
    {
      "type": "Feature",
      "geometry": {
        "type": "Point",
        "coordinates": [
          139.141352,
          35.34910803426173
        ]
      },
      "properties": {
        "観測点コード": 3310910,
        "地方整備局等番号": "83",
        "都道府県コード": ""
      }
    },
    {
      "type": "Feature",
      "geometry": {
        "type": "Point",
        "coordinates": [
          139.6969986,
          35.74888073476721
        ]
      },
      "properties": {
        "観測点コード": 3310920,
        "地方整備局等番号": "83",
        "都道府県コード": ""
      }
    },
    {
      "type": "Feature",
      "geometry": {
        "type": "Point",
        "coordinates": [
          139.6835902,
          35.757753044778255
        ]
      },
      "properties": {
        "観測点コード": 3310930,
        "地方整備局等番号": "83",
        "都道府県コード": ""
      }
    },
    {
      "type": "Feature",
      "geometry": {
        "type": "Point",
        "coordinates": [
          140.0442401,
          35.653820154648436
        ]
      },
      "properties": {
        "観測点コード": 3310940,
        "地方整備局等番号": "83",
        "都道府県コード": ""
      }
    },
    {
      "type": "Feature",
      "geometry": {
        "type": "Point",
        "coordinates": [
          139.9005461,
          35.64815995464133
        ]
      },
      "properties": {
        "観測点コード": 3310950,
        "地方整備局等番号": "83",
        "都道府県コード": ""
      }
    },
    {
      "type": "Feature",
      "geometry": {
        "type": "Point",
        "coordinates": [
          139.8238456,
          35.646721404639536
        ]
      },
      "properties": {
        "観測点コード": 3310960,
        "地方整備局等番号": "83",
        "都道府県コード": ""
      }
    },
    {
      "type": "Feature",
      "geometry": {
        "type": "Point",
        "coordinates": [
          139.139722,
          37.932215037230314
        ]
      },
      "properties": {
        "観測点コード": 4110010,
        "地方整備局等番号": "84",
        "都道府県コード": ""
      }
    },
    {
      "type": "Feature",
      "geometry": {
        "type": "Point",
        "coordinates": [
          139.354741,
          37.96100603725917
        ]
      },
      "properties": {
        "観測点コード": 4110020,
        "地方整備局等番号": "84",
        "都道府県コード": ""
      }
    },
    {
      "type": "Feature",
      "geometry": {
        "type": "Point",
        "coordinates": [
          139.550276,
          38.540634037818585
        ]
      },
      "properties": {
        "観測点コード": 4110030,
        "地方整備局等番号": "84",
        "都道府県コード": ""
      }
    },
    {
      "type": "Feature",
      "geometry": {
        "type": "Point",
        "coordinates": [
          139.068639,
          37.89993403719785
        ]
      },
      "properties": {
        "観測点コード": 4110040,
        "地方整備局等番号": "84",
        "都道府県コード": ""
      }
    },
    {
      "type": "Feature",
      "geometry": {
        "type": "Point",
        "coordinates": [
          138.8938299,
          37.56415502685272
        ]
      },
      "properties": {
        "観測点コード": 4110060,
        "地方整備局等番号": "84",
        "都道府県コード": ""
      }
    },
    {
      "type": "Feature",
      "geometry": {
        "type": "Point",
        "coordinates": [
          138.76828100000003,
          37.44889503673119
        ]
      },
      "properties": {
        "観測点コード": 4110070,
        "地方整備局等番号": "84",
        "都道府県コード": ""
      }
    },
    {
      "type": "Feature",
      "geometry": {
        "type": "Point",
        "coordinates": [
          137.642048,
          36.97923003622018
        ]
      },
      "properties": {
        "観測点コード": 4110090,
        "地方整備局等番号": "84",
        "都道府県コード": ""
      }
    },
    {
      "type": "Feature",
      "geometry": {
        "type": "Point",
        "coordinates": [
          137.3387361,
          36.737147395947105
        ]
      },
      "properties": {
        "観測点コード": 4110110,
        "地方整備局等番号": "84",
        "都道府県コード": ""
      }
    },
    {
      "type": "Feature",
      "geometry": {
        "type": "Point",
        "coordinates": [
          137.1063924,
          36.74295939595373
        ]
      },
      "properties": {
        "観測点コード": 4110120,
        "地方整備局等番号": "84",
        "都道府県コード": ""
      }
    },
    {
      "type": "Feature",
      "geometry": {
        "type": "Point",
        "coordinates": [
          137.0465469,
          36.75988562597303
        ]
      },
      "properties": {
        "観測点コード": 4110130,
        "地方整備局等番号": "84",
        "都道府県コード": ""
      }
    },
    {
      "type": "Feature",
      "geometry": {
        "type": "Point",
        "coordinates": [
          136.8260425,
          36.6765250558777
        ]
      },
      "properties": {
        "観測点コード": 4110140,
        "地方整備局等番号": "84",
        "都道府県コード": ""
      }
    },
    {
      "type": "Feature",
      "geometry": {
        "type": "Point",
        "coordinates": [
          136.6271782,
          36.589046875776866
        ]
      },
      "properties": {
        "観測点コード": 4110150,
        "地方整備局等番号": "84",
        "都道府県コード": ""
      }
    },
    {
      "type": "Feature",
      "geometry": {
        "type": "Point",
        "coordinates": [
          136.42083400000004,
          36.33272803547666
        ]
      },
      "properties": {
        "観測点コード": 4110160,
        "地方整備局等番号": "84",
        "都道府県コード": ""
      }
    },
    {
      "type": "Feature",
      "geometry": {
        "type": "Point",
        "coordinates": [
          136.303694,
          36.295882035432925
        ]
      },
      "properties": {
        "観測点コード": 4110170,
        "地方整備局等番号": "84",
        "都道府県コード": ""
      }
    },
    {
      "type": "Feature",
      "geometry": {
        "type": "Point",
        "coordinates": [
          138.5718066,
          37.35568202663179
        ]
      },
      "properties": {
        "観測点コード": 4110180,
        "地方整備局等番号": "84",
        "都道府県コード": ""
      }
    },
    {
      "type": "Feature",
      "geometry": {
        "type": "Point",
        "coordinates": [
          138.8016209,
          36.785345316001994
        ]
      },
      "properties": {
        "観測点コード": 4110190,
        "地方整備局等番号": "84",
        "都道府県コード": ""
      }
    },
    {
      "type": "Feature",
      "geometry": {
        "type": "Point",
        "coordinates": [
          138.8725331,
          37.05929117630906
        ]
      },
      "properties": {
        "観測点コード": 4110200,
        "地方整備局等番号": "84",
        "都道府県コード": ""
      }
    },
    {
      "type": "Feature",
      "geometry": {
        "type": "Point",
        "coordinates": [
          138.8344324,
          37.379305636657065
        ]
      },
      "properties": {
        "観測点コード": 4110210,
        "地方整備局等番号": "84",
        "都道府県コード": ""
      }
    },
    {
      "type": "Feature",
      "geometry": {
        "type": "Point",
        "coordinates": [
          138.194944,
          36.859512036085945
        ]
      },
      "properties": {
        "観測点コード": 4110220,
        "地方整備局等番号": "84",
        "都道府県コード": ""
      }
    },
    {
      "type": "Feature",
      "geometry": {
        "type": "Point",
        "coordinates": [
          137.2042608,
          36.59277686578118
        ]
      },
      "properties": {
        "観測点コード": 4110230,
        "地方整備局等番号": "84",
        "都道府県コード": ""
      }
    },
    {
      "type": "Feature",
      "geometry": {
        "type": "Point",
        "coordinates": [
          137.2119749,
          36.68543044588792
        ]
      },
      "properties": {
        "観測点コード": 4110240,
        "地方整備局等番号": "84",
        "都道府県コード": ""
      }
    },
    {
      "type": "Feature",
      "geometry": {
        "type": "Point",
        "coordinates": [
          139.47592,
          37.66099003695361
        ]
      },
      "properties": {
        "観測点コード": 4110250,
        "地方整備局等番号": "84",
        "都道府県コード": ""
      }
    },
    {
      "type": "Feature",
      "geometry": {
        "type": "Point",
        "coordinates": [
          139.576978,
          38.081379037378746
        ]
      },
      "properties": {
        "観測点コード": 4110260,
        "地方整備局等番号": "84",
        "都道府県コード": ""
      }
    },
    {
      "type": "Feature",
      "geometry": {
        "type": "Point",
        "coordinates": [
          138.798415,
          37.60222103689251
        ]
      },
      "properties": {
        "観測点コード": 4110270,
        "地方整備局等番号": "84",
        "都道府県コード": ""
      }
    },
    {
      "type": "Feature",
      "geometry": {
        "type": "Point",
        "coordinates": [
          136.963672,
          36.650611795847915
        ]
      },
      "properties": {
        "観測点コード": 4110280,
        "地方整備局等番号": "84",
        "都道府県コード": ""
      }
    },
    {
      "type": "Feature",
      "geometry": {
        "type": "Point",
        "coordinates": [
          136.587868,
          36.52124203569812
        ]
      },
      "properties": {
        "観測点コード": 4110290,
        "地方整備局等番号": "84",
        "都道府県コード": ""
      }
    },
    {
      "type": "Feature",
      "geometry": {
        "type": "Point",
        "coordinates": [
          136.685666,
          36.59043403577848
        ]
      },
      "properties": {
        "観測点コード": 4110300,
        "地方整備局等番号": "84",
        "都道府県コード": ""
      }
    },
    {
      "type": "Feature",
      "geometry": {
        "type": "Point",
        "coordinates": [
          136.96136,
          36.8686864160963
        ]
      },
      "properties": {
        "観測点コード": 4110320,
        "地方整備局等番号": "84",
        "都道府県コード": ""
      }
    },
    {
      "type": "Feature",
      "geometry": {
        "type": "Point",
        "coordinates": [
          136.9442582,
          36.83313510605615
        ]
      },
      "properties": {
        "観測点コード": 4110330,
        "地方整備局等番号": "84",
        "都道府県コード": ""
      }
    },
    {
      "type": "Feature",
      "geometry": {
        "type": "Point",
        "coordinates": [
          136.9658715,
          36.75969223597281
        ]
      },
      "properties": {
        "観測点コード": 4110340,
        "地方整備局等番号": "84",
        "都道府県コード": ""
      }
    },
    {
      "type": "Feature",
      "geometry": {
        "type": "Point",
        "coordinates": [
          136.905469,
          37.240650036507716
        ]
      },
      "properties": {
        "観測点コード": 4110350,
        "地方整備局等番号": "84",
        "都道府県コード": ""
      }
    },
    {
      "type": "Feature",
      "geometry": {
        "type": "Point",
        "coordinates": [
          136.9066,
          37.31000403658269
        ]
      },
      "properties": {
        "観測点コード": 4110351,
        "地方整備局等番号": "84",
        "都道府県コード": ""
      }
    },
    {
      "type": "Feature",
      "geometry": {
        "type": "Point",
        "coordinates": [
          139.20906,
          37.829370037126424
        ]
      },
      "properties": {
        "観測点コード": 4110371,
        "地方整備局等番号": "84",
        "都道府県コード": ""
      }
    },
    {
      "type": "Feature",
      "geometry": {
        "type": "Point",
        "coordinates": [
          139.333641,
          37.73164303702653
        ]
      },
      "properties": {
        "観測点コード": 4110380,
        "地方整備局等番号": "84",
        "都道府県コード": ""
      }
    },
    {
      "type": "Feature",
      "geometry": {
        "type": "Point",
        "coordinates": [
          139.38248,
          37.699376036993314
        ]
      },
      "properties": {
        "観測点コード": 4110390,
        "地方整備局等番号": "84",
        "都道府県コード": ""
      }
    },
    {
      "type": "Feature",
      "geometry": {
        "type": "Point",
        "coordinates": [
          136.486002,
          36.38238103553535
        ]
      },
      "properties": {
        "観測点コード": 4110410,
        "地方整備局等番号": "84",
        "都道府県コード": ""
      }
    },
    {
      "type": "Feature",
      "geometry": {
        "type": "Point",
        "coordinates": [
          136.967459,
          37.01726703626248
        ]
      },
      "properties": {
        "観測点コード": 4110430,
        "地方整備局等番号": "84",
        "都道府県コード": ""
      }
    },
    {
      "type": "Feature",
      "geometry": {
        "type": "Point",
        "coordinates": [
          136.9558319,
          36.80001257601863
        ]
      },
      "properties": {
        "観測点コード": 4110440,
        "地方整備局等番号": "84",
        "都道府県コード": ""
      }
    },
    {
      "type": "Feature",
      "geometry": {
        "type": "Point",
        "coordinates": [
          136.97572590000001,
          36.88168028611092
        ]
      },
      "properties": {
        "観測点コード": 4110450,
        "地方整備局等番号": "84",
        "都道府県コード": ""
      }
    },
    {
      "type": "Feature",
      "geometry": {
        "type": "Point",
        "coordinates": [
          137.0132339,
          36.93083435616611
        ]
      },
      "properties": {
        "観測点コード": 4110460,
        "地方整備局等番号": "84",
        "都道府県コード": ""
      }
    },
    {
      "type": "Feature",
      "geometry": {
        "type": "Point",
        "coordinates": [
          137.4189931,
          36.84399970606843
        ]
      },
      "properties": {
        "観測点コード": 4110470,
        "地方整備局等番号": "84",
        "都道府県コード": ""
      }
    },
    {
      "type": "Feature",
      "geometry": {
        "type": "Point",
        "coordinates": [
          139.0265521,
          37.7661015170619
        ]
      },
      "properties": {
        "観測点コード": 4110480,
        "地方整備局等番号": "84",
        "都道府県コード": ""
      }
    },
    {
      "type": "Feature",
      "geometry": {
        "type": "Point",
        "coordinates": [
          139.0261587,
          37.77256794706851
        ]
      },
      "properties": {
        "観測点コード": 4110490,
        "地方整備局等番号": "84",
        "都道府県コード": ""
      }
    },
    {
      "type": "Feature",
      "geometry": {
        "type": "Point",
        "coordinates": [
          138.223379,
          37.159443036419226
        ]
      },
      "properties": {
        "観測点コード": 4110880,
        "地方整備局等番号": "84",
        "都道府県コード": ""
      }
    },
    {
      "type": "Feature",
      "geometry": {
        "type": "Point",
        "coordinates": [
          139.07252,
          37.90111003719903
        ]
      },
      "properties": {
        "観測点コード": 4310010,
        "地方整備局等番号": "84",
        "都道府県コード": ""
      }
    },
    {
      "type": "Feature",
      "geometry": {
        "type": "Point",
        "coordinates": [
          139.058415,
          37.92162903721969
        ]
      },
      "properties": {
        "観測点コード": 4310012,
        "地方整備局等番号": "84",
        "都道府県コード": ""
      }
    },
    {
      "type": "Feature",
      "geometry": {
        "type": "Point",
        "coordinates": [
          139.11685,
          37.91719603721522
        ]
      },
      "properties": {
        "観測点コード": 4310014,
        "地方整備局等番号": "84",
        "都道府県コード": ""
      }
    },
    {
      "type": "Feature",
      "geometry": {
        "type": "Point",
        "coordinates": [
          139.2601579,
          37.96990561726807
        ]
      },
      "properties": {
        "観測点コード": 4310020,
        "地方整備局等番号": "84",
        "都道府県コード": ""
      }
    },
    {
      "type": "Feature",
      "geometry": {
        "type": "Point",
        "coordinates": [
          139.290365,
          37.959626427257795
        ]
      },
      "properties": {
        "観測点コード": 4310030,
        "地方整備局等番号": "84",
        "都道府県コード": ""
      }
    },
    {
      "type": "Feature",
      "geometry": {
        "type": "Point",
        "coordinates": [
          139.017016,
          37.855369037152805
        ]
      },
      "properties": {
        "観測点コード": 4310060,
        "地方整備局等番号": "84",
        "都道府県コード": ""
      }
    },
    {
      "type": "Feature",
      "geometry": {
        "type": "Point",
        "coordinates": [
          138.30873,
          37.213535036478255
        ]
      },
      "properties": {
        "観測点コード": 4310070,
        "地方整備局等番号": "84",
        "都道府県コード": ""
      }
    },
    {
      "type": "Feature",
      "geometry": {
        "type": "Point",
        "coordinates": [
          138.228132,
          37.15957303641935
        ]
      },
      "properties": {
        "観測点コード": 4310080,
        "地方整備局等番号": "84",
        "都道府県コード": ""
      }
    },
    {
      "type": "Feature",
      "geometry": {
        "type": "Point",
        "coordinates": [
          138.031711,
          37.119068036374955
        ]
      },
      "properties": {
        "観測点コード": 4310090,
        "地方整備局等番号": "84",
        "都道府県コード": ""
      }
    },
    {
      "type": "Feature",
      "geometry": {
        "type": "Point",
        "coordinates": [
          137.853387,
          37.04548803629378
        ]
      },
      "properties": {
        "観測点コード": 4310100,
        "地方整備局等番号": "84",
        "都道府県コード": ""
      }
    },
    {
      "type": "Feature",
      "geometry": {
        "type": "Point",
        "coordinates": [
          137.905522,
          37.055192036304526
        ]
      },
      "properties": {
        "観測点コード": 4310110,
        "地方整備局等番号": "84",
        "都道府県コード": ""
      }
    },
    {
      "type": "Feature",
      "geometry": {
        "type": "Point",
        "coordinates": [
          137.53465,
          36.94553606618256
        ]
      },
      "properties": {
        "観測点コード": 4310120,
        "地方整備局等番号": "84",
        "都道府県コード": ""
      }
    },
    {
      "type": "Feature",
      "geometry": {
        "type": "Point",
        "coordinates": [
          137.3953897,
          36.77997831599589
        ]
      },
      "properties": {
        "観測点コード": 4310130,
        "地方整備局等番号": "84",
        "都道府県コード": ""
      }
    },
    {
      "type": "Feature",
      "geometry": {
        "type": "Point",
        "coordinates": [
          136.89856410000002,
          36.6900247158932
        ]
      },
      "properties": {
        "観測点コード": 4310160,
        "地方整備局等番号": "84",
        "都道府県コード": ""
      }
    },
    {
      "type": "Feature",
      "geometry": {
        "type": "Point",
        "coordinates": [
          137.4845517,
          36.92741586616228
        ]
      },
      "properties": {
        "観測点コード": 4310170,
        "地方整備局等番号": "84",
        "都道府県コード": ""
      }
    },
    {
      "type": "Feature",
      "geometry": {
        "type": "Point",
        "coordinates": [
          136.7302394,
          36.68614025588873
        ]
      },
      "properties": {
        "観測点コード": 4310190,
        "地方整備局等番号": "84",
        "都道府県コード": ""
      }
    },
    {
      "type": "Feature",
      "geometry": {
        "type": "Point",
        "coordinates": [
          136.7232978,
          36.68324936588542
        ]
      },
      "properties": {
        "観測点コード": 4310200,
        "地方整備局等番号": "84",
        "都道府県コード": ""
      }
    },
    {
      "type": "Feature",
      "geometry": {
        "type": "Point",
        "coordinates": [
          136.5982425,
          36.562841365746486
        ]
      },
      "properties": {
        "観測点コード": 4310210,
        "地方整備局等番号": "84",
        "都道府県コード": ""
      }
    },
    {
      "type": "Feature",
      "geometry": {
        "type": "Point",
        "coordinates": [
          136.550432,
          36.50450003567862
        ]
      },
      "properties": {
        "観測点コード": 4310220,
        "地方整備局等番号": "84",
        "都道府県コード": ""
      }
    },
    {
      "type": "Feature",
      "geometry": {
        "type": "Point",
        "coordinates": [
          136.483165,
          36.42391556558427
        ]
      },
      "properties": {
        "観測点コード": 4310230,
        "地方整備局等番号": "84",
        "都道府県コード": ""
      }
    },
    {
      "type": "Feature",
      "geometry": {
        "type": "Point",
        "coordinates": [
          136.2915319,
          36.2785439554123
        ]
      },
      "properties": {
        "観測点コード": 4310250,
        "地方整備局等番号": "84",
        "都道府県コード": ""
      }
    },
    {
      "type": "Feature",
      "geometry": {
        "type": "Point",
        "coordinates": [
          138.87240170000004,
          37.072231146323354
        ]
      },
      "properties": {
        "観測点コード": 4310270,
        "地方整備局等番号": "84",
        "都道府県コード": ""
      }
    },
    {
      "type": "Feature",
      "geometry": {
        "type": "Point",
        "coordinates": [
          138.219789,
          36.93595003617183
        ]
      },
      "properties": {
        "観測点コード": 4310280,
        "地方整備局等番号": "84",
        "都道府県コード": ""
      }
    },
    {
      "type": "Feature",
      "geometry": {
        "type": "Point",
        "coordinates": [
          138.266363,
          37.135361036392844
        ]
      },
      "properties": {
        "観測点コード": 4310300,
        "地方整備局等番号": "84",
        "都道府県コード": ""
      }
    },
    {
      "type": "Feature",
      "geometry": {
        "type": "Point",
        "coordinates": [
          137.2416294,
          36.469212195637375
        ]
      },
      "properties": {
        "観測点コード": 4310310,
        "地方整備局等番号": "84",
        "都道府県コード": ""
      }
    },
    {
      "type": "Feature",
      "geometry": {
        "type": "Point",
        "coordinates": [
          137.2282451,
          36.51196446568731
        ]
      },
      "properties": {
        "観測点コード": 4310320,
        "地方整備局等番号": "84",
        "都道府県コード": ""
      }
    },
    {
      "type": "Feature",
      "geometry": {
        "type": "Point",
        "coordinates": [
          137.209239,
          36.636592975831775
        ]
      },
      "properties": {
        "観測点コード": 4310330,
        "地方整備局等番号": "84",
        "都道府県コード": ""
      }
    },
    {
      "type": "Feature",
      "geometry": {
        "type": "Point",
        "coordinates": [
          139.114645,
          37.85868303715617
        ]
      },
      "properties": {
        "観測点コード": 4310350,
        "地方整備局等番号": "84",
        "都道府県コード": ""
      }
    },
    {
      "type": "Feature",
      "geometry": {
        "type": "Point",
        "coordinates": [
          138.637808,
          37.44596703672809
        ]
      },
      "properties": {
        "観測点コード": 4310360,
        "地方整備局等番号": "84",
        "都道府県コード": ""
      }
    },
    {
      "type": "Feature",
      "geometry": {
        "type": "Point",
        "coordinates": [
          138.8757271,
          37.659782356952356
        ]
      },
      "properties": {
        "観測点コード": 4310370,
        "地方整備局等番号": "84",
        "都道府県コード": ""
      }
    },
    {
      "type": "Feature",
      "geometry": {
        "type": "Point",
        "coordinates": [
          138.90062,
          37.75046003704586
        ]
      },
      "properties": {
        "観測点コード": 4310380,
        "地方整備局等番号": "84",
        "都道府県コード": ""
      }
    },
    {
      "type": "Feature",
      "geometry": {
        "type": "Point",
        "coordinates": [
          138.931687,
          37.8373130371345
        ]
      },
      "properties": {
        "観測点コード": 4310390,
        "地方整備局等番号": "84",
        "都道府県コード": ""
      }
    },
    {
      "type": "Feature",
      "geometry": {
        "type": "Point",
        "coordinates": [
          137.0083094,
          36.554335475736636
        ]
      },
      "properties": {
        "観測点コード": 4310400,
        "地方整備局等番号": "84",
        "都道府県コード": ""
      }
    },
    {
      "type": "Feature",
      "geometry": {
        "type": "Point",
        "coordinates": [
          136.8892354,
          36.956120636194385
        ]
      },
      "properties": {
        "観測点コード": 4310410,
        "地方整備局等番号": "84",
        "都道府県コード": ""
      }
    },
    {
      "type": "Feature",
      "geometry": {
        "type": "Point",
        "coordinates": [
          136.844019,
          36.92171203615589
        ]
      },
      "properties": {
        "観測点コード": 4310411,
        "地方整備局等番号": "84",
        "都道府県コード": ""
      }
    },
    {
      "type": "Feature",
      "geometry": {
        "type": "Point",
        "coordinates": [
          136.7629731,
          36.81057320603062
        ]
      },
      "properties": {
        "観測点コード": 4310420,
        "地方整備局等番号": "84",
        "都道府県コード": ""
      }
    },
    {
      "type": "Feature",
      "geometry": {
        "type": "Point",
        "coordinates": [
          136.7214257,
          36.68889768589191
        ]
      },
      "properties": {
        "観測点コード": 4310430,
        "地方整備局等番号": "84",
        "都道府県コード": ""
      }
    },
    {
      "type": "Feature",
      "geometry": {
        "type": "Point",
        "coordinates": [
          136.7029238,
          36.62649371582013
        ]
      },
      "properties": {
        "観測点コード": 4310440,
        "地方整備局等番号": "84",
        "都道府県コード": ""
      }
    },
    {
      "type": "Feature",
      "geometry": {
        "type": "Point",
        "coordinates": [
          136.700048,
          36.60182503579164
        ]
      },
      "properties": {
        "観測点コード": 4310441,
        "地方整備局等番号": "84",
        "都道府県コード": ""
      }
    },
    {
      "type": "Feature",
      "geometry": {
        "type": "Point",
        "coordinates": [
          136.686305,
          36.57428003575976
        ]
      },
      "properties": {
        "観測点コード": 4310450,
        "地方整備局等番号": "84",
        "都道府県コード": ""
      }
    },
    {
      "type": "Feature",
      "geometry": {
        "type": "Point",
        "coordinates": [
          137.048108,
          36.9580881961966
        ]
      },
      "properties": {
        "観測点コード": 4310460,
        "地方整備局等番号": "84",
        "都道府県コード": ""
      }
    },
    {
      "type": "Feature",
      "geometry": {
        "type": "Point",
        "coordinates": [
          137.0001501,
          36.77955370599541
        ]
      },
      "properties": {
        "観測点コード": 4310470,
        "地方整備局等番号": "84",
        "都道府県コード": ""
      }
    },
    {
      "type": "Feature",
      "geometry": {
        "type": "Point",
        "coordinates": [
          138.9246216,
          35.15213957400704
        ]
      },
      "properties": {
        "観測点コード": 5110100,
        "地方整備局等番号": "85",
        "都道府県コード": "22"
      }
    },
    {
      "type": "Feature",
      "geometry": {
        "type": "Point",
        "coordinates": [
          138.9293772,
          35.118767763963525
        ]
      },
      "properties": {
        "観測点コード": 5110109,
        "地方整備局等番号": "85",
        "都道府県コード": "22"
      }
    },
    {
      "type": "Feature",
      "geometry": {
        "type": "Point",
        "coordinates": [
          138.9124954,
          35.10924329395108
        ]
      },
      "properties": {
        "観測点コード": 5110111,
        "地方整備局等番号": "85",
        "都道府県コード": "22"
      }
    },
    {
      "type": "Feature",
      "geometry": {
        "type": "Point",
        "coordinates": [
          138.739584,
          35.138890033989775
        ]
      },
      "properties": {
        "観測点コード": 5110115,
        "地方整備局等番号": "85",
        "都道府県コード": "22"
      }
    },
    {
      "type": "Feature",
      "geometry": {
        "type": "Point",
        "coordinates": [
          138.536991,
          35.06126803388831
        ]
      },
      "properties": {
        "観測点コード": 5110120,
        "地方整備局等番号": "85",
        "都道府県コード": "22"
      }
    },
    {
      "type": "Feature",
      "geometry": {
        "type": "Point",
        "coordinates": [
          138.431978,
          34.99945503380712
        ]
      },
      "properties": {
        "観測点コード": 5110125,
        "地方整備局等番号": "85",
        "都道府県コード": "22"
      }
    },
    {
      "type": "Feature",
      "geometry": {
        "type": "Point",
        "coordinates": [
          138.37946,
          35.00292603381168
        ]
      },
      "properties": {
        "観測点コード": 5110130,
        "地方整備局等番号": "85",
        "都道府県コード": "22"
      }
    },
    {
      "type": "Feature",
      "geometry": {
        "type": "Point",
        "coordinates": [
          138.326229,
          34.9427310337323
        ]
      },
      "properties": {
        "観測点コード": 5110135,
        "地方整備局等番号": "85",
        "都道府県コード": "22"
      }
    },
    {
      "type": "Feature",
      "geometry": {
        "type": "Point",
        "coordinates": [
          138.231472,
          34.87443903364182
        ]
      },
      "properties": {
        "観測点コード": 5110140,
        "地方整備局等番号": "85",
        "都道府県コード": "22"
      }
    },
    {
      "type": "Feature",
      "geometry": {
        "type": "Point",
        "coordinates": [
          138.1182557,
          34.831770733585074
        ]
      },
      "properties": {
        "観測点コード": 5110145,
        "地方整備局等番号": "85",
        "都道府県コード": "22"
      }
    },
    {
      "type": "Feature",
      "geometry": {
        "type": "Point",
        "coordinates": [
          137.853806,
          34.73805952345989
        ]
      },
      "properties": {
        "観測点コード": 5110148,
        "地方整備局等番号": "85",
        "都道府県コード": "22"
      }
    },
    {
      "type": "Feature",
      "geometry": {
        "type": "Point",
        "coordinates": [
          137.7966642,
          34.731415953450984
        ]
      },
      "properties": {
        "観測点コード": 5110150,
        "地方整備局等番号": "85",
        "都道府県コード": "22"
      }
    },
    {
      "type": "Feature",
      "geometry": {
        "type": "Point",
        "coordinates": [
          137.6802735,
          34.67742179337847
        ]
      },
      "properties": {
        "観測点コード": 5110155,
        "地方整備局等番号": "85",
        "都道府県コード": "22"
      }
    },
    {
      "type": "Feature",
      "geometry": {
        "type": "Point",
        "coordinates": [
          137.608459,
          34.67846877337988
        ]
      },
      "properties": {
        "観測点コード": 5110158,
        "地方整備局等番号": "85",
        "都道府県コード": "22"
      }
    },
    {
      "type": "Feature",
      "geometry": {
        "type": "Point",
        "coordinates": [
          137.5025406,
          34.67701253337791
        ]
      },
      "properties": {
        "観測点コード": 5110160,
        "地方整備局等番号": "85",
        "都道府県コード": "22"
      }
    },
    {
      "type": "Feature",
      "geometry": {
        "type": "Point",
        "coordinates": [
          137.36621260000004,
          34.7982592835404
        ]
      },
      "properties": {
        "観測点コード": 5110170,
        "地方整備局等番号": "85",
        "都道府県コード": "23"
      }
    },
    {
      "type": "Feature",
      "geometry": {
        "type": "Point",
        "coordinates": [
          137.2032416,
          34.92391956370741
        ]
      },
      "properties": {
        "観測点コード": 5110175,
        "地方整備局等番号": "85",
        "都道府県コード": "23"
      }
    },
    {
      "type": "Feature",
      "geometry": {
        "type": "Point",
        "coordinates": [
          136.7712316,
          35.12246228396835
        ]
      },
      "properties": {
        "観測点コード": 5110180,
        "地方整備局等番号": "85",
        "都道府県コード": "23"
      }
    },
    {
      "type": "Feature",
      "geometry": {
        "type": "Point",
        "coordinates": [
          136.6459825,
          35.02683417384312
        ]
      },
      "properties": {
        "観測点コード": 5110185,
        "地方整備局等番号": "85",
        "都道府県コード": "24"
      }
    },
    {
      "type": "Feature",
      "geometry": {
        "type": "Point",
        "coordinates": [
          136.5686551,
          34.914394373694805
        ]
      },
      "properties": {
        "観測点コード": 5110190,
        "地方整備局等番号": "85",
        "都道府県コード": "24"
      }
    },
    {
      "type": "Feature",
      "geometry": {
        "type": "Point",
        "coordinates": [
          136.9279236,
          35.23002111410819
        ]
      },
      "properties": {
        "観測点コード": 5110250,
        "地方整備局等番号": "85",
        "都道府県コード": "23"
      }
    },
    {
      "type": "Feature",
      "geometry": {
        "type": "Point",
        "coordinates": [
          136.8807274,
          35.22358825409986
        ]
      },
      "properties": {
        "観測点コード": 5110255,
        "地方整備局等番号": "85",
        "都道府県コード": "23"
      }
    },
    {
      "type": "Feature",
      "geometry": {
        "type": "Point",
        "coordinates": [
          138.9422778,
          34.9385786437268
        ]
      },
      "properties": {
        "観測点コード": 5111410,
        "地方整備局等番号": "85",
        "都道府県コード": "22"
      }
    },
    {
      "type": "Feature",
      "geometry": {
        "type": "Point",
        "coordinates": [
          138.9483055,
          35.112323893955114
        ]
      },
      "properties": {
        "観測点コード": 5111435,
        "地方整備局等番号": "85",
        "都道府県コード": "22"
      }
    },
    {
      "type": "Feature",
      "geometry": {
        "type": "Point",
        "coordinates": [
          138.9461249,
          35.09294534392978
        ]
      },
      "properties": {
        "観測点コード": 5111440,
        "地方整備局等番号": "85",
        "都道府県コード": "22"
      }
    },
    {
      "type": "Feature",
      "geometry": {
        "type": "Point",
        "coordinates": [
          138.94734200000002,
          34.773393033507176
        ]
      },
      "properties": {
        "観測点コード": 5111460,
        "地方整備局等番号": "85",
        "都道府県コード": "22"
      }
    },
    {
      "type": "Feature",
      "geometry": {
        "type": "Point",
        "coordinates": [
          136.9747388,
          35.251491704135965
        ]
      },
      "properties": {
        "観測点コード": 5111910,
        "地方整備局等番号": "85",
        "都道府県コード": "23"
      }
    },
    {
      "type": "Feature",
      "geometry": {
        "type": "Point",
        "coordinates": [
          137.0762497,
          35.33014667423738
        ]
      },
      "properties": {
        "観測点コード": 5111920,
        "地方整備局等番号": "85",
        "都道府県コード": "21"
      }
    },
    {
      "type": "Feature",
      "geometry": {
        "type": "Point",
        "coordinates": [
          137.2135359,
          35.36635604428386
        ]
      },
      "properties": {
        "観測点コード": 5111930,
        "地方整備局等番号": "85",
        "都道府県コード": "21"
      }
    },
    {
      "type": "Feature",
      "geometry": {
        "type": "Point",
        "coordinates": [
          137.4827895,
          35.477490394425764
        ]
      },
      "properties": {
        "観測点コード": 5111940,
        "地方整備局等番号": "85",
        "都道府県コード": "21"
      }
    },
    {
      "type": "Feature",
      "geometry": {
        "type": "Point",
        "coordinates": [
          137.5415325,
          35.54294722450878
        ]
      },
      "properties": {
        "観測点コード": 5111950,
        "地方整備局等番号": "85",
        "都道府県コード": "21"
      }
    },
    {
      "type": "Feature",
      "geometry": {
        "type": "Point",
        "coordinates": [
          137.6867026,
          35.79372550482294
        ]
      },
      "properties": {
        "観測点コード": 5111960,
        "地方整備局等番号": "85",
        "都道府県コード": "20"
      }
    },
    {
      "type": "Feature",
      "geometry": {
        "type": "Point",
        "coordinates": [
          137.7375698,
          35.86568255491192
        ]
      },
      "properties": {
        "観測点コード": 5111970,
        "地方整備局等番号": "85",
        "都道府県コード": "20"
      }
    },
    {
      "type": "Feature",
      "geometry": {
        "type": "Point",
        "coordinates": [
          136.4557958,
          35.35969120427531
        ]
      },
      "properties": {
        "観測点コード": 5112190,
        "地方整備局等番号": "85",
        "都道府県コード": "21"
      }
    },
    {
      "type": "Feature",
      "geometry": {
        "type": "Point",
        "coordinates": [
          136.7844039,
          35.38091091430252
        ]
      },
      "properties": {
        "観測点コード": 5112240,
        "地方整備局等番号": "85",
        "都道府県コード": "21"
      }
    },
    {
      "type": "Feature",
      "geometry": {
        "type": "Point",
        "coordinates": [
          137.0426846,
          34.935405063722605
        ]
      },
      "properties": {
        "観測点コード": 5112320,
        "地方整備局等番号": "85",
        "都道府県コード": "23"
      }
    },
    {
      "type": "Feature",
      "geometry": {
        "type": "Point",
        "coordinates": [
          137.0130622,
          35.020771293835146
        ]
      },
      "properties": {
        "観測点コード": 5112325,
        "地方整備局等番号": "85",
        "都道府県コード": "23"
      }
    },
    {
      "type": "Feature",
      "geometry": {
        "type": "Point",
        "coordinates": [
          136.9841158,
          35.04312062386452
        ]
      },
      "properties": {
        "観測点コード": 5112330,
        "地方整備局等番号": "85",
        "都道府県コード": "23"
      }
    },
    {
      "type": "Feature",
      "geometry": {
        "type": "Point",
        "coordinates": [
          136.7566216,
          35.06974911389942
        ]
      },
      "properties": {
        "観測点コード": 5112340,
        "地方整備局等番号": "85",
        "都道府県コード": "23"
      }
    },
    {
      "type": "Feature",
      "geometry": {
        "type": "Point",
        "coordinates": [
          136.6732612,
          35.00912200381983
        ]
      },
      "properties": {
        "観測点コード": 5112350,
        "地方整備局等番号": "85",
        "都道府県コード": "24"
      }
    },
    {
      "type": "Feature",
      "geometry": {
        "type": "Point",
        "coordinates": [
          136.5225828,
          34.75468373348215
        ]
      },
      "properties": {
        "観測点コード": 5112355,
        "地方整備局等番号": "85",
        "都道府県コード": "24"
      }
    },
    {
      "type": "Feature",
      "geometry": {
        "type": "Point",
        "coordinates": [
          136.6473028,
          34.558484833217825
        ]
      },
      "properties": {
        "観測点コード": 5112360,
        "地方整備局等番号": "85",
        "都道府県コード": "24"
      }
    },
    {
      "type": "Feature",
      "geometry": {
        "type": "Point",
        "coordinates": [
          136.5006557,
          34.78302070352005
        ]
      },
      "properties": {
        "観測点コード": 5112370,
        "地方整備局等番号": "85",
        "都道府県コード": "24"
      }
    },
    {
      "type": "Feature",
      "geometry": {
        "type": "Point",
        "coordinates": [
          136.4838785,
          34.74150673346451
        ]
      },
      "properties": {
        "観測点コード": 5112375,
        "地方整備局等番号": "85",
        "都道府県コード": "24"
      }
    },
    {
      "type": "Feature",
      "geometry": {
        "type": "Point",
        "coordinates": [
          136.260335,
          34.839452033595315
        ]
      },
      "properties": {
        "観測点コード": 5112550,
        "地方整備局等番号": "85",
        "都道府県コード": "24"
      }
    },
    {
      "type": "Feature",
      "geometry": {
        "type": "Point",
        "coordinates": [
          136.071242,
          34.703780033413906
        ]
      },
      "properties": {
        "観測点コード": 5112590,
        "地方整備局等番号": "85",
        "都道府県コード": "24"
      }
    },
    {
      "type": "Feature",
      "geometry": {
        "type": "Point",
        "coordinates": [
          138.8977143,
          35.33142394423902
        ]
      },
      "properties": {
        "観測点コード": 5113885,
        "地方整備局等番号": "85",
        "都道府県コード": "22"
      }
    },
    {
      "type": "Feature",
      "geometry": {
        "type": "Point",
        "coordinates": [
          138.9049485,
          35.32388868422933
        ]
      },
      "properties": {
        "観測点コード": 5113890,
        "地方整備局等番号": "85",
        "都道府県コード": "22"
      }
    },
    {
      "type": "Feature",
      "geometry": {
        "type": "Point",
        "coordinates": [
          138.676858,
          35.18190903404577
        ]
      },
      "properties": {
        "観測点コード": 5113910,
        "地方整備局等番号": "85",
        "都道府県コード": "22"
      }
    },
    {
      "type": "Feature",
      "geometry": {
        "type": "Point",
        "coordinates": [
          138.64987,
          35.209794034081966
        ]
      },
      "properties": {
        "観測点コード": 5113920,
        "地方整備局等番号": "85",
        "都道府県コード": "22"
      }
    },
    {
      "type": "Feature",
      "geometry": {
        "type": "Point",
        "coordinates": [
          138.590083,
          35.41511303434628
        ]
      },
      "properties": {
        "観測点コード": 5113990,
        "地方整備局等番号": "85",
        "都道府県コード": "22"
      }
    },
    {
      "type": "Feature",
      "geometry": {
        "type": "Point",
        "coordinates": [
          136.907566,
          35.268750034158266
        ]
      },
      "properties": {
        "観測点コード": 5114110,
        "地方整備局等番号": "85",
        "都道府県コード": "23"
      }
    },
    {
      "type": "Feature",
      "geometry": {
        "type": "Point",
        "coordinates": [
          136.91981,
          35.33167103423934
        ]
      },
      "properties": {
        "観測点コード": 5114120,
        "地方整備局等番号": "85",
        "都道府県コード": "23"
      }
    },
    {
      "type": "Feature",
      "geometry": {
        "type": "Point",
        "coordinates": [
          137.055201,
          35.48643303443713
        ]
      },
      "properties": {
        "観測点コード": 5114130,
        "地方整備局等番号": "85",
        "都道府県コード": "21"
      }
    },
    {
      "type": "Feature",
      "geometry": {
        "type": "Point",
        "coordinates": [
          137.25606,
          35.78858303481656
        ]
      },
      "properties": {
        "観測点コード": 5114140,
        "地方整備局等番号": "85",
        "都道府県コード": "21"
      }
    },
    {
      "type": "Feature",
      "geometry": {
        "type": "Point",
        "coordinates": [
          137.213563,
          35.86755403491424
        ]
      },
      "properties": {
        "観測点コード": 5114150,
        "地方整備局等番号": "85",
        "都道府県コード": "21"
      }
    },
    {
      "type": "Feature",
      "geometry": {
        "type": "Point",
        "coordinates": [
          137.267306,
          36.07096803516291
        ]
      },
      "properties": {
        "観測点コード": 5114160,
        "地方整備局等番号": "85",
        "都道府県コード": "21"
      }
    },
    {
      "type": "Feature",
      "geometry": {
        "type": "Point",
        "coordinates": [
          137.138911,
          36.26496203539611
        ]
      },
      "properties": {
        "観測点コード": 5114170,
        "地方整備局等番号": "85",
        "都道府県コード": "21"
      }
    },
    {
      "type": "Feature",
      "geometry": {
        "type": "Point",
        "coordinates": [
          137.248946,
          36.459520035626035
        ]
      },
      "properties": {
        "観測点コード": 5114180,
        "地方整備局等番号": "85",
        "都道府県コード": "21"
      }
    },
    {
      "type": "Feature",
      "geometry": {
        "type": "Point",
        "coordinates": [
          136.541333,
          34.51961103316506
        ]
      },
      "properties": {
        "観測点コード": 5114210,
        "地方整備局等番号": "85",
        "都道府県コード": "24"
      }
    },
    {
      "type": "Feature",
      "geometry": {
        "type": "Point",
        "coordinates": [
          136.410056,
          34.31527803288554
        ]
      },
      "properties": {
        "観測点コード": 5114230,
        "地方整備局等番号": "85",
        "都道府県コード": "24"
      }
    },
    {
      "type": "Feature",
      "geometry": {
        "type": "Point",
        "coordinates": [
          136.196222,
          34.09569403258125
        ]
      },
      "properties": {
        "観測点コード": 5114250,
        "地方整備局等番号": "85",
        "都道府県コード": "24"
      }
    },
    {
      "type": "Feature",
      "geometry": {
        "type": "Point",
        "coordinates": [
          136.358917,
          34.275333032830495
        ]
      },
      "properties": {
        "観測点コード": 5114270,
        "地方整備局等番号": "85",
        "都道府県コード": "24"
      }
    },
    {
      "type": "Feature",
      "geometry": {
        "type": "Point",
        "coordinates": [
          136.076111,
          33.86069403225124
        ]
      },
      "properties": {
        "観測点コード": 5114290,
        "地方整備局等番号": "85",
        "都道府県コード": "24"
      }
    },
    {
      "type": "Feature",
      "geometry": {
        "type": "Point",
        "coordinates": [
          138.8951207,
          35.152874244008
        ]
      },
      "properties": {
        "観測点コード": 5114610,
        "地方整備局等番号": "85",
        "都道府県コード": "22"
      }
    },
    {
      "type": "Feature",
      "geometry": {
        "type": "Point",
        "coordinates": [
          138.875041,
          35.13134103397993
        ]
      },
      "properties": {
        "観測点コード": 5114620,
        "地方整備局等番号": "85",
        "都道府県コード": "22"
      }
    },
    {
      "type": "Feature",
      "geometry": {
        "type": "Point",
        "coordinates": [
          138.8871002,
          35.14589793399891
        ]
      },
      "properties": {
        "観測点コード": 5114630,
        "地方整備局等番号": "85",
        "都道府県コード": "22"
      }
    },
    {
      "type": "Feature",
      "geometry": {
        "type": "Point",
        "coordinates": [
          139.0109217,
          35.35910497427457
        ]
      },
      "properties": {
        "観測点コード": 5114680,
        "地方整備局等番号": "85",
        "都道府県コード": "22"
      }
    },
    {
      "type": "Feature",
      "geometry": {
        "type": "Point",
        "coordinates": [
          137.787657,
          35.073007033903686
        ]
      },
      "properties": {
        "観測点コード": 5114740,
        "地方整備局等番号": "85",
        "都道府県コード": "22"
      }
    },
    {
      "type": "Feature",
      "geometry": {
        "type": "Point",
        "coordinates": [
          137.6681803,
          34.90575222368336
        ]
      },
      "properties": {
        "観測点コード": 5114750,
        "地方整備局等番号": "85",
        "都道府県コード": "22"
      }
    },
    {
      "type": "Feature",
      "geometry": {
        "type": "Point",
        "coordinates": [
          138.520651,
          35.137162033987515
        ]
      },
      "properties": {
        "観測点コード": 5115250,
        "地方整備局等番号": "85",
        "都道府県コード": "22"
      }
    },
    {
      "type": "Feature",
      "geometry": {
        "type": "Point",
        "coordinates": [
          137.0409411,
          35.10723119394846
        ]
      },
      "properties": {
        "観測点コード": 5115320,
        "地方整備局等番号": "85",
        "都道府県コード": "23"
      }
    },
    {
      "type": "Feature",
      "geometry": {
        "type": "Point",
        "coordinates": [
          137.304967,
          35.13153551398018
        ]
      },
      "properties": {
        "観測点コード": 5115340,
        "地方整備局等番号": "85",
        "都道府県コード": "23"
      }
    },
    {
      "type": "Feature",
      "geometry": {
        "type": "Point",
        "coordinates": [
          137.794953,
          35.50121594445591
        ]
      },
      "properties": {
        "観測点コード": 5115370,
        "地方整備局等番号": "85",
        "都道府県コード": "20"
      }
    },
    {
      "type": "Feature",
      "geometry": {
        "type": "Point",
        "coordinates": [
          137.9379522,
          35.71541168472551
        ]
      },
      "properties": {
        "観測点コード": 5115380,
        "地方整備局等番号": "85",
        "都道府県コード": "20"
      }
    },
    {
      "type": "Feature",
      "geometry": {
        "type": "Point",
        "coordinates": [
          137.11723,
          35.06429103389226
        ]
      },
      "properties": {
        "観測点コード": 5115530,
        "地方整備局等番号": "85",
        "都道府県コード": "23"
      }
    },
    {
      "type": "Feature",
      "geometry": {
        "type": "Point",
        "coordinates": [
          136.7848921,
          35.39814591432458
        ]
      },
      "properties": {
        "観測点コード": 5115610,
        "地方整備局等番号": "85",
        "都道府県コード": "21"
      }
    },
    {
      "type": "Feature",
      "geometry": {
        "type": "Point",
        "coordinates": [
          136.9518113,
          35.73557476475065
        ]
      },
      "properties": {
        "観測点コード": 5115630,
        "地方整備局等番号": "85",
        "都道府県コード": "21"
      }
    },
    {
      "type": "Feature",
      "geometry": {
        "type": "Point",
        "coordinates": [
          136.85442030000002,
          35.88316975493347
        ]
      },
      "properties": {
        "観測点コード": 5115650,
        "地方整備局等番号": "85",
        "都道府県コード": "21"
      }
    },
    {
      "type": "Feature",
      "geometry": {
        "type": "Point",
        "coordinates": [
          136.9009352,
          35.99802490507423
        ]
      },
      "properties": {
        "観測点コード": 5115680,
        "地方整備局等番号": "85",
        "都道府県コード": "21"
      }
    },
    {
      "type": "Feature",
      "geometry": {
        "type": "Point",
        "coordinates": [
          137.542187,
          36.18407203529936
        ]
      },
      "properties": {
        "観測点コード": 5115820,
        "地方整備局等番号": "85",
        "都道府県コード": "21"
      }
    },
    {
      "type": "Feature",
      "geometry": {
        "type": "Point",
        "coordinates": [
          139.1103673,
          35.141546483993245
        ]
      },
      "properties": {
        "観測点コード": 5123510,
        "地方整備局等番号": "85",
        "都道府県コード": "22"
      }
    },
    {
      "type": "Feature",
      "geometry": {
        "type": "Point",
        "coordinates": [
          137.9806852,
          35.876706504925515
        ]
      },
      "properties": {
        "観測点コード": 5125390,
        "地方整備局等番号": "85",
        "都道府県コード": "20"
      }
    },
    {
      "type": "Feature",
      "geometry": {
        "type": "Point",
        "coordinates": [
          136.856963,
          35.124239273970666
        ]
      },
      "properties": {
        "観測点コード": 5311910,
        "地方整備局等番号": "85",
        "都道府県コード": "23"
      }
    },
    {
      "type": "Feature",
      "geometry": {
        "type": "Point",
        "coordinates": [
          136.265283823013,
          34.938138216795814
        ]
      },
      "properties": {
        "観測点コード": 6110010,
        "地方整備局等番号": "86",
        "都道府県コード": ""
      }
    },
    {
      "type": "Feature",
      "geometry": {
        "type": "Point",
        "coordinates": [
          136.115165948867,
          34.990936305895495
        ]
      },
      "properties": {
        "観測点コード": 6110020,
        "地方整備局等番号": "86",
        "都道府県コード": ""
      }
    },
    {
      "type": "Feature",
      "geometry": {
        "type": "Point",
        "coordinates": [
          135.956851243972,
          35.005385003512316
        ]
      },
      "properties": {
        "観測点コード": 6110030,
        "地方整備局等番号": "86",
        "都道府県コード": ""
      }
    },
    {
      "type": "Feature",
      "geometry": {
        "type": "Point",
        "coordinates": [
          135.913501381874,
          34.95699292997823
        ]
      },
      "properties": {
        "観測点コード": 6110040,
        "地方整備局等番号": "86",
        "都道府県コード": ""
      }
    },
    {
      "type": "Feature",
      "geometry": {
        "type": "Point",
        "coordinates": [
          135.844525694847,
          34.99087038445861
        ]
      },
      "properties": {
        "観測点コード": 6110050,
        "地方整備局等番号": "86",
        "都道府県コード": ""
      }
    },
    {
      "type": "Feature",
      "geometry": {
        "type": "Point",
        "coordinates": [
          135.831109285354,
          34.99142632024544
        ]
      },
      "properties": {
        "観測点コード": 6110060,
        "地方整備局等番号": "86",
        "都道府県コード": ""
      }
    },
    {
      "type": "Feature",
      "geometry": {
        "type": "Point",
        "coordinates": [
          135.82777261734,
          34.98630409707048
        ]
      },
      "properties": {
        "観測点コード": 6110070,
        "地方整備局等番号": "86",
        "都道府県コード": ""
      }
    },
    {
      "type": "Feature",
      "geometry": {
        "type": "Point",
        "coordinates": [
          135.744452476501,
          34.91099177877929
        ]
      },
      "properties": {
        "観測点コード": 6110080,
        "地方整備局等番号": "86",
        "都道府県コード": ""
      }
    },
    {
      "type": "Feature",
      "geometry": {
        "type": "Point",
        "coordinates": [
          135.649480819702,
          34.805311519271704
        ]
      },
      "properties": {
        "観測点コード": 6110090,
        "地方整備局等番号": "86",
        "都道府県コード": ""
      }
    },
    {
      "type": "Feature",
      "geometry": {
        "type": "Point",
        "coordinates": [
          135.720393061637,
          34.81945711253497
        ]
      },
      "properties": {
        "観測点コード": 6110100,
        "地方整備局等番号": "86",
        "都道府県コード": ""
      }
    },
    {
      "type": "Feature",
      "geometry": {
        "type": "Point",
        "coordinates": [
          135.436824560165,
          34.71960434074075
        ]
      },
      "properties": {
        "観測点コード": 6110110,
        "地方整備局等番号": "86",
        "都道府県コード": ""
      }
    },
    {
      "type": "Feature",
      "geometry": {
        "type": "Point",
        "coordinates": [
          135.106242299079,
          34.64078623273222
        ]
      },
      "properties": {
        "観測点コード": 6110120,
        "地方整備局等番号": "86",
        "都道府県コード": ""
      }
    },
    {
      "type": "Feature",
      "geometry": {
        "type": "Point",
        "coordinates": [
          134.859353005886,
          34.75756172115131
        ]
      },
      "properties": {
        "観測点コード": 6110130,
        "地方整備局等番号": "86",
        "都道府県コード": ""
      }
    },
    {
      "type": "Feature",
      "geometry": {
        "type": "Point",
        "coordinates": [
          134.630174338817,
          34.83274825524009
        ]
      },
      "properties": {
        "観測点コード": 6110140,
        "地方整備局等番号": "86",
        "都道府県コード": ""
      }
    },
    {
      "type": "Feature",
      "geometry": {
        "type": "Point",
        "coordinates": [
          134.578367471694,
          34.847425137493005
        ]
      },
      "properties": {
        "観測点コード": 6110150,
        "地方整備局等番号": "86",
        "都道府県コード": ""
      }
    },
    {
      "type": "Feature",
      "geometry": {
        "type": "Point",
        "coordinates": [
          136.286623477935,
          36.23649392464164
        ]
      },
      "properties": {
        "観測点コード": 6110170,
        "地方整備局等番号": "86",
        "都道府県コード": ""
      }
    },
    {
      "type": "Feature",
      "geometry": {
        "type": "Point",
        "coordinates": [
          136.092793,
          35.792989034822035
        ]
      },
      "properties": {
        "観測点コード": 6110180,
        "地方整備局等番号": "86",
        "都道府県コード": ""
      }
    },
    {
      "type": "Feature",
      "geometry": {
        "type": "Point",
        "coordinates": [
          136.08205800000002,
          35.62256603460919
        ]
      },
      "properties": {
        "観測点コード": 6110190,
        "地方整備局等番号": "86",
        "都道府県コード": ""
      }
    },
    {
      "type": "Feature",
      "geometry": {
        "type": "Point",
        "coordinates": [
          136.279370784759,
          35.319800029709974
        ]
      },
      "properties": {
        "観測点コード": 6110200,
        "地方整備局等番号": "86",
        "都道府県コード": ""
      }
    },
    {
      "type": "Feature",
      "geometry": {
        "type": "Point",
        "coordinates": [
          136.262805461883,
          35.25049070224537
        ]
      },
      "properties": {
        "観測点コード": 6110210,
        "地方整備局等番号": "86",
        "都道府県コード": ""
      }
    },
    {
      "type": "Feature",
      "geometry": {
        "type": "Point",
        "coordinates": [
          136.168110072612,
          35.135413702721344
        ]
      },
      "properties": {
        "観測点コード": 6110220,
        "地方整備局等番号": "86",
        "都道府県コード": ""
      }
    },
    {
      "type": "Feature",
      "geometry": {
        "type": "Point",
        "coordinates": [
          136.028718352317,
          35.05193480694747
        ]
      },
      "properties": {
        "観測点コード": 6110230,
        "地方整備局等番号": "86",
        "都道府県コード": ""
      }
    },
    {
      "type": "Feature",
      "geometry": {
        "type": "Point",
        "coordinates": [
          135.666646957397,
          34.97508726487281
        ]
      },
      "properties": {
        "観測点コード": 6110240,
        "地方整備局等番号": "86",
        "都道府県コード": ""
      }
    },
    {
      "type": "Feature",
      "geometry": {
        "type": "Point",
        "coordinates": [
          135.122528672218,
          35.290674394918256
        ]
      },
      "properties": {
        "観測点コード": 6110250,
        "地方整備局等番号": "86",
        "都道府県コード": ""
      }
    },
    {
      "type": "Feature",
      "geometry": {
        "type": "Point",
        "coordinates": [
          134.859425425529,
          35.33418386481987
        ]
      },
      "properties": {
        "観測点コード": 6110260,
        "地方整備局等番号": "86",
        "都道府県コード": ""
      }
    },
    {
      "type": "Feature",
      "geometry": {
        "type": "Point",
        "coordinates": [
          134.782794713974,
          35.37906081109355
        ]
      },
      "properties": {
        "観測点コード": 6110270,
        "地方整備局等番号": "86",
        "都道府県コード": ""
      }
    },
    {
      "type": "Feature",
      "geometry": {
        "type": "Point",
        "coordinates": [
          134.617635011672,
          35.39752934547739
        ]
      },
      "properties": {
        "観測点コード": 6110280,
        "地方整備局等番号": "86",
        "都道府県コード": ""
      }
    },
    {
      "type": "Feature",
      "geometry": {
        "type": "Point",
        "coordinates": [
          136.408736407756,
          35.3445505431606
        ]
      },
      "properties": {
        "観測点コード": 6110290,
        "地方整備局等番号": "86",
        "都道府県コード": ""
      }
    },
    {
      "type": "Feature",
      "geometry": {
        "type": "Point",
        "coordinates": [
          135.767959356307,
          34.929386538763445
        ]
      },
      "properties": {
        "観測点コード": 6110300,
        "地方整備局等番号": "86",
        "都道府県コード": ""
      }
    },
    {
      "type": "Feature",
      "geometry": {
        "type": "Point",
        "coordinates": [
          135.811829566955,
          34.692826863672394
        ]
      },
      "properties": {
        "観測点コード": 6110310,
        "地方整備局等番号": "86",
        "都道府県コード": ""
      }
    },
    {
      "type": "Feature",
      "geometry": {
        "type": "Point",
        "coordinates": [
          135.742759,
          34.49633103313339
        ]
      },
      "properties": {
        "観測点コード": 6110320,
        "地方整備局等番号": "86",
        "都道府県コード": ""
      }
    },
    {
      "type": "Feature",
      "geometry": {
        "type": "Point",
        "coordinates": [
          135.221571922302,
          34.255336527005475
        ]
      },
      "properties": {
        "観測点コード": 6110330,
        "地方整備局等番号": "86",
        "都道府県コード": ""
      }
    },
    {
      "type": "Feature",
      "geometry": {
        "type": "Point",
        "coordinates": [
          135.476585626602,
          34.59261679509626
        ]
      },
      "properties": {
        "観測点コード": 6110340,
        "地方整備局等番号": "86",
        "都道府県コード": ""
      }
    },
    {
      "type": "Feature",
      "geometry": {
        "type": "Point",
        "coordinates": [
          135.423381328582,
          34.492391818044126
        ]
      },
      "properties": {
        "観測点コード": 6110350,
        "地方整備局等番号": "86",
        "都道府県コード": ""
      }
    },
    {
      "type": "Feature",
      "geometry": {
        "type": "Point",
        "coordinates": [
          135.164935521261,
          34.27701629033371
        ]
      },
      "properties": {
        "観測点コード": 6110361,
        "地方整備局等番号": "86",
        "都道府県コード": ""
      }
    },
    {
      "type": "Feature",
      "geometry": {
        "type": "Point",
        "coordinates": [
          135.971192,
          35.61308303459727
        ]
      },
      "properties": {
        "観測点コード": 6110370,
        "地方整備局等番号": "86",
        "都道府県コード": ""
      }
    },
    {
      "type": "Feature",
      "geometry": {
        "type": "Point",
        "coordinates": [
          135.463869273662,
          35.486004106628485
        ]
      },
      "properties": {
        "観測点コード": 6110380,
        "地方整備局等番号": "86",
        "都道府県コード": ""
      }
    },
    {
      "type": "Feature",
      "geometry": {
        "type": "Point",
        "coordinates": [
          135.272947382363,
          35.30401991598347
        ]
      },
      "properties": {
        "観測点コード": 6110390,
        "地方整備局等番号": "86",
        "都道府県コード": ""
      }
    },
    {
      "type": "Feature",
      "geometry": {
        "type": "Point",
        "coordinates": [
          134.558363556861,
          34.99524305806187
        ]
      },
      "properties": {
        "観測点コード": 6110410,
        "地方整備局等番号": "86",
        "都道府県コード": ""
      }
    },
    {
      "type": "Feature",
      "geometry": {
        "type": "Point",
        "coordinates": [
          135.427241160067,
          33.577233165562106
        ]
      },
      "properties": {
        "観測点コード": 6110430,
        "地方整備局等番号": "86",
        "都道府県コード": ""
      }
    },
    {
      "type": "Feature",
      "geometry": {
        "type": "Point",
        "coordinates": [
          135.20039,
          34.143380032647656
        ]
      },
      "properties": {
        "観測点コード": 6110440,
        "地方整備局等番号": "86",
        "都道府県コード": ""
      }
    },
    {
      "type": "Feature",
      "geometry": {
        "type": "Point",
        "coordinates": [
          135.425688028335,
          34.71254919312948
        ]
      },
      "properties": {
        "観測点コード": 6110450,
        "地方整備局等番号": "86",
        "都道府県コード": ""
      }
    },
    {
      "type": "Feature",
      "geometry": {
        "type": "Point",
        "coordinates": [
          136.016224622726,
          35.431053158155514
        ]
      },
      "properties": {
        "観測点コード": 6110460,
        "地方整備局等番号": "86",
        "都道府県コード": ""
      }
    },
    {
      "type": "Feature",
      "geometry": {
        "type": "Point",
        "coordinates": [
          135.925826132297,
          35.21341864052877
        ]
      },
      "properties": {
        "観測点コード": 6110470,
        "地方整備局等番号": "86",
        "都道府県コード": ""
      }
    },
    {
      "type": "Feature",
      "geometry": {
        "type": "Point",
        "coordinates": [
          135.892639160156,
          35.10094221794055
        ]
      },
      "properties": {
        "観測点コード": 6110500,
        "地方整備局等番号": "86",
        "都道府県コード": ""
      }
    },
    {
      "type": "Feature",
      "geometry": {
        "type": "Point",
        "coordinates": [
          135.881878137588,
          35.080206671418715
        ]
      },
      "properties": {
        "観測点コード": 6110510,
        "地方整備局等番号": "86",
        "都道府県コード": ""
      }
    },
    {
      "type": "Feature",
      "geometry": {
        "type": "Point",
        "coordinates": [
          135.838812589645,
          35.00895503826151
        ]
      },
      "properties": {
        "観測点コード": 6110520,
        "地方整備局等番号": "86",
        "都道府県コード": ""
      }
    },
    {
      "type": "Feature",
      "geometry": {
        "type": "Point",
        "coordinates": [
          135.684016942977,
          34.8925928963683
        ]
      },
      "properties": {
        "観測点コード": 6110530,
        "地方整備局等番号": "86",
        "都道府県コード": ""
      }
    },
    {
      "type": "Feature",
      "geometry": {
        "type": "Point",
        "coordinates": [
          134.982630014419,
          34.686726631641484
        ]
      },
      "properties": {
        "観測点コード": 6110540,
        "地方整備局等番号": "86",
        "都道府県コード": ""
      }
    },
    {
      "type": "Feature",
      "geometry": {
        "type": "Point",
        "coordinates": [
          135.763168,
          34.486465033119956
        ]
      },
      "properties": {
        "観測点コード": 6110670,
        "地方整備局等番号": "86",
        "都道府県コード": ""
      }
    },
    {
      "type": "Feature",
      "geometry": {
        "type": "Point",
        "coordinates": [
          135.698397,
          34.36883103295914
        ]
      },
      "properties": {
        "観測点コード": 6110700,
        "地方整備局等番号": "86",
        "都道府県コード": ""
      }
    },
    {
      "type": "Feature",
      "geometry": {
        "type": "Point",
        "coordinates": [
          135.675464,
          34.346251032928144
        ]
      },
      "properties": {
        "観測点コード": 6110710,
        "地方整備局等番号": "86",
        "都道府県コード": ""
      }
    },
    {
      "type": "Feature",
      "geometry": {
        "type": "Point",
        "coordinates": [
          135.6723947,
          34.34307531292378
        ]
      },
      "properties": {
        "観測点コード": 6110720,
        "地方整備局等番号": "86",
        "都道府県コード": ""
      }
    },
    {
      "type": "Feature",
      "geometry": {
        "type": "Point",
        "coordinates": [
          135.643944740295,
          34.3344353954711
        ]
      },
      "properties": {
        "観測点コード": 6110730,
        "地方整備局等番号": "86",
        "都道府県コード": ""
      }
    },
    {
      "type": "Feature",
      "geometry": {
        "type": "Point",
        "coordinates": [
          135.595622062683,
          34.32057809029414
        ]
      },
      "properties": {
        "観測点コード": 6110740,
        "地方整備局等番号": "86",
        "都道府県コード": ""
      }
    },
    {
      "type": "Feature",
      "geometry": {
        "type": "Point",
        "coordinates": [
          135.508371,
          34.30420703287028
        ]
      },
      "properties": {
        "観測点コード": 6110750,
        "地方整備局等番号": "86",
        "都道府県コード": ""
      }
    },
    {
      "type": "Feature",
      "geometry": {
        "type": "Point",
        "coordinates": [
          135.49583333,
          34.300277802864876
        ]
      },
      "properties": {
        "観測点コード": 6110760,
        "地方整備局等番号": "86",
        "都道府県コード": ""
      }
    },
    {
      "type": "Feature",
      "geometry": {
        "type": "Point",
        "coordinates": [
          135.42037,
          34.293299032855266
        ]
      },
      "properties": {
        "観測点コード": 6110765,
        "地方整備局等番号": "86",
        "都道府県コード": ""
      }
    },
    {
      "type": "Feature",
      "geometry": {
        "type": "Point",
        "coordinates": [
          135.406025,
          34.290835032851874
        ]
      },
      "properties": {
        "観測点コード": 6110780,
        "地方整備局等番号": "86",
        "都道府県コード": ""
      }
    },
    {
      "type": "Feature",
      "geometry": {
        "type": "Point",
        "coordinates": [
          135.279854549589,
          34.28766234793788
        ]
      },
      "properties": {
        "観測点コード": 6110790,
        "地方整備局等番号": "86",
        "都道府県コード": ""
      }
    },
    {
      "type": "Feature",
      "geometry": {
        "type": "Point",
        "coordinates": [
          136.6293598948,
          35.91898971813652
        ]
      },
      "properties": {
        "観測点コード": 6110810,
        "地方整備局等番号": "86",
        "都道府県コード": ""
      }
    },
    {
      "type": "Feature",
      "geometry": {
        "type": "Point",
        "coordinates": [
          136.602468,
          35.963561035032136
        ]
      },
      "properties": {
        "観測点コード": 6110820,
        "地方整備局等番号": "86",
        "都道府県コード": ""
      }
    },
    {
      "type": "Feature",
      "geometry": {
        "type": "Point",
        "coordinates": [
          136.526729,
          35.98949103506382
        ]
      },
      "properties": {
        "観測点コード": 6110840,
        "地方整備局等番号": "86",
        "都道府県コード": ""
      }
    },
    {
      "type": "Feature",
      "geometry": {
        "type": "Point",
        "coordinates": [
          136.445198357105,
          36.062580031168245
        ]
      },
      "properties": {
        "観測点コード": 6110860,
        "地方整備局等番号": "86",
        "都道府県コード": ""
      }
    },
    {
      "type": "Feature",
      "geometry": {
        "type": "Point",
        "coordinates": [
          136.374473869296,
          36.074224272699254
        ]
      },
      "properties": {
        "観測点コード": 6110870,
        "地方整備局等番号": "86",
        "都道府県コード": ""
      }
    },
    {
      "type": "Feature",
      "geometry": {
        "type": "Point",
        "coordinates": [
          136.324462164098,
          36.086521994378465
        ]
      },
      "properties": {
        "観測点コード": 6110880,
        "地方整備局等番号": "86",
        "都道府県コード": ""
      }
    },
    {
      "type": "Feature",
      "geometry": {
        "type": "Point",
        "coordinates": [
          134.89226102828903,
          35.30511375498357
        ]
      },
      "properties": {
        "観測点コード": 6110980,
        "地方整備局等番号": "86",
        "都道府県コード": ""
      }
    },
    {
      "type": "Feature",
      "geometry": {
        "type": "Point",
        "coordinates": [
          135.8745,
          34.61538892329484
        ]
      },
      "properties": {
        "観測点コード": 6111020,
        "地方整備局等番号": "86",
        "都道府県コード": ""
      }
    },
    {
      "type": "Feature",
      "geometry": {
        "type": "Point",
        "coordinates": [
          135.947246,
          33.670648031981166
        ]
      },
      "properties": {
        "観測点コード": 6111030,
        "地方整備局等番号": "86",
        "都道府県コード": ""
      }
    },
    {
      "type": "Feature",
      "geometry": {
        "type": "Point",
        "coordinates": [
          135.91802864,
          33.620083251908845
        ]
      },
      "properties": {
        "観測点コード": 6111090,
        "地方整備局等番号": "86",
        "都道府県コード": ""
      }
    },
    {
      "type": "Feature",
      "geometry": {
        "type": "Point",
        "coordinates": [
          136.004619,
          33.73308003207021
        ]
      },
      "properties": {
        "観測点コード": 6111094,
        "地方整備局等番号": "86",
        "都道府県コード": ""
      }
    },
    {
      "type": "Feature",
      "geometry": {
        "type": "Point",
        "coordinates": [
          135.3613889,
          34.29138892285263
        ]
      },
      "properties": {
        "観測点コード": 6111100,
        "地方整備局等番号": "86",
        "都道府県コード": ""
      }
    },
    {
      "type": "Feature",
      "geometry": {
        "type": "Point",
        "coordinates": [
          133.565914,
          34.51540182315934
        ]
      },
      "properties": {
        "観測点コード": 7110040,
        "地方整備局等番号": "87",
        "都道府県コード": ""
      }
    },
    {
      "type": "Feature",
      "geometry": {
        "type": "Point",
        "coordinates": [
          131.3867222,
          34.076861142554975
        ]
      },
      "properties": {
        "観測点コード": 7110090,
        "地方整備局等番号": "87",
        "都道府県コード": ""
      }
    },
    {
      "type": "Feature",
      "geometry": {
        "type": "Point",
        "coordinates": [
          133.16019770000003,
          35.42972217436492
        ]
      },
      "properties": {
        "観測点コード": 7110140,
        "地方整備局等番号": "87",
        "都道府県コード": ""
      }
    },
    {
      "type": "Feature",
      "geometry": {
        "type": "Point",
        "coordinates": [
          132.9291201,
          35.41501435434614
        ]
      },
      "properties": {
        "観測点コード": 7110150,
        "地方整備局等番号": "87",
        "都道府県コード": ""
      }
    },
    {
      "type": "Feature",
      "geometry": {
        "type": "Point",
        "coordinates": [
          132.5117898,
          35.220801104096246
        ]
      },
      "properties": {
        "観測点コード": 7110160,
        "地方整備局等番号": "87",
        "都道府県コード": ""
      }
    },
    {
      "type": "Feature",
      "geometry": {
        "type": "Point",
        "coordinates": [
          131.907185,
          34.75449303348189
        ]
      },
      "properties": {
        "観測点コード": 7110170,
        "地方整備局等番号": "87",
        "都道府県コード": ""
      }
    },
    {
      "type": "Feature",
      "geometry": {
        "type": "Point",
        "coordinates": [
          131.76016670000004,
          34.42694447303873
        ]
      },
      "properties": {
        "観測点コード": 7110180,
        "地方整備局等番号": "87",
        "都道府県コード": ""
      }
    },
    {
      "type": "Feature",
      "geometry": {
        "type": "Point",
        "coordinates": [
          133.9257149,
          34.8389208935946
        ]
      },
      "properties": {
        "観測点コード": 7110210,
        "地方整備局等番号": "87",
        "都道府県コード": ""
      }
    },
    {
      "type": "Feature",
      "geometry": {
        "type": "Point",
        "coordinates": [
          133.784738,
          34.684982133388644
        ]
      },
      "properties": {
        "観測点コード": 7110240,
        "地方整備局等番号": "87",
        "都道府県コード": ""
      }
    },
    {
      "type": "Feature",
      "geometry": {
        "type": "Point",
        "coordinates": [
          132.1977222,
          33.97988891241918
        ]
      },
      "properties": {
        "観測点コード": 7110260,
        "地方整備局等番号": "87",
        "都道府県コード": ""
      }
    },
    {
      "type": "Feature",
      "geometry": {
        "type": "Point",
        "coordinates": [
          131.6773889,
          34.65950003335435
        ]
      },
      "properties": {
        "観測点コード": 7110270,
        "地方整備局等番号": "87",
        "都道府県コード": ""
      }
    },
    {
      "type": "Feature",
      "geometry": {
        "type": "Point",
        "coordinates": [
          131.4097778,
          34.419861143029046
        ]
      },
      "properties": {
        "観測点コード": 7110280,
        "地方整備局等番号": "87",
        "都道府県コード": ""
      }
    },
    {
      "type": "Feature",
      "geometry": {
        "type": "Point",
        "coordinates": [
          131.1861389,
          34.371805582963226
        ]
      },
      "properties": {
        "観測点コード": 7110290,
        "地方整備局等番号": "87",
        "都道府県コード": ""
      }
    },
    {
      "type": "Feature",
      "geometry": {
        "type": "Point",
        "coordinates": [
          132.1366533,
          33.95763808238793
        ]
      },
      "properties": {
        "観測点コード": 7110320,
        "地方整備局等番号": "87",
        "都道府県コード": ""
      }
    },
    {
      "type": "Feature",
      "geometry": {
        "type": "Point",
        "coordinates": [
          132.8747235,
          35.39772612432404
        ]
      },
      "properties": {
        "観測点コード": 7310110,
        "地方整備局等番号": "87",
        "都道府県コード": ""
      }
    },
    {
      "type": "Feature",
      "geometry": {
        "type": "Point",
        "coordinates": [
          132.3222435,
          35.068629523897954
        ]
      },
      "properties": {
        "観測点コード": 7310120,
        "地方整備局等番号": "87",
        "都道府県コード": ""
      }
    },
    {
      "type": "Feature",
      "geometry": {
        "type": "Point",
        "coordinates": [
          132.7317309,
          34.9738037337733
        ]
      },
      "properties": {
        "観測点コード": 7310150,
        "地方整備局等番号": "87",
        "都道府県コード": ""
      }
    },
    {
      "type": "Feature",
      "geometry": {
        "type": "Point",
        "coordinates": [
          132.778337,
          35.117460163961816
        ]
      },
      "properties": {
        "観測点コード": 7310160,
        "地方整備局等番号": "87",
        "都道府県コード": ""
      }
    },
    {
      "type": "Feature",
      "geometry": {
        "type": "Point",
        "coordinates": [
          133.7151146,
          34.705264123415894
        ]
      },
      "properties": {
        "観測点コード": 7310170,
        "地方整備局等番号": "87",
        "都道府県コード": ""
      }
    },
    {
      "type": "Feature",
      "geometry": {
        "type": "Point",
        "coordinates": [
          131.3651944,
          34.38963891298768
        ]
      },
      "properties": {
        "観測点コード": 7310180,
        "地方整備局等番号": "87",
        "都道府県コード": ""
      }
    },
    {
      "type": "Feature",
      "geometry": {
        "type": "Point",
        "coordinates": [
          132.4019922,
          35.132156843980994
        ]
      },
      "properties": {
        "観測点コード": 7310260,
        "地方整備局等番号": "87",
        "都道府県コード": ""
      }
    },
    {
      "type": "Feature",
      "geometry": {
        "type": "Point",
        "coordinates": [
          132.3490609,
          35.08573619392036
        ]
      },
      "properties": {
        "観測点コード": 7310270,
        "地方整備局等番号": "87",
        "都道府県コード": ""
      }
    },
    {
      "type": "Feature",
      "geometry": {
        "type": "Point",
        "coordinates": [
          132.335387,
          35.076671573908484
        ]
      },
      "properties": {
        "観測点コード": 7310280,
        "地方整備局等番号": "87",
        "都道府県コード": ""
      }
    },
    {
      "type": "Feature",
      "geometry": {
        "type": "Point",
        "coordinates": [
          132.0657,
          34.88220003365212
        ]
      },
      "properties": {
        "観測点コード": 7310290,
        "地方整備局等番号": "87",
        "都道府県コード": ""
      }
    },
    {
      "type": "Feature",
      "geometry": {
        "type": "Point",
        "coordinates": [
          132.0662027,
          34.86980443363566
        ]
      },
      "properties": {
        "観測点コード": 7310300,
        "地方整備局等番号": "87",
        "都道府県コード": ""
      }
    },
    {
      "type": "Feature",
      "geometry": {
        "type": "Point",
        "coordinates": [
          131.9999083,
          34.83580109359045
        ]
      },
      "properties": {
        "観測点コード": 7310350,
        "地方整備局等番号": "87",
        "都道府県コード": ""
      }
    },
    {
      "type": "Feature",
      "geometry": {
        "type": "Point",
        "coordinates": [
          132.5144274,
          35.21593257408993
        ]
      },
      "properties": {
        "観測点コード": 7310410,
        "地方整備局等番号": "87",
        "都道府県コード": ""
      }
    },
    {
      "type": "Feature",
      "geometry": {
        "type": "Point",
        "coordinates": [
          132.6201357,
          35.275470134166945
        ]
      },
      "properties": {
        "観測点コード": 7310420,
        "地方整備局等番号": "87",
        "都道府県コード": ""
      }
    },
    {
      "type": "Feature",
      "geometry": {
        "type": "Point",
        "coordinates": [
          132.688667,
          35.303833034203514
        ]
      },
      "properties": {
        "観測点コード": 7310430,
        "地方整備局等番号": "87",
        "都道府県コード": ""
      }
    },
    {
      "type": "Feature",
      "geometry": {
        "type": "Point",
        "coordinates": [
          132.676944,
          35.298722034196935
        ]
      },
      "properties": {
        "観測点コード": 7310440,
        "地方整備局等番号": "87",
        "都道府県コード": ""
      }
    },
    {
      "type": "Feature",
      "geometry": {
        "type": "Point",
        "coordinates": [
          132.645583,
          35.290444034186265
        ]
      },
      "properties": {
        "観測点コード": 7310450,
        "地方整備局等番号": "87",
        "都道府県コード": ""
      }
    },
    {
      "type": "Feature",
      "geometry": {
        "type": "Point",
        "coordinates": [
          132.459905,
          35.20082803407034
        ]
      },
      "properties": {
        "観測点コード": 7310460,
        "地方整備局等番号": "87",
        "都道府県コード": ""
      }
    },
    {
      "type": "Feature",
      "geometry": {
        "type": "Point",
        "coordinates": [
          132.455753,
          35.1986450340675
        ]
      },
      "properties": {
        "観測点コード": 7310470,
        "地方整備局等番号": "87",
        "都道府県コード": ""
      }
    },
    {
      "type": "Feature",
      "geometry": {
        "type": "Point",
        "coordinates": [
          134.411544799804,
          34.2207184500313
        ]
      },
      "properties": {
        "観測点コード": 8110010,
        "地方整備局等番号": "88",
        "都道府県コード": ""
      }
    },
    {
      "type": "Feature",
      "geometry": {
        "type": "Point",
        "coordinates": [
          134.084776639938,
          34.30277465209332
        ]
      },
      "properties": {
        "観測点コード": 8110020,
        "地方整備局等番号": "88",
        "都道府県コード": ""
      }
    },
    {
      "type": "Feature",
      "geometry": {
        "type": "Point",
        "coordinates": [
          133.946895003318,
          34.29671450737887
        ]
      },
      "properties": {
        "観測点コード": 8110030,
        "地方整備局等番号": "88",
        "都道府県コード": ""
      }
    },
    {
      "type": "Feature",
      "geometry": {
        "type": "Point",
        "coordinates": [
          133.715951442718,
          34.17417938671837
        ]
      },
      "properties": {
        "観測点コード": 8110040,
        "地方整備局等番号": "88",
        "都道府県コード": ""
      }
    },
    {
      "type": "Feature",
      "geometry": {
        "type": "Point",
        "coordinates": [
          133.20324182510302,
          33.91236267641698
        ]
      },
      "properties": {
        "観測点コード": 8110050,
        "地方整備局等番号": "88",
        "都道府県コード": ""
      }
    },
    {
      "type": "Feature",
      "geometry": {
        "type": "Point",
        "coordinates": [
          132.984384298324,
          33.82431235182997
        ]
      },
      "properties": {
        "観測点コード": 8110060,
        "地方整備局等番号": "88",
        "都道府県コード": ""
      }
    },
    {
      "type": "Feature",
      "geometry": {
        "type": "Point",
        "coordinates": [
          134.00050163269,
          34.28544169692582
        ]
      },
      "properties": {
        "観測点コード": 8110070,
        "地方整備局等番号": "88",
        "都道府県コード": ""
      }
    },
    {
      "type": "Feature",
      "geometry": {
        "type": "Point",
        "coordinates": [
          133.799223303794,
          34.10608825909625
        ]
      },
      "properties": {
        "観測点コード": 8110080,
        "地方整備局等番号": "88",
        "都道府県コード": ""
      }
    },
    {
      "type": "Feature",
      "geometry": {
        "type": "Point",
        "coordinates": [
          133.828164339065,
          34.028957826825085
        ]
      },
      "properties": {
        "観測点コード": 8110090,
        "地方整備局等番号": "88",
        "都道府県コード": ""
      }
    },
    {
      "type": "Feature",
      "geometry": {
        "type": "Point",
        "coordinates": [
          133.764853477478,
          33.950764901704936
        ]
      },
      "properties": {
        "観測点コード": 8110100,
        "地方整備局等番号": "88",
        "都道府県コード": ""
      }
    },
    {
      "type": "Feature",
      "geometry": {
        "type": "Point",
        "coordinates": [
          133.626092746853,
          33.58909346194513
        ]
      },
      "properties": {
        "観測点コード": 8110110,
        "地方整備局等番号": "88",
        "都道府県コード": ""
      }
    },
    {
      "type": "Feature",
      "geometry": {
        "type": "Point",
        "coordinates": [
          133.451582193374,
          33.548205918990114
        ]
      },
      "properties": {
        "観測点コード": 8110115,
        "地方整備局等番号": "88",
        "都道府県コード": ""
      }
    },
    {
      "type": "Feature",
      "geometry": {
        "type": "Point",
        "coordinates": [
          133.402808904647,
          33.543133969132924
        ]
      },
      "properties": {
        "観測点コード": 8110120,
        "地方整備局等番号": "88",
        "都道府県コード": ""
      }
    },
    {
      "type": "Feature",
      "geometry": {
        "type": "Point",
        "coordinates": [
          132.791587114334,
          33.7476978963593
        ]
      },
      "properties": {
        "観測点コード": 8110130,
        "地方整備局等番号": "88",
        "都道府県コード": ""
      }
    },
    {
      "type": "Feature",
      "geometry": {
        "type": "Point",
        "coordinates": [
          134.592427611351,
          33.793408870729856
        ]
      },
      "properties": {
        "観測点コード": 8110131,
        "地方整備局等番号": "88",
        "都道府県コード": ""
      }
    },
    {
      "type": "Feature",
      "geometry": {
        "type": "Point",
        "coordinates": [
          134.369745254516,
          33.63466659400443
        ]
      },
      "properties": {
        "観測点コード": 8110140,
        "地方整備局等番号": "88",
        "都道府県コード": ""
      }
    },
    {
      "type": "Feature",
      "geometry": {
        "type": "Point",
        "coordinates": [
          134.53964678124,
          33.74774819013548
        ]
      },
      "properties": {
        "観測点コード": 8110142,
        "地方整備局等番号": "88",
        "都道府県コード": ""
      }
    },
    {
      "type": "Feature",
      "geometry": {
        "type": "Point",
        "coordinates": [
          133.738444460766,
          33.53924497073882
        ]
      },
      "properties": {
        "観測点コード": 8110160,
        "地方整備局等番号": "88",
        "都道府県コード": ""
      }
    },
    {
      "type": "Feature",
      "geometry": {
        "type": "Point",
        "coordinates": [
          133.780702650547,
          33.520916544031145
        ]
      },
      "properties": {
        "観測点コード": 8110161,
        "地方整備局等番号": "88",
        "都道府県コード": ""
      }
    },
    {
      "type": "Feature",
      "geometry": {
        "type": "Point",
        "coordinates": [
          133.740176352243,
          33.550342371512876
        ]
      },
      "properties": {
        "観測点コード": 8110162,
        "地方整備局等番号": "88",
        "都道府県コード": ""
      }
    },
    {
      "type": "Feature",
      "geometry": {
        "type": "Point",
        "coordinates": [
          133.721816021769,
          33.55352220956595
        ]
      },
      "properties": {
        "観測点コード": 8110163,
        "地方整備局等番号": "88",
        "都道府県コード": ""
      }
    },
    {
      "type": "Feature",
      "geometry": {
        "type": "Point",
        "coordinates": [
          133.574287891387,
          33.57127484589016
        ]
      },
      "properties": {
        "観測点コード": 8110164,
        "地方整備局等番号": "88",
        "都道府県コード": ""
      }
    },
    {
      "type": "Feature",
      "geometry": {
        "type": "Point",
        "coordinates": [
          133.633757829666,
          33.56026408468244
        ]
      },
      "properties": {
        "観測点コード": 8110165,
        "地方整備局等番号": "88",
        "都道府県コード": ""
      }
    },
    {
      "type": "Feature",
      "geometry": {
        "type": "Point",
        "coordinates": [
          133.601005,
          33.540965031795295
        ]
      },
      "properties": {
        "観測点コード": 8110166,
        "地方整備局等番号": "88",
        "都道府県コード": ""
      }
    },
    {
      "type": "Feature",
      "geometry": {
        "type": "Point",
        "coordinates": [
          133.583077945611,
          33.5424317654246
        ]
      },
      "properties": {
        "観測点コード": 8110167,
        "地方整備局等番号": "88",
        "都道府県コード": ""
      }
    },
    {
      "type": "Feature",
      "geometry": {
        "type": "Point",
        "coordinates": [
          133.683497,
          33.55589303181676
        ]
      },
      "properties": {
        "観測点コード": 8110168,
        "地方整備局等番号": "88",
        "都道府県コード": ""
      }
    },
    {
      "type": "Feature",
      "geometry": {
        "type": "Point",
        "coordinates": [
          133.373125,
          33.485055031714765
        ]
      },
      "properties": {
        "観測点コード": 8110170,
        "地方整備局等番号": "88",
        "都道府県コード": ""
      }
    },
    {
      "type": "Feature",
      "geometry": {
        "type": "Point",
        "coordinates": [
          133.288643360137,
          33.40395558523113
        ]
      },
      "properties": {
        "観測点コード": 8110171,
        "地方整備局等番号": "88",
        "都道府県コード": ""
      }
    },
    {
      "type": "Feature",
      "geometry": {
        "type": "Point",
        "coordinates": [
          133.278601169586,
          33.39236677628474
        ]
      },
      "properties": {
        "観測点コード": 8110172,
        "地方整備局等番号": "88",
        "都道府県コード": ""
      }
    },
    {
      "type": "Feature",
      "geometry": {
        "type": "Point",
        "coordinates": [
          133.144855499267,
          33.18330330083646
        ]
      },
      "properties": {
        "観測点コード": 8110174,
        "地方整備局等番号": "88",
        "都道府県コード": ""
      }
    },
    {
      "type": "Feature",
      "geometry": {
        "type": "Point",
        "coordinates": [
          133.253152370452,
          33.35817590038214
        ]
      },
      "properties": {
        "観測点コード": 8110180,
        "地方整備局等番号": "88",
        "都道府県コード": ""
      }
    },
    {
      "type": "Feature",
      "geometry": {
        "type": "Point",
        "coordinates": [
          132.933138888889,
          32.974388919857596
        ]
      },
      "properties": {
        "観測点コード": 8110181,
        "地方整備局等番号": "88",
        "都道府県コード": ""
      }
    },
    {
      "type": "Feature",
      "geometry": {
        "type": "Point",
        "coordinates": [
          132.872277777778,
          32.96811114207051
        ]
      },
      "properties": {
        "観測点コード": 8110182,
        "地方整備局等番号": "88",
        "都道府県コード": ""
      }
    },
    {
      "type": "Feature",
      "geometry": {
        "type": "Point",
        "coordinates": [
          132.776972222222,
          32.95902780872377
        ]
      },
      "properties": {
        "観測点コード": 8110183,
        "地方整備局等番号": "88",
        "都道府県コード": ""
      }
    },
    {
      "type": "Feature",
      "geometry": {
        "type": "Point",
        "coordinates": [
          132.68920719623503,
          32.96996536793415
        ]
      },
      "properties": {
        "観測点コード": 8110190,
        "地方整備局等番号": "88",
        "都道府県コード": ""
      }
    },
    {
      "type": "Feature",
      "geometry": {
        "type": "Point",
        "coordinates": [
          132.517477,
          33.13903103121127
        ]
      },
      "properties": {
        "観測点コード": 8110191,
        "地方整備局等番号": "88",
        "都道府県コード": ""
      }
    },
    {
      "type": "Feature",
      "geometry": {
        "type": "Point",
        "coordinates": [
          132.52205863595,
          33.14590213224344
        ]
      },
      "properties": {
        "観測点コード": 8110192,
        "地方整備局等番号": "88",
        "都道府県コード": ""
      }
    },
    {
      "type": "Feature",
      "geometry": {
        "type": "Point",
        "coordinates": [
          132.5285,
          33.325562031483756
        ]
      },
      "properties": {
        "観測点コード": 8110200,
        "地方整備局等番号": "88",
        "都道府県コード": ""
      }
    },
    {
      "type": "Feature",
      "geometry": {
        "type": "Point",
        "coordinates": [
          132.744826823472,
          33.81637909326473
        ]
      },
      "properties": {
        "観測点コード": 8110210,
        "地方整備局等番号": "88",
        "都道府県コード": ""
      }
    },
    {
      "type": "Feature",
      "geometry": {
        "type": "Point",
        "coordinates": [
          134.520513564348,
          34.03847794648641
        ]
      },
      "properties": {
        "観測点コード": 8110231,
        "地方整備局等番号": "88",
        "都道府県コード": ""
      }
    },
    {
      "type": "Feature",
      "geometry": {
        "type": "Point",
        "coordinates": [
          134.531005024909,
          34.04120064204002
        ]
      },
      "properties": {
        "観測点コード": 8110232,
        "地方整備局等番号": "88",
        "都道府県コード": ""
      }
    },
    {
      "type": "Feature",
      "geometry": {
        "type": "Point",
        "coordinates": [
          132.829599380493,
          34.03149633348104
        ]
      },
      "properties": {
        "観測点コード": 8110240,
        "地方整備局等番号": "88",
        "都道府県コード": ""
      }
    },
    {
      "type": "Feature",
      "geometry": {
        "type": "Point",
        "coordinates": [
          133.094837665557,
          33.93004373774009
        ]
      },
      "properties": {
        "観測点コード": 8110250,
        "地方整備局等番号": "88",
        "都道府県コード": ""
      }
    },
    {
      "type": "Feature",
      "geometry": {
        "type": "Point",
        "coordinates": [
          133.309236,
          33.50191403173908
        ]
      },
      "properties": {
        "観測点コード": 8111021,
        "地方整備局等番号": "88",
        "都道府県コード": ""
      }
    },
    {
      "type": "Feature",
      "geometry": {
        "type": "Point",
        "coordinates": [
          134.579402804374,
          34.152121047215225
        ]
      },
      "properties": {
        "観測点コード": 8310010,
        "地方整備局等番号": "88",
        "都道府県コード": ""
      }
    },
    {
      "type": "Feature",
      "geometry": {
        "type": "Point",
        "coordinates": [
          134.151295423507,
          34.335875041773484
        ]
      },
      "properties": {
        "観測点コード": 8310020,
        "地方整備局等番号": "88",
        "都道府県コード": ""
      }
    },
    {
      "type": "Feature",
      "geometry": {
        "type": "Point",
        "coordinates": [
          132.86443054676,
          33.79997204409725
        ]
      },
      "properties": {
        "観測点コード": 8310030,
        "地方整備局等番号": "88",
        "都道府県コード": ""
      }
    },
    {
      "type": "Feature",
      "geometry": {
        "type": "Point",
        "coordinates": [
          133.895906209945,
          34.239532652899726
        ]
      },
      "properties": {
        "観測点コード": 8310040,
        "地方整備局等番号": "88",
        "都道府県コード": ""
      }
    },
    {
      "type": "Feature",
      "geometry": {
        "type": "Point",
        "coordinates": [
          133.760304,
          33.797668032162
        ]
      },
      "properties": {
        "観測点コード": 8310050,
        "地方整備局等番号": "88",
        "都道府県コード": ""
      }
    },
    {
      "type": "Feature",
      "geometry": {
        "type": "Point",
        "coordinates": [
          133.042341470718,
          33.54154672048833
        ]
      },
      "properties": {
        "観測点コード": 8310060,
        "地方整備局等番号": "88",
        "都道府県コード": ""
      }
    },
    {
      "type": "Feature",
      "geometry": {
        "type": "Point",
        "coordinates": [
          132.745272070169,
          33.80675451706518
        ]
      },
      "properties": {
        "観測点コード": 8310061,
        "地方整備局等番号": "88",
        "都道府県コード": ""
      }
    },
    {
      "type": "Feature",
      "geometry": {
        "type": "Point",
        "coordinates": [
          132.720319,
          33.814776032186245
        ]
      },
      "properties": {
        "観測点コード": 8310062,
        "地方整備局等番号": "88",
        "都道府県コード": ""
      }
    },
    {
      "type": "Feature",
      "geometry": {
        "type": "Point",
        "coordinates": [
          134.566428959369,
          34.0102656781917
        ]
      },
      "properties": {
        "観測点コード": 8310070,
        "地方整備局等番号": "88",
        "都道府県コード": ""
      }
    },
    {
      "type": "Feature",
      "geometry": {
        "type": "Point",
        "coordinates": [
          134.633932113647,
          33.9732071371816
        ]
      },
      "properties": {
        "観測点コード": 8310080,
        "地方整備局等番号": "88",
        "都道府県コード": ""
      }
    },
    {
      "type": "Feature",
      "geometry": {
        "type": "Point",
        "coordinates": [
          133.027331829071,
          33.03511096021447
        ]
      },
      "properties": {
        "観測点コード": 8310100,
        "地方整備局等番号": "88",
        "都道府県コード": ""
      }
    },
    {
      "type": "Feature",
      "geometry": {
        "type": "Point",
        "coordinates": [
          132.509843,
          33.4066250316014
        ]
      },
      "properties": {
        "観測点コード": 8310110,
        "地方整備局等番号": "88",
        "都道府県コード": ""
      }
    },
    {
      "type": "Feature",
      "geometry": {
        "type": "Point",
        "coordinates": [
          132.56675,
          33.504510031742804
        ]
      },
      "properties": {
        "観測点コード": 8310120,
        "地方整備局等番号": "88",
        "都道府県コード": ""
      }
    },
    {
      "type": "Feature",
      "geometry": {
        "type": "Point",
        "coordinates": [
          132.597781419754,
          33.53462955300938
        ]
      },
      "properties": {
        "観測点コード": 8310130,
        "地方整備局等番号": "88",
        "都道府県コード": ""
      }
    },
    {
      "type": "Feature",
      "geometry": {
        "type": "Point",
        "coordinates": [
          132.68712,
          33.6125750318981
        ]
      },
      "properties": {
        "観測点コード": 8310140,
        "地方整備局等番号": "88",
        "都道府県コード": ""
      }
    },
    {
      "type": "Feature",
      "geometry": {
        "type": "Point",
        "coordinates": [
          134.018440246582,
          34.0401782523243
        ]
      },
      "properties": {
        "観測点コード": 8310150,
        "地方整備局等番号": "88",
        "都道府県コード": ""
      }
    },
    {
      "type": "Feature",
      "geometry": {
        "type": "Point",
        "coordinates": [
          132.757075130939,
          33.89056122326423
        ]
      },
      "properties": {
        "観測点コード": 8310160,
        "地方整備局等番号": "88",
        "都道府県コード": ""
      }
    },
    {
      "type": "Feature",
      "geometry": {
        "type": "Point",
        "coordinates": [
          130.750068,
          33.86399103225591
        ]
      },
      "properties": {
        "観測点コード": 9110010,
        "地方整備局等番号": "89",
        "都道府県コード": ""
      }
    },
    {
      "type": "Feature",
      "geometry": {
        "type": "Point",
        "coordinates": [
          130.688122,
          32.75695803064553
        ]
      },
      "properties": {
        "観測点コード": 9110030,
        "地方整備局等番号": "89",
        "都道府県コード": ""
      }
    },
    {
      "type": "Feature",
      "geometry": {
        "type": "Point",
        "coordinates": [
          130.688167,
          32.565580030358504
        ]
      },
      "properties": {
        "観測点コード": 9110040,
        "地方整備局等番号": "89",
        "都道府県コード": ""
      }
    },
    {
      "type": "Feature",
      "geometry": {
        "type": "Point",
        "coordinates": [
          130.627862,
          32.50104503026118
        ]
      },
      "properties": {
        "観測点コード": 9110050,
        "地方整備局等番号": "89",
        "都道府県コード": ""
      }
    },
    {
      "type": "Feature",
      "geometry": {
        "type": "Point",
        "coordinates": [
          130.249002,
          31.848210029262603
        ]
      },
      "properties": {
        "観測点コード": 9110060,
        "地方整備局等番号": "89",
        "都道府県コード": ""
      }
    },
    {
      "type": "Feature",
      "geometry": {
        "type": "Point",
        "coordinates": [
          130.444438,
          31.65408502896101
        ]
      },
      "properties": {
        "観測点コード": 9110070,
        "地方整備局等番号": "89",
        "都道府県コード": ""
      }
    },
    {
      "type": "Feature",
      "geometry": {
        "type": "Point",
        "coordinates": [
          131.5788746,
          33.248593781371625
        ]
      },
      "properties": {
        "観測点コード": 9110110,
        "地方整備局等番号": "89",
        "都道府県コード": ""
      }
    },
    {
      "type": "Feature",
      "geometry": {
        "type": "Point",
        "coordinates": [
          131.716873,
          32.83826903076675
        ]
      },
      "properties": {
        "観測点コード": 9110120,
        "地方整備局等番号": "89",
        "都道府県コード": ""
      }
    },
    {
      "type": "Feature",
      "geometry": {
        "type": "Point",
        "coordinates": [
          131.560352,
          32.26510002990319
        ]
      },
      "properties": {
        "観測点コード": 9110140,
        "地方整備局等番号": "89",
        "都道府県コード": ""
      }
    },
    {
      "type": "Feature",
      "geometry": {
        "type": "Point",
        "coordinates": [
          131.136144,
          31.853840029271314
        ]
      },
      "properties": {
        "観測点コード": 9110150,
        "地方整備局等番号": "89",
        "都道府県コード": ""
      }
    },
    {
      "type": "Feature",
      "geometry": {
        "type": "Point",
        "coordinates": [
          130.774553,
          31.710555029048958
        ]
      },
      "properties": {
        "観測点コード": 9110160,
        "地方整備局等番号": "89",
        "都道府県コード": ""
      }
    },
    {
      "type": "Feature",
      "geometry": {
        "type": "Point",
        "coordinates": [
          130.488663,
          33.3577350315305
        ]
      },
      "properties": {
        "観測点コード": 9110190,
        "地方整備局等番号": "89",
        "都道府県コード": ""
      }
    },
    {
      "type": "Feature",
      "geometry": {
        "type": "Point",
        "coordinates": [
          130.0312792,
          33.19609887129489
        ]
      },
      "properties": {
        "観測点コード": 9110200,
        "地方整備局等番号": "89",
        "都道府県コード": ""
      }
    },
    {
      "type": "Feature",
      "geometry": {
        "type": "Point",
        "coordinates": [
          131.35466,
          32.95195803093551
        ]
      },
      "properties": {
        "観測点コード": 9110230,
        "地方整備局等番号": "89",
        "都道府県コード": ""
      }
    },
    {
      "type": "Feature",
      "geometry": {
        "type": "Point",
        "coordinates": [
          130.847832,
          33.669370031979355
        ]
      },
      "properties": {
        "観測点コード": 9110240,
        "地方整備局等番号": "89",
        "都道府県コード": ""
      }
    },
    {
      "type": "Feature",
      "geometry": {
        "type": "Point",
        "coordinates": [
          130.0187991,
          33.34785503151616
        ]
      },
      "properties": {
        "観測点コード": 9110280,
        "地方整備局等番号": "89",
        "都道府県コード": ""
      }
    },
    {
      "type": "Feature",
      "geometry": {
        "type": "Point",
        "coordinates": [
          130.445357,
          32.97125925096407
        ]
      },
      "properties": {
        "観測点コード": 9110290,
        "地方整備局等番号": "89",
        "都道府県コード": ""
      }
    },
    {
      "type": "Feature",
      "geometry": {
        "type": "Point",
        "coordinates": [
          130.470721,
          33.14141103121475
        ]
      },
      "properties": {
        "観測点コード": 9110300,
        "地方整備局等番号": "89",
        "都道府県コード": ""
      }
    },
    {
      "type": "Feature",
      "geometry": {
        "type": "Point",
        "coordinates": [
          130.783657,
          31.396273028557452
        ]
      },
      "properties": {
        "観測点コード": 9110335,
        "地方整備局等番号": "89",
        "都道府県コード": ""
      }
    },
    {
      "type": "Feature",
      "geometry": {
        "type": "Point",
        "coordinates": [
          130.7281932,
          31.452851608646302
        ]
      },
      "properties": {
        "観測点コード": 9110340,
        "地方整備局等番号": "89",
        "都道府県コード": ""
      }
    },
    {
      "type": "Feature",
      "geometry": {
        "type": "Point",
        "coordinates": [
          130.968647,
          33.947867982374184
        ]
      },
      "properties": {
        "観測点コード": 9310003,
        "地方整備局等番号": "89",
        "都道府県コード": ""
      }
    },
    {
      "type": "Feature",
      "geometry": {
        "type": "Point",
        "coordinates": [
          130.540337,
          33.44660203165923
        ]
      },
      "properties": {
        "観測点コード": 9310015,
        "地方整備局等番号": "89",
        "都道府県コード": ""
      }
    },
    {
      "type": "Feature",
      "geometry": {
        "type": "Point",
        "coordinates": [
          130.523608,
          33.323489031480754
        ]
      },
      "properties": {
        "観測点コード": 9310017,
        "地方整備局等番号": "89",
        "都道府県コード": ""
      }
    },
    {
      "type": "Feature",
      "geometry": {
        "type": "Point",
        "coordinates": [
          130.669176,
          33.11458003117534
        ]
      },
      "properties": {
        "観測点コード": 9310020,
        "地方整備局等番号": "89",
        "都道府県コード": ""
      }
    },
    {
      "type": "Feature",
      "geometry": {
        "type": "Point",
        "coordinates": [
          130.555735,
          32.406040030117445
        ]
      },
      "properties": {
        "観測点コード": 9310035,
        "地方整備局等番号": "89",
        "都道府県コード": ""
      }
    },
    {
      "type": "Feature",
      "geometry": {
        "type": "Point",
        "coordinates": [
          130.36789,
          32.16215502974594
        ]
      },
      "properties": {
        "観測点コード": 9310045,
        "地方整備局等番号": "89",
        "都道府県コード": ""
      }
    },
    {
      "type": "Feature",
      "geometry": {
        "type": "Point",
        "coordinates": [
          130.275752,
          31.714213029054637
        ]
      },
      "properties": {
        "観測点コード": 9310050,
        "地方整備局等番号": "89",
        "都道府県コード": ""
      }
    },
    {
      "type": "Feature",
      "geometry": {
        "type": "Point",
        "coordinates": [
          130.5414069,
          32.38562876008649
        ]
      },
      "properties": {
        "観測点コード": 9310060,
        "地方整備局等番号": "89",
        "都道府県コード": ""
      }
    },
    {
      "type": "Feature",
      "geometry": {
        "type": "Point",
        "coordinates": [
          130.297006,
          31.702321029036145
        ]
      },
      "properties": {
        "観測点コード": 9310070,
        "地方整備局等番号": "89",
        "都道府県コード": ""
      }
    },
    {
      "type": "Feature",
      "geometry": {
        "type": "Point",
        "coordinates": [
          130.960473,
          33.80588903217365
        ]
      },
      "properties": {
        "観測点コード": 9310080,
        "地方整備局等番号": "89",
        "都道府県コード": ""
      }
    },
    {
      "type": "Feature",
      "geometry": {
        "type": "Point",
        "coordinates": [
          131.283198,
          33.54594303180245
        ]
      },
      "properties": {
        "観測点コード": 9310085,
        "地方整備局等番号": "89",
        "都道府県コード": ""
      }
    },
    {
      "type": "Feature",
      "geometry": {
        "type": "Point",
        "coordinates": [
          131.540397,
          33.38094503156419
        ]
      },
      "properties": {
        "観測点コード": 9310090,
        "地方整備局等番号": "89",
        "都道府県コード": ""
      }
    },
    {
      "type": "Feature",
      "geometry": {
        "type": "Point",
        "coordinates": [
          131.651922,
          33.15920703124086
        ]
      },
      "properties": {
        "観測点コード": 9310100,
        "地方整備局等番号": "89",
        "都道府県コード": ""
      }
    },
    {
      "type": "Feature",
      "geometry": {
        "type": "Point",
        "coordinates": [
          131.023972,
          31.726570029073855
        ]
      },
      "properties": {
        "観測点コード": 9310115,
        "地方整備局等番号": "89",
        "都道府県コード": ""
      }
    },
    {
      "type": "Feature",
      "geometry": {
        "type": "Point",
        "coordinates": [
          130.613215,
          31.705779029041526
        ]
      },
      "properties": {
        "観測点コード": 9310120,
        "地方整備局等番号": "89",
        "都道府県コード": ""
      }
    },
    {
      "type": "Feature",
      "geometry": {
        "type": "Point",
        "coordinates": [
          130.1637701,
          33.21761616132637
        ]
      },
      "properties": {
        "観測点コード": 9310125,
        "地方整備局等番号": "89",
        "都道府県コード": ""
      }
    },
    {
      "type": "Feature",
      "geometry": {
        "type": "Point",
        "coordinates": [
          130.976239,
          32.91326503087817
        ]
      },
      "properties": {
        "観測点コード": 9310127,
        "地方整備局等番号": "89",
        "都道府県コード": ""
      }
    },
    {
      "type": "Feature",
      "geometry": {
        "type": "Point",
        "coordinates": [
          130.867355,
          32.8754950308221
        ]
      },
      "properties": {
        "観測点コード": 9310130,
        "地方整備局等番号": "89",
        "都道府県コード": ""
      }
    },
    {
      "type": "Feature",
      "geometry": {
        "type": "Point",
        "coordinates": [
          130.7572925,
          32.820198990739854
        ]
      },
      "properties": {
        "観測点コード": 9310140,
        "地方整備局等番号": "89",
        "都道府県コード": ""
      }
    },
    {
      "type": "Feature",
      "geometry": {
        "type": "Point",
        "coordinates": [
          130.55327,
          32.6779330305273
        ]
      },
      "properties": {
        "観測点コード": 9310150,
        "地方整備局等番号": "89",
        "都道府県コード": ""
      }
    },
    {
      "type": "Feature",
      "geometry": {
        "type": "Point",
        "coordinates": [
          130.370667,
          32.76467203065704
        ]
      },
      "properties": {
        "観測点コード": 9310155,
        "地方整備局等番号": "89",
        "都道府県コード": ""
      }
    },
    {
      "type": "Feature",
      "geometry": {
        "type": "Point",
        "coordinates": [
          130.199594,
          32.78536503068792
        ]
      },
      "properties": {
        "観測点コード": 9310156,
        "地方整備局等番号": "89",
        "都道府県コード": ""
      }
    },
    {
      "type": "Feature",
      "geometry": {
        "type": "Point",
        "coordinates": [
          131.6229634,
          33.06696517110531
        ]
      },
      "properties": {
        "観測点コード": 9310157,
        "地方整備局等番号": "89",
        "都道府県コード": ""
      }
    },
    {
      "type": "Feature",
      "geometry": {
        "type": "Point",
        "coordinates": [
          131.434075,
          32.997429031002746
        ]
      },
      "properties": {
        "観測点コード": 9310159,
        "地方整備局等番号": "89",
        "都道府県コード": ""
      }
    },
    {
      "type": "Feature",
      "geometry": {
        "type": "Point",
        "coordinates": [
          130.442657,
          33.62969103192261
        ]
      },
      "properties": {
        "観測点コード": 9310165,
        "地方整備局等番号": "89",
        "都道府県コード": ""
      }
    },
    {
      "type": "Feature",
      "geometry": {
        "type": "Point",
        "coordinates": [
          130.703907,
          33.6275850319196
        ]
      },
      "properties": {
        "観測点コード": 9310174,
        "地方整備局等番号": "89",
        "都道府県コード": ""
      }
    },
    {
      "type": "Feature",
      "geometry": {
        "type": "Point",
        "coordinates": [
          130.3350523,
          33.230906841345785
        ]
      },
      "properties": {
        "観測点コード": 9310181,
        "地方整備局等番号": "89",
        "都道府県コード": ""
      }
    },
    {
      "type": "Feature",
      "geometry": {
        "type": "Point",
        "coordinates": [
          130.6264597,
          32.918079150885305
        ]
      },
      "properties": {
        "観測点コード": 9310184,
        "地方整備局等番号": "89",
        "都道府県コード": ""
      }
    },
    {
      "type": "Feature",
      "geometry": {
        "type": "Point",
        "coordinates": [
          129.9447181,
          33.37000946154832
        ]
      },
      "properties": {
        "観測点コード": 9310185,
        "地方整備局等番号": "89",
        "都道府県コード": ""
      }
    },
    {
      "type": "Feature",
      "geometry": {
        "type": "Point",
        "coordinates": [
          130.111167,
          33.504396031742644
        ]
      },
      "properties": {
        "観測点コード": 9310187,
        "地方整備局等番号": "89",
        "都道府県コード": ""
      }
    },
    {
      "type": "Feature",
      "geometry": {
        "type": "Point",
        "coordinates": [
          130.64702,
          33.3383090315023
        ]
      },
      "properties": {
        "観測点コード": 9310188,
        "地方整備局等番号": "89",
        "都道府県コード": ""
      }
    },
    {
      "type": "Feature",
      "geometry": {
        "type": "Point",
        "coordinates": [
          129.833592,
          33.06535003110294
        ]
      },
      "properties": {
        "観測点コード": 9310189,
        "地方整備局等番号": "89",
        "都道府県コード": ""
      }
    },
    {
      "type": "Feature",
      "geometry": {
        "type": "Point",
        "coordinates": [
          130.387366,
          33.18514003127884
        ]
      },
      "properties": {
        "観測点コード": 9310191,
        "地方整備局等番号": "89",
        "都道府県コード": ""
      }
    },
    {
      "type": "Feature",
      "geometry": {
        "type": "Point",
        "coordinates": [
          130.361827,
          33.20214803130375
        ]
      },
      "properties": {
        "観測点コード": 9310192,
        "地方整備局等番号": "89",
        "都道府県コード": ""
      }
    },
    {
      "type": "Feature",
      "geometry": {
        "type": "Point",
        "coordinates": [
          130.343385,
          33.20855403131311
        ]
      },
      "properties": {
        "観測点コード": 9310193,
        "地方整備局等番号": "89",
        "都道府県コード": ""
      }
    },
    {
      "type": "Feature",
      "geometry": {
        "type": "Point",
        "coordinates": [
          130.863524,
          33.32086003147692
        ]
      },
      "properties": {
        "観測点コード": 9310195,
        "地方整備局等番号": "89",
        "都道府県コード": ""
      }
    },
    {
      "type": "Feature",
      "geometry": {
        "type": "Point",
        "coordinates": [
          131.295812,
          33.250128031373855
        ]
      },
      "properties": {
        "観測点コード": 9310200,
        "地方整備局等番号": "89",
        "都道府県コード": ""
      }
    },
    {
      "type": "Feature",
      "geometry": {
        "type": "Point",
        "coordinates": [
          131.498216,
          33.19671903129579
        ]
      },
      "properties": {
        "観測点コード": 9310205,
        "地方整備局等番号": "89",
        "都道府県コード": ""
      }
    },
    {
      "type": "Feature",
      "geometry": {
        "type": "Point",
        "coordinates": [
          131.442962,
          31.816050029212782
        ]
      },
      "properties": {
        "観測点コード": 9310210,
        "地方整備局等番号": "89",
        "都道府県コード": ""
      }
    },
    {
      "type": "Feature",
      "geometry": {
        "type": "Point",
        "coordinates": [
          130.99969040000002,
          31.417765998591218
        ]
      },
      "properties": {
        "観測点コード": 9310217,
        "地方整備局等番号": "89",
        "都道府県コード": ""
      }
    },
    {
      "type": "Feature",
      "geometry": {
        "type": "Point",
        "coordinates": [
          130.545285,
          31.377286028527593
        ]
      },
      "properties": {
        "観測点コード": 9310218,
        "地方整備局等番号": "89",
        "都道府県コード": ""
      }
    },
    {
      "type": "Feature",
      "geometry": {
        "type": "Point",
        "coordinates": [
          130.617867,
          31.56571802882308
        ]
      },
      "properties": {
        "観測点コード": 9310219,
        "地方整備局等番号": "89",
        "都道府県コード": ""
      }
    },
    {
      "type": "Feature",
      "geometry": {
        "type": "Point",
        "coordinates": [
          130.0480662,
          33.43104381163675
        ]
      },
      "properties": {
        "観測点コード": 9310220,
        "地方整備局等番号": "89",
        "都道府県コード": ""
      }
    },
    {
      "type": "Feature",
      "geometry": {
        "type": "Point",
        "coordinates": [
          130.476053,
          32.24423502987137
        ]
      },
      "properties": {
        "観測点コード": 9310470,
        "地方整備局等番号": "89",
        "都道府県コード": ""
      }
    },
    {
      "type": "Feature",
      "geometry": {
        "type": "Point",
        "coordinates": [
          130.428031,
          32.21685802982958
        ]
      },
      "properties": {
        "観測点コード": 9310480,
        "地方整備局等番号": "89",
        "都道府県コード": ""
      }
    },
    {
      "type": "Feature",
      "geometry": {
        "type": "Point",
        "coordinates": [
          130.326106,
          32.102630029654726
        ]
      },
      "properties": {
        "観測点コード": 9310520,
        "地方整備局等番号": "89",
        "都道府県コード": ""
      }
    },
    {
      "type": "Feature",
      "geometry": {
        "type": "Point",
        "coordinates": [
          130.292812,
          32.08242202962371
        ]
      },
      "properties": {
        "観測点コード": 9310530,
        "地方整備局等番号": "89",
        "都道府県コード": ""
      }
    },
    {
      "type": "Feature",
      "geometry": {
        "type": "Point",
        "coordinates": [
          130.26224,
          32.07232702960822
        ]
      },
      "properties": {
        "観測点コード": 9310540,
        "地方整備局等番号": "89",
        "都道府県コード": ""
      }
    },
    {
      "type": "Feature",
      "geometry": {
        "type": "Point",
        "coordinates": [
          130.257831,
          31.84607502925929
        ]
      },
      "properties": {
        "観測点コード": 9310600,
        "地方整備局等番号": "89",
        "都道府県コード": ""
      }
    },
    {
      "type": "Feature",
      "geometry": {
        "type": "Point",
        "coordinates": [
          130.283522,
          31.804655029195118
        ]
      },
      "properties": {
        "観測点コード": 9310610,
        "地方整備局等番号": "89",
        "都道府県コード": ""
      }
    },
    {
      "type": "Feature",
      "geometry": {
        "type": "Point",
        "coordinates": [
          130.304217,
          31.759537029125095
        ]
      },
      "properties": {
        "観測点コード": 9310620,
        "地方整備局等番号": "89",
        "都道府県コード": ""
      }
    },
    {
      "type": "Feature",
      "geometry": {
        "type": "Point",
        "coordinates": [
          130.044889,
          33.46078103167972
        ]
      },
      "properties": {
        "観測点コード": 9310627,
        "地方整備局等番号": "89",
        "都道府県コード": ""
      }
    },
    {
      "type": "Feature",
      "geometry": {
        "type": "Point",
        "coordinates": [
          129.9958886,
          33.414414111612686
        ]
      },
      "properties": {
        "観測点コード": 9310630,
        "地方整備局等番号": "89",
        "都道府県コード": ""
      }
    },
    {
      "type": "Feature",
      "geometry": {
        "type": "Point",
        "coordinates": [
          129.9347973,
          33.391371311579306
        ]
      },
      "properties": {
        "観測点コード": 9310640,
        "地方整備局等番号": "89",
        "都道府県コード": ""
      }
    },
    {
      "type": "Feature",
      "geometry": {
        "type": "Point",
        "coordinates": [
          129.933567,
          33.37966119156232
        ]
      },
      "properties": {
        "観測点コード": 9310650,
        "地方整備局等番号": "89",
        "都道府県コード": ""
      }
    },
    {
      "type": "Feature",
      "geometry": {
        "type": "Point",
        "coordinates": [
          129.915058,
          33.30074103144764
        ]
      },
      "properties": {
        "観測点コード": 9310660,
        "地方整備局等番号": "89",
        "都道府県コード": ""
      }
    },
    {
      "type": "Feature",
      "geometry": {
        "type": "Point",
        "coordinates": [
          129.8060041,
          33.323471851480726
        ]
      },
      "properties": {
        "観測点コード": 9310710,
        "地方整備局等番号": "89",
        "都道府県コード": ""
      }
    },
    {
      "type": "Feature",
      "geometry": {
        "type": "Point",
        "coordinates": [
          129.729277,
          33.34824903151674
        ]
      },
      "properties": {
        "観測点コード": 9310730,
        "地方整備局等番号": "89",
        "都道府県コード": ""
      }
    },
    {
      "type": "Feature",
      "geometry": {
        "type": "Point",
        "coordinates": [
          129.672585536,
          33.34295921550905
        ]
      },
      "properties": {
        "観測点コード": 9310740,
        "地方整備局等番号": "89",
        "都道府県コード": ""
      }
    },
    {
      "type": "Feature",
      "geometry": {
        "type": "Point",
        "coordinates": [
          131.725922,
          32.67533903052341
        ]
      },
      "properties": {
        "観測点コード": 9360330,
        "地方整備局等番号": "89",
        "都道府県コード": ""
      }
    },
    {
      "type": "Feature",
      "geometry": {
        "type": "Point",
        "coordinates": [
          131.648426,
          32.544601030326895
        ]
      },
      "properties": {
        "観測点コード": 9360340,
        "地方整備局等番号": "89",
        "都道府県コード": ""
      }
    },
    {
      "type": "Feature",
      "geometry": {
        "type": "Point",
        "coordinates": [
          131.345815,
          32.69277003054952
        ]
      },
      "properties": {
        "観測点コード": 9360465,
        "地方整備局等番号": "89",
        "都道府県コード": ""
      }
    },
    {
      "type": "Feature",
      "geometry": {
        "type": "Point",
        "coordinates": [
          131.36226,
          32.67691003052576
        ]
      },
      "properties": {
        "観測点コード": 9360467,
        "地方整備局等番号": "89",
        "都道府県コード": ""
      }
    },
    {
      "type": "Feature",
      "geometry": {
        "type": "Point",
        "coordinates": [
          131.509484,
          32.587591030391636
        ]
      },
      "properties": {
        "観測点コード": 9360470,
        "地方整備局等番号": "89",
        "都道府県コード": ""
      }
    },
    {
      "type": "Feature",
      "geometry": {
        "type": "Point",
        "coordinates": [
          127.924665,
          26.525846020561954
        ]
      },
      "properties": {
        "観測点コード": 10110010,
        "地方整備局等番号": "90",
        "都道府県コード": ""
      }
    },
    {
      "type": "Feature",
      "geometry": {
        "type": "Point",
        "coordinates": [
          127.741287946701,
          26.27496950463181
        ]
      },
      "properties": {
        "観測点コード": 10110030,
        "地方整備局等番号": "90",
        "都道府県コード": ""
      }
    },
    {
      "type": "Feature",
      "geometry": {
        "type": "Point",
        "coordinates": [
          127.955092,
          26.47501802047749
        ]
      },
      "properties": {
        "観測点コード": 10110040,
        "地方整備局等番号": "90",
        "都道府県コード": ""
      }
    },
    {
      "type": "Feature",
      "geometry": {
        "type": "Point",
        "coordinates": [
          127.81364321708601,
          26.28023651673024
        ]
      },
      "properties": {
        "観測点コード": 10110060,
        "地方整備局等番号": "90",
        "都道府県コード": ""
      }
    },
    {
      "type": "Feature",
      "geometry": {
        "type": "Point",
        "coordinates": [
          127.66189455985999,
          26.200277295979053
        ]
      },
      "properties": {
        "観測点コード": 10110070,
        "地方整備局等番号": "90",
        "都道府県コード": ""
      }
    },
    {
      "type": "Feature",
      "geometry": {
        "type": "Point",
        "coordinates": [
          127.706499695777,
          26.1754430532393
        ]
      },
      "properties": {
        "観測点コード": 10110090,
        "地方整備局等番号": "90",
        "都道府県コード": ""
      }
    },
    {
      "type": "Feature",
      "geometry": {
        "type": "Point",
        "coordinates": [
          138.86336800000004,
          35.39117538431567
        ]
      },
      "properties": {
        "観測点コード": 3110570,
        "地方整備局等番号": "83",
        "都道府県コード": ""
      }
    },
    {
      "type": "Feature",
      "geometry": {
        "type": "Point",
        "coordinates": [
          138.83839670000003,
          35.51892892447836
        ]
      },
      "properties": {
        "観測点コード": 3110590,
        "地方整備局等番号": "83",
        "都道府県コード": ""
      }
    },
    {
      "type": "Feature",
      "geometry": {
        "type": "Point",
        "coordinates": [
          134.222875,
          35.523803034484544
        ]
      },
      "properties": {
        "観測点コード": 7110110,
        "地方整備局等番号": "87",
        "都道府県コード": ""
      }
    },
    {
      "type": "Feature",
      "geometry": {
        "type": "Point",
        "coordinates": [
          133.602321,
          35.52073503448066
        ]
      },
      "properties": {
        "観測点コード": 7110120,
        "地方整備局等番号": "87",
        "都道府県コード": ""
      }
    },
    {
      "type": "Feature",
      "geometry": {
        "type": "Point",
        "coordinates": [
          133.370183,
          35.41880503435098
        ]
      },
      "properties": {
        "観測点コード": 7110130,
        "地方整備局等番号": "87",
        "都道府県コード": ""
      }
    },
    {
      "type": "Feature",
      "geometry": {
        "type": "Point",
        "coordinates": [
          134.014803,
          35.52642103448786
        ]
      },
      "properties": {
        "観測点コード": 7310050,
        "地方整備局等番号": "87",
        "都道府県コード": ""
      }
    },
    {
      "type": "Feature",
      "geometry": {
        "type": "Point",
        "coordinates": [
          133.88375,
          35.50599803446197
        ]
      },
      "properties": {
        "観測点コード": 7310060,
        "地方整備局等番号": "87",
        "都道府県コード": ""
      }
    },
    {
      "type": "Feature",
      "geometry": {
        "type": "Point",
        "coordinates": [
          134.020507,
          35.51442503447265
        ]
      },
      "properties": {
        "観測点コード": 7310070,
        "地方整備局等番号": "87",
        "都道府県コード": ""
      }
    },
    {
      "type": "Feature",
      "geometry": {
        "type": "Point",
        "coordinates": [
          133.951629,
          35.50773503446417
        ]
      },
      "properties": {
        "観測点コード": 7310080,
        "地方整備局等番号": "87",
        "都道府県コード": ""
      }
    },
    {
      "type": "Feature",
      "geometry": {
        "type": "Point",
        "coordinates": [
          133.906984,
          35.49831203445221
        ]
      },
      "properties": {
        "観測点コード": 7310090,
        "地方整備局等番号": "87",
        "都道府県コード": ""
      }
    },
    {
      "type": "Feature",
      "geometry": {
        "type": "Point",
        "coordinates": [
          133.493736,
          35.508808034465545
        ]
      },
      "properties": {
        "観測点コード": 7310100,
        "地方整備局等番号": "87",
        "都道府県コード": ""
      }
    },
    {
      "type": "Feature",
      "geometry": {
        "type": "Point",
        "coordinates": [
          134.259336,
          35.419582034351976
        ]
      },
      "properties": {
        "観測点コード": 7310130,
        "地方整備局等番号": "87",
        "都道府県コード": ""
      }
    },
    {
      "type": "Feature",
      "geometry": {
        "type": "Point",
        "coordinates": [
          134.228921,
          35.28755503418254
        ]
      },
      "properties": {
        "観測点コード": 7310140,
        "地方整備局等番号": "87",
        "都道府県コード": ""
      }
    },
    {
      "type": "Feature",
      "geometry": {
        "type": "Point",
        "coordinates": [
          134.19798,
          35.48752003443851
        ]
      },
      "properties": {
        "観測点コード": 7310190,
        "地方整備局等番号": "87",
        "都道府県コード": ""
      }
    },
    {
      "type": "Feature",
      "geometry": {
        "type": "Point",
        "coordinates": [
          134.284636,
          35.56082603453137
        ]
      },
      "properties": {
        "観測点コード": 7310200,
        "地方整備局等番号": "87",
        "都道府県コード": ""
      }
    },
    {
      "type": "Feature",
      "geometry": {
        "type": "Point",
        "coordinates": [
          133.518074,
          35.50841503446504
        ]
      },
      "properties": {
        "観測点コード": 7310210,
        "地方整備局等番号": "87",
        "都道府県コード": ""
      }
    },
    {
      "type": "Feature",
      "geometry": {
        "type": "Point",
        "coordinates": [
          134.13269444,
          35.527027804488625
        ]
      },
      "properties": {
        "観測点コード": 7310220,
        "地方整備局等番号": "87",
        "都道府県コード": ""
      }
    },
    {
      "type": "Feature",
      "geometry": {
        "type": "Point",
        "coordinates": [
          134.20377777,
          35.397000034323106
        ]
      },
      "properties": {
        "観測点コード": 7310240,
        "地方整備局等番号": "87",
        "都道府県コード": ""
      }
    },
    {
      "type": "Feature",
      "geometry": {
        "type": "Point",
        "coordinates": [
          134.1603,
          35.49457003444746
        ]
      },
      "properties": {
        "観測点コード": 7310610,
        "地方整備局等番号": "87",
        "都道府県コード": ""
      }
    },
    {
      "type": "Feature",
      "geometry": {
        "type": "Point",
        "coordinates": [
          134.0804,
          35.50153003445631
        ]
      },
      "properties": {
        "観測点コード": 7310620,
        "地方整備局等番号": "87",
        "都道府県コード": ""
      }
    },
    {
      "type": "Feature",
      "geometry": {
        "type": "Point",
        "coordinates": [
          134.0626,
          35.49990003445423
        ]
      },
      "properties": {
        "観測点コード": 7310630,
        "地方整備局等番号": "87",
        "都道府県コード": ""
      }
    },
    {
      "type": "Feature",
      "geometry": {
        "type": "Point",
        "coordinates": [
          134.0108,
          35.50860003446527
        ]
      },
      "properties": {
        "観測点コード": 7310640,
        "地方整備局等番号": "87",
        "都道府県コード": ""
      }
    },
    {
      "type": "Feature",
      "geometry": {
        "type": "Point",
        "coordinates": [
          134.286932,
          35.238191034118756
        ]
      },
      "properties": {
        "観測点コード": 7360030,
        "地方整備局等番号": "87",
        "都道府県コード": ""
      }
    },
    {
      "type": "Feature",
      "geometry": {
        "type": "Point",
        "coordinates": [
          134.227547,
          35.284722034178905
        ]
      },
      "properties": {
        "観測点コード": 7360040,
        "地方整備局等番号": "87",
        "都道府県コード": ""
      }
    },
    {
      "type": "Feature",
      "geometry": {
        "type": "Point",
        "coordinates": [
          133.3551943,
          34.48565560311886
        ]
      },
      "properties": {
        "観測点コード": 7110050,
        "地方整備局等番号": "87",
        "都道府県コード": ""
      }
    },
    {
      "type": "Feature",
      "geometry": {
        "type": "Point",
        "coordinates": [
          133.2070398,
          34.42263781303284
        ]
      },
      "properties": {
        "観測点コード": 7110060,
        "地方整備局等番号": "87",
        "都道府県コード": ""
      }
    },
    {
      "type": "Feature",
      "geometry": {
        "type": "Point",
        "coordinates": [
          133.1699288,
          34.407573573012236
        ]
      },
      "properties": {
        "観測点コード": 7110070,
        "地方整備局等番号": "87",
        "都道府県コード": ""
      }
    },
    {
      "type": "Feature",
      "geometry": {
        "type": "Point",
        "coordinates": [
          132.8171003,
          34.76131441349103
        ]
      },
      "properties": {
        "観測点コード": 7110230,
        "地方整備局等番号": "87",
        "都道府県コード": ""
      }
    },
    {
      "type": "Feature",
      "geometry": {
        "type": "Point",
        "coordinates": [
          132.459786,
          34.38300703297858
        ]
      },
      "properties": {
        "観測点コード": 7110300,
        "地方整備局等番号": "87",
        "都道府県コード": ""
      }
    },
    {
      "type": "Feature",
      "geometry": {
        "type": "Point",
        "coordinates": [
          133.151389,
          34.39666703299729
        ]
      },
      "properties": {
        "観測点コード": 7116080,
        "地方整備局等番号": "87",
        "都道府県コード": ""
      }
    },
    {
      "type": "Feature",
      "geometry": {
        "type": "Point",
        "coordinates": [
          133.4192187,
          34.49757349313508
        ]
      },
      "properties": {
        "観測点コード": 7310030,
        "地方整備局等番号": "87",
        "都道府県コード": ""
      }
    },
    {
      "type": "Feature",
      "geometry": {
        "type": "Point",
        "coordinates": [
          132.689449,
          34.34795203293048
        ]
      },
      "properties": {
        "観測点コード": 7310310,
        "地方整備局等番号": "87",
        "都道府県コード": ""
      }
    },
    {
      "type": "Feature",
      "geometry": {
        "type": "Point",
        "coordinates": [
          132.733939,
          34.3631870329514
        ]
      },
      "properties": {
        "観測点コード": 7310320,
        "地方整備局等番号": "87",
        "都道府県コード": ""
      }
    },
    {
      "type": "Feature",
      "geometry": {
        "type": "Point",
        "coordinates": [
          133.26236,
          34.46347803308863
        ]
      },
      "properties": {
        "観測点コード": 7310340,
        "地方整備局等番号": "87",
        "都道府県コード": ""
      }
    },
    {
      "type": "Feature",
      "geometry": {
        "type": "Point",
        "coordinates": [
          132.797334,
          34.40069503300281
        ]
      },
      "properties": {
        "観測点コード": 7310510,
        "地方整備局等番号": "87",
        "都道府県コード": ""
      }
    },
    {
      "type": "Feature",
      "geometry": {
        "type": "Point",
        "coordinates": [
          132.51558,
          34.53976203319243
        ]
      },
      "properties": {
        "観測点コード": 7310520,
        "地方整備局等番号": "87",
        "都道府県コード": ""
      }
    },
    {
      "type": "Feature",
      "geometry": {
        "type": "Point",
        "coordinates": [
          132.31778000000003,
          34.347256032929515
        ]
      },
      "properties": {
        "観測点コード": 7310530,
        "地方整備局等番号": "87",
        "都道府県コード": ""
      }
    },
    {
      "type": "Feature",
      "geometry": {
        "type": "Point",
        "coordinates": [
          132.631054,
          34.310647032879174
        ]
      },
      "properties": {
        "観測点コード": 7310540,
        "地方整備局等番号": "87",
        "都道府県コード": ""
      }
    },
    {
      "type": "Feature",
      "geometry": {
        "type": "Point",
        "coordinates": [
          137.026061,
          37.012781036257515
        ]
      },
      "properties": {
        "観測点コード": 4110400,
        "地方整備局等番号": "84",
        "都道府県コード": ""
      }
    },
    {
      "type": "Feature",
      "geometry": {
        "type": "Point",
        "coordinates": [
          137.047738,
          37.0464990362949
        ]
      },
      "properties": {
        "観測点コード": 4110310,
        "地方整備局等番号": "84",
        "都道府県コード": ""
      }
    },
    {
      "type": "Feature",
      "geometry": {
        "type": "Point",
        "coordinates": [
          140.63609,
          41.996809040234545
        ]
      },
      "properties": {
        "観測点コード": 1810010,
        "地方整備局等番号": "81",
        "都道府県コード": "02"
      }
    },
    {
      "type": "Feature",
      "geometry": {
        "type": "Point",
        "coordinates": [
          140.596961,
          42.079752040271956
        ]
      },
      "properties": {
        "観測点コード": 1810020,
        "地方整備局等番号": "81",
        "都道府県コード": "02"
      }
    },
    {
      "type": "Feature",
      "geometry": {
        "type": "Point",
        "coordinates": [
          140.438889,
          42.18194404031664
        ]
      },
      "properties": {
        "観測点コード": 1810030,
        "地方整備局等番号": "81",
        "都道府県コード": "02"
      }
    },
    {
      "type": "Feature",
      "geometry": {
        "type": "Point",
        "coordinates": [
          140.385,
          42.21583304033111
        ]
      },
      "properties": {
        "観測点コード": 1810040,
        "地方整備局等番号": "81",
        "都道府県コード": "02"
      }
    },
    {
      "type": "Feature",
      "geometry": {
        "type": "Point",
        "coordinates": [
          140.271667,
          42.29972204036625
        ]
      },
      "properties": {
        "観測点コード": 1810050,
        "地方整備局等番号": "81",
        "都道府県コード": "02"
      }
    },
    {
      "type": "Feature",
      "geometry": {
        "type": "Point",
        "coordinates": [
          140.42222,
          42.70250004052043
        ]
      },
      "properties": {
        "観測点コード": 1810060,
        "地方整備局等番号": "81",
        "都道府県コード": "03"
      }
    },
    {
      "type": "Feature",
      "geometry": {
        "type": "Point",
        "coordinates": [
          140.52666,
          42.805277040555936
        ]
      },
      "properties": {
        "観測点コード": 1810070,
        "地方整備局等番号": "81",
        "都道府県コード": "03"
      }
    },
    {
      "type": "Feature",
      "geometry": {
        "type": "Point",
        "coordinates": [
          140.700552,
          42.79952604055398
        ]
      },
      "properties": {
        "観測点コード": 1810080,
        "地方整備局等番号": "81",
        "都道府県コード": "03"
      }
    },
    {
      "type": "Feature",
      "geometry": {
        "type": "Point",
        "coordinates": [
          140.678611,
          43.037777040630445
        ]
      },
      "properties": {
        "観測点コード": 1810100,
        "地方整備局等番号": "81",
        "都道府県コード": "03"
      }
    },
    {
      "type": "Feature",
      "geometry": {
        "type": "Point",
        "coordinates": [
          140.975798,
          43.20720804067966
        ]
      },
      "properties": {
        "観測点コード": 1810110,
        "地方整備局等番号": "81",
        "都道府県コード": "03"
      }
    },
    {
      "type": "Feature",
      "geometry": {
        "type": "Point",
        "coordinates": [
          141.041001,
          43.177556040671355
        ]
      },
      "properties": {
        "観測点コード": 1810120,
        "地方整備局等番号": "81",
        "都道府県コード": "03"
      }
    },
    {
      "type": "Feature",
      "geometry": {
        "type": "Point",
        "coordinates": [
          140.720833,
          41.88166704018098
        ]
      },
      "properties": {
        "観測点コード": 1810130,
        "地方整備局等番号": "81",
        "都道府県コード": "02"
      }
    },
    {
      "type": "Feature",
      "geometry": {
        "type": "Point",
        "coordinates": [
          140.673037,
          41.922053040199984
        ]
      },
      "properties": {
        "観測点コード": 1810140,
        "地方整備局等番号": "81",
        "都道府県コード": "02"
      }
    },
    {
      "type": "Feature",
      "geometry": {
        "type": "Point",
        "coordinates": [
          141.936064,
          43.575214040771755
        ]
      },
      "properties": {
        "観測点コード": 1810160,
        "地方整備局等番号": "81",
        "都道府県コード": "01"
      }
    },
    {
      "type": "Feature",
      "geometry": {
        "type": "Point",
        "coordinates": [
          142.273832256632,
          43.75523899023857
        ]
      },
      "properties": {
        "観測点コード": 1810180,
        "地方整備局等番号": "81",
        "都道府県コード": "04"
      }
    },
    {
      "type": "Feature",
      "geometry": {
        "type": "Point",
        "coordinates": [
          141.532244,
          42.92800104059627
        ]
      },
      "properties": {
        "観測点コード": 1810200,
        "地方整備局等番号": "81",
        "都道府県コード": "01"
      }
    },
    {
      "type": "Feature",
      "geometry": {
        "type": "Point",
        "coordinates": [
          141.599922,
          42.86212604057491
        ]
      },
      "properties": {
        "観測点コード": 1810210,
        "地方整備局等番号": "81",
        "都道府県コード": "01"
      }
    },
    {
      "type": "Feature",
      "geometry": {
        "type": "Point",
        "coordinates": [
          141.709144,
          42.736385040532305
        ]
      },
      "properties": {
        "観測点コード": 1810220,
        "地方整備局等番号": "81",
        "都道府県コード": "05"
      }
    },
    {
      "type": "Feature",
      "geometry": {
        "type": "Point",
        "coordinates": [
          141.159993,
          42.44474904042452
        ]
      },
      "properties": {
        "観測点コード": 1810240,
        "地方整備局等番号": "81",
        "都道府県コード": "05"
      }
    },
    {
      "type": "Feature",
      "geometry": {
        "type": "Point",
        "coordinates": [
          140.996368,
          42.32896604037825
        ]
      },
      "properties": {
        "観測点コード": 1810250,
        "地方整備局等番号": "81",
        "都道府県コード": "05"
      }
    },
    {
      "type": "Feature",
      "geometry": {
        "type": "Point",
        "coordinates": [
          140.461667,
          42.59861104048294
        ]
      },
      "properties": {
        "観測点コード": 1810260,
        "地方整備局等番号": "81",
        "都道府県コード": "02"
      }
    },
    {
      "type": "Feature",
      "geometry": {
        "type": "Point",
        "coordinates": [
          140.520753,
          42.59319704048096
        ]
      },
      "properties": {
        "観測点コード": 1810270,
        "地方整備局等番号": "81",
        "都道府県コード": "05"
      }
    },
    {
      "type": "Feature",
      "geometry": {
        "type": "Point",
        "coordinates": [
          140.535945,
          42.59372804048115
        ]
      },
      "properties": {
        "観測点コード": 1810280,
        "地方整備局等番号": "81",
        "都道府県コード": "05"
      }
    },
    {
      "type": "Feature",
      "geometry": {
        "type": "Point",
        "coordinates": [
          140.742626,
          42.56267604046962
        ]
      },
      "properties": {
        "観測点コード": 1810290,
        "地方整備局等番号": "81",
        "都道府県コード": "05"
      }
    },
    {
      "type": "Feature",
      "geometry": {
        "type": "Point",
        "coordinates": [
          141.983838,
          43.57408404077149
        ]
      },
      "properties": {
        "観測点コード": 1810310,
        "地方整備局等番号": "81",
        "都道府県コード": "01"
      }
    },
    {
      "type": "Feature",
      "geometry": {
        "type": "Point",
        "coordinates": [
          142.266721,
          43.47080004074768
        ]
      },
      "properties": {
        "観測点コード": 1810320,
        "地方整備局等番号": "81",
        "都道府県コード": "01"
      }
    },
    {
      "type": "Feature",
      "geometry": {
        "type": "Point",
        "coordinates": [
          142.57548514343702,
          43.197272411385796
        ]
      },
      "properties": {
        "観測点コード": 1810350,
        "地方整備局等番号": "81",
        "都道府県コード": "04"
      }
    },
    {
      "type": "Feature",
      "geometry": {
        "type": "Point",
        "coordinates": [
          142.786825,
          43.15712704066555
        ]
      },
      "properties": {
        "観測点コード": 1810360,
        "地方整備局等番号": "81",
        "都道府県コード": "07"
      }
    },
    {
      "type": "Feature",
      "geometry": {
        "type": "Point",
        "coordinates": [
          143.51125,
          42.814306040558975
        ]
      },
      "properties": {
        "観測点コード": 1810370,
        "地方整備局等番号": "81",
        "都道府県コード": "07"
      }
    },
    {
      "type": "Feature",
      "geometry": {
        "type": "Point",
        "coordinates": [
          143.71063,
          42.82083104056116
        ]
      },
      "properties": {
        "観測点コード": 1810380,
        "地方整備局等番号": "81",
        "都道府県コード": "07"
      }
    },
    {
      "type": "Feature",
      "geometry": {
        "type": "Point",
        "coordinates": [
          143.874907,
          42.86448904057567
        ]
      },
      "properties": {
        "観測点コード": 1810390,
        "地方整備局等番号": "81",
        "都道府県コード": "06"
      }
    },
    {
      "type": "Feature",
      "geometry": {
        "type": "Point",
        "coordinates": [
          144.254672,
          43.00508004062045
        ]
      },
      "properties": {
        "観測点コード": 1810400,
        "地方整備局等番号": "81",
        "都道府県コード": "06"
      }
    },
    {
      "type": "Feature",
      "geometry": {
        "type": "Point",
        "coordinates": [
          144.257695,
          43.0195510406249
        ]
      },
      "properties": {
        "観測点コード": 1810410,
        "地方整備局等番号": "81",
        "都道府県コード": "06"
      }
    },
    {
      "type": "Feature",
      "geometry": {
        "type": "Point",
        "coordinates": [
          144.364725,
          43.00768404062126
        ]
      },
      "properties": {
        "観測点コード": 1810420,
        "地方整備局等番号": "81",
        "都道府県コード": "06"
      }
    },
    {
      "type": "Feature",
      "geometry": {
        "type": "Point",
        "coordinates": [
          142.522262332469,
          43.89533772001418
        ]
      },
      "properties": {
        "観測点コード": 1810430,
        "地方整備局等番号": "81",
        "都道府県コード": "04"
      }
    },
    {
      "type": "Feature",
      "geometry": {
        "type": "Point",
        "coordinates": [
          144.001818,
          43.88484504083343
        ]
      },
      "properties": {
        "観測点コード": 1810460,
        "地方整備局等番号": "81",
        "都道府県コード": "08"
      }
    },
    {
      "type": "Feature",
      "geometry": {
        "type": "Point",
        "coordinates": [
          144.156572,
          43.91366204083846
        ]
      },
      "properties": {
        "観測点コード": 1810480,
        "地方整備局等番号": "81",
        "都道府県コード": "08"
      }
    },
    {
      "type": "Feature",
      "geometry": {
        "type": "Point",
        "coordinates": [
          142.449476813803,
          43.84734151228824
        ]
      },
      "properties": {
        "観測点コード": 1810490,
        "地方整備局等番号": "81",
        "都道府県コード": "04"
      }
    },
    {
      "type": "Feature",
      "geometry": {
        "type": "Point",
        "coordinates": [
          142.391293207353,
          44.091634905591874
        ]
      },
      "properties": {
        "観測点コード": 1810500,
        "地方整備局等番号": "81",
        "都道府県コード": "04"
      }
    },
    {
      "type": "Feature",
      "geometry": {
        "type": "Point",
        "coordinates": [
          142.274019195489,
          44.70483751674948
        ]
      },
      "properties": {
        "観測点コード": 1810510,
        "地方整備局等番号": "81",
        "都道府県コード": "04"
      }
    },
    {
      "type": "Feature",
      "geometry": {
        "type": "Point",
        "coordinates": [
          142.249444,
          44.72277804092767
        ]
      },
      "properties": {
        "観測点コード": 1810520,
        "地方整備局等番号": "81",
        "都道府県コード": "04"
      }
    },
    {
      "type": "Feature",
      "geometry": {
        "type": "Point",
        "coordinates": [
          141.953541,
          44.89642004093388
        ]
      },
      "properties": {
        "観測点コード": 1810530,
        "地方整備局等番号": "81",
        "都道府県コード": "09"
      }
    },
    {
      "type": "Feature",
      "geometry": {
        "type": "Point",
        "coordinates": [
          141.771843,
          45.02095404093553
        ]
      },
      "properties": {
        "観測点コード": 1810540,
        "地方整備局等番号": "81",
        "都道府県コード": "10"
      }
    },
    {
      "type": "Feature",
      "geometry": {
        "type": "Point",
        "coordinates": [
          141.751626,
          45.1450290409348
        ]
      },
      "properties": {
        "観測点コード": 1810550,
        "地方整備局等番号": "81",
        "都道府県コード": "10"
      }
    },
    {
      "type": "Feature",
      "geometry": {
        "type": "Point",
        "coordinates": [
          141.745387,
          45.22646604093306
        ]
      },
      "properties": {
        "観測点コード": 1810560,
        "地方整備局等番号": "81",
        "都道府県コード": "10"
      }
    },
    {
      "type": "Feature",
      "geometry": {
        "type": "Point",
        "coordinates": [
          141.794418,
          45.11301904093522
        ]
      },
      "properties": {
        "観測点コード": 1810570,
        "地方整備局等番号": "81",
        "都道府県コード": "10"
      }
    },
    {
      "type": "Feature",
      "geometry": {
        "type": "Point",
        "coordinates": [
          144.393418,
          42.9878210406151
        ]
      },
      "properties": {
        "観測点コード": 1810580,
        "地方整備局等番号": "81",
        "都道府県コード": "06"
      }
    },
    {
      "type": "Feature",
      "geometry": {
        "type": "Point",
        "coordinates": [
          144.791279,
          43.05774504063647
        ]
      },
      "properties": {
        "観測点コード": 1810590,
        "地方整備局等番号": "81",
        "都道府県コード": "06"
      }
    },
    {
      "type": "Feature",
      "geometry": {
        "type": "Point",
        "coordinates": [
          144.830749,
          43.05804004063655
        ]
      },
      "properties": {
        "観測点コード": 1810600,
        "地方整備局等番号": "81",
        "都道府県コード": "06"
      }
    },
    {
      "type": "Feature",
      "geometry": {
        "type": "Point",
        "coordinates": [
          145.50731400000004,
          43.282406040700124
        ]
      },
      "properties": {
        "観測点コード": 1810610,
        "地方整備局等番号": "81",
        "都道府県コード": "06"
      }
    },
    {
      "type": "Feature",
      "geometry": {
        "type": "Point",
        "coordinates": [
          140.45583300000004,
          41.95083004021339
        ]
      },
      "properties": {
        "観測点コード": 1810620,
        "地方整備局等番号": "81",
        "都道府県コード": "02"
      }
    },
    {
      "type": "Feature",
      "geometry": {
        "type": "Point",
        "coordinates": [
          140.613139,
          41.77072204012754
        ]
      },
      "properties": {
        "観測点コード": 1810630,
        "地方整備局等番号": "81",
        "都道府県コード": "02"
      }
    },
    {
      "type": "Feature",
      "geometry": {
        "type": "Point",
        "coordinates": [
          140.434972,
          41.666445040075686
        ]
      },
      "properties": {
        "観測点コード": 1810640,
        "地方整備局等番号": "81",
        "都道府県コード": "02"
      }
    },
    {
      "type": "Feature",
      "geometry": {
        "type": "Point",
        "coordinates": [
          140.429715,
          41.624898040054596
        ]
      },
      "properties": {
        "観測点コード": 1810650,
        "地方整備局等番号": "81",
        "都道府県コード": "02"
      }
    },
    {
      "type": "Feature",
      "geometry": {
        "type": "Point",
        "coordinates": [
          140.249306,
          41.49941703998935
        ]
      },
      "properties": {
        "観測点コード": 1810660,
        "地方整備局等番号": "81",
        "都道府県コード": "02"
      }
    },
    {
      "type": "Feature",
      "geometry": {
        "type": "Point",
        "coordinates": [
          140.185625,
          41.40202103993715
        ]
      },
      "properties": {
        "観測点コード": 1810670,
        "地方整備局等番号": "81",
        "都道府県コード": "02"
      }
    },
    {
      "type": "Feature",
      "geometry": {
        "type": "Point",
        "coordinates": [
          140.128056,
          41.43166703995318
        ]
      },
      "properties": {
        "観測点コード": 1810680,
        "地方整備局等番号": "81",
        "都道府県コード": "02"
      }
    },
    {
      "type": "Feature",
      "geometry": {
        "type": "Point",
        "coordinates": [
          140.027778,
          41.71166704009836
        ]
      },
      "properties": {
        "観測点コード": 1810690,
        "地方整備局等番号": "81",
        "都道府県コード": "02"
      }
    },
    {
      "type": "Feature",
      "geometry": {
        "type": "Point",
        "coordinates": [
          140.12472200000002,
          41.84777804016484
        ]
      },
      "properties": {
        "観測点コード": 1810700,
        "地方整備局等番号": "81",
        "都道府県コード": "02"
      }
    },
    {
      "type": "Feature",
      "geometry": {
        "type": "Point",
        "coordinates": [
          140.732222,
          41.84277804016245
        ]
      },
      "properties": {
        "観測点コード": 1810710,
        "地方整備局等番号": "81",
        "都道府県コード": "02"
      }
    },
    {
      "type": "Feature",
      "geometry": {
        "type": "Point",
        "coordinates": [
          140.64875,
          41.83613904015928
        ]
      },
      "properties": {
        "観測点コード": 1810720,
        "地方整備局等番号": "81",
        "都道府県コード": "02"
      }
    },
    {
      "type": "Feature",
      "geometry": {
        "type": "Point",
        "coordinates": [
          140.61055600000003,
          41.78055604013235
        ]
      },
      "properties": {
        "観測点コード": 1810730,
        "地方整備局等番号": "81",
        "都道府県コード": "02"
      }
    },
    {
      "type": "Feature",
      "geometry": {
        "type": "Point",
        "coordinates": [
          140.73446400000003,
          43.2287050406856
        ]
      },
      "properties": {
        "観測点コード": 1810750,
        "地方整備局等番号": "81",
        "都道府県コード": "03"
      }
    },
    {
      "type": "Feature",
      "geometry": {
        "type": "Point",
        "coordinates": [
          140.6375,
          43.280277040699566
        ]
      },
      "properties": {
        "観測点コード": 1810760,
        "地方整備局等番号": "81",
        "都道府県コード": "03"
      }
    },
    {
      "type": "Feature",
      "geometry": {
        "type": "Point",
        "coordinates": [
          140.422613,
          43.328914040712355
        ]
      },
      "properties": {
        "観測点コード": 1810780,
        "地方整備局等番号": "81",
        "都道府県コード": "03"
      }
    },
    {
      "type": "Feature",
      "geometry": {
        "type": "Point",
        "coordinates": [
          140.346959,
          43.19878704067732
        ]
      },
      "properties": {
        "観測点コード": 1810790,
        "地方整備局等番号": "81",
        "都道府県コード": "03"
      }
    },
    {
      "type": "Feature",
      "geometry": {
        "type": "Point",
        "coordinates": [
          140.505833,
          43.04480504063257
        ]
      },
      "properties": {
        "観測点コード": 1810800,
        "地方整備局等番号": "81",
        "都道府県コード": "03"
      }
    },
    {
      "type": "Feature",
      "geometry": {
        "type": "Point",
        "coordinates": [
          140.548333,
          43.02277704062587
        ]
      },
      "properties": {
        "観測点コード": 1810810,
        "地方整備局等番号": "81",
        "都道府県コード": "03"
      }
    },
    {
      "type": "Feature",
      "geometry": {
        "type": "Point",
        "coordinates": [
          140.538303,
          42.99750304061811
        ]
      },
      "properties": {
        "観測点コード": 1810820,
        "地方整備局等番号": "81",
        "都道府県コード": "03"
      }
    },
    {
      "type": "Feature",
      "geometry": {
        "type": "Point",
        "coordinates": [
          140.511333,
          42.981000040613
        ]
      },
      "properties": {
        "観測点コード": 1810830,
        "地方整備局等番号": "81",
        "都道府県コード": "03"
      }
    },
    {
      "type": "Feature",
      "geometry": {
        "type": "Point",
        "coordinates": [
          140.409415,
          42.93163404059743
        ]
      },
      "properties": {
        "観測点コード": 1810840,
        "地方整備局等番号": "81",
        "都道府県コード": "03"
      }
    },
    {
      "type": "Feature",
      "geometry": {
        "type": "Point",
        "coordinates": [
          140.308974,
          42.83094404056455
        ]
      },
      "properties": {
        "観測点コード": 1810850,
        "地方整備局等番号": "81",
        "都道府県コード": "03"
      }
    },
    {
      "type": "Feature",
      "geometry": {
        "type": "Point",
        "coordinates": [
          140.184051,
          42.818297040560324
        ]
      },
      "properties": {
        "観測点コード": 1810860,
        "地方整備局等番号": "81",
        "都道府県コード": "03"
      }
    },
    {
      "type": "Feature",
      "geometry": {
        "type": "Point",
        "coordinates": [
          139.919444,
          42.68444404051404
        ]
      },
      "properties": {
        "観測点コード": 1810870,
        "地方整備局等番号": "81",
        "都道府県コード": "03"
      }
    },
    {
      "type": "Feature",
      "geometry": {
        "type": "Point",
        "coordinates": [
          139.832222,
          42.57583304047453
        ]
      },
      "properties": {
        "観測点コード": 1810880,
        "地方整備局等番号": "81",
        "都道府県コード": "02"
      }
    },
    {
      "type": "Feature",
      "geometry": {
        "type": "Point",
        "coordinates": [
          139.899444,
          42.17250004031257
        ]
      },
      "properties": {
        "観測点コード": 1810890,
        "地方整備局等番号": "81",
        "都道府県コード": "02"
      }
    },
    {
      "type": "Feature",
      "geometry": {
        "type": "Point",
        "coordinates": [
          139.868333,
          42.21750004033183
        ]
      },
      "properties": {
        "観測点コード": 1810900,
        "地方整備局等番号": "81",
        "都道府県コード": "02"
      }
    },
    {
      "type": "Feature",
      "geometry": {
        "type": "Point",
        "coordinates": [
          140.016837,
          42.11918804028937
        ]
      },
      "properties": {
        "観測点コード": 1810910,
        "地方整備局等番号": "81",
        "都道府県コード": "02"
      }
    },
    {
      "type": "Feature",
      "geometry": {
        "type": "Point",
        "coordinates": [
          140.139624,
          41.97324904022374
        ]
      },
      "properties": {
        "観測点コード": 1810920,
        "地方整備局等番号": "81",
        "都道府県コード": "02"
      }
    },
    {
      "type": "Feature",
      "geometry": {
        "type": "Point",
        "coordinates": [
          141.339621,
          43.001256040619275
        ]
      },
      "properties": {
        "観測点コード": 1810940,
        "地方整備局等番号": "81",
        "都道府県コード": "01"
      }
    },
    {
      "type": "Feature",
      "geometry": {
        "type": "Point",
        "coordinates": [
          141.337588,
          42.999192040618645
        ]
      },
      "properties": {
        "観測点コード": 1810950,
        "地方整備局等番号": "81",
        "都道府県コード": "01"
      }
    },
    {
      "type": "Feature",
      "geometry": {
        "type": "Point",
        "coordinates": [
          141.151206,
          42.9536270406044
        ]
      },
      "properties": {
        "観測点コード": 1810960,
        "地方整備局等番号": "81",
        "都道府県コード": "01"
      }
    },
    {
      "type": "Feature",
      "geometry": {
        "type": "Point",
        "coordinates": [
          141.139985,
          42.883263040581824
        ]
      },
      "properties": {
        "観測点コード": 1810970,
        "地方整備局等番号": "81",
        "都道府県コード": "01"
      }
    },
    {
      "type": "Feature",
      "geometry": {
        "type": "Point",
        "coordinates": [
          140.839722,
          42.69444404051758
        ]
      },
      "properties": {
        "観測点コード": 1810980,
        "地方整備局等番号": "81",
        "都道府県コード": "03"
      }
    },
    {
      "type": "Feature",
      "geometry": {
        "type": "Point",
        "coordinates": [
          141.353771,
          43.161847040666906
        ]
      },
      "properties": {
        "観測点コード": 1811010,
        "地方整備局等番号": "81",
        "都道府県コード": "01"
      }
    },
    {
      "type": "Feature",
      "geometry": {
        "type": "Point",
        "coordinates": [
          141.323859,
          43.183375040672985
        ]
      },
      "properties": {
        "観測点コード": 1811020,
        "地方整備局等番号": "81",
        "都道府県コード": "01"
      }
    },
    {
      "type": "Feature",
      "geometry": {
        "type": "Point",
        "coordinates": [
          141.345058,
          43.22320404068409
        ]
      },
      "properties": {
        "観測点コード": 1811030,
        "地方整備局等番号": "81",
        "都道府県コード": "01"
      }
    },
    {
      "type": "Feature",
      "geometry": {
        "type": "Point",
        "coordinates": [
          141.436259,
          43.39904804073019
        ]
      },
      "properties": {
        "観測点コード": 1811040,
        "地方整備局等番号": "81",
        "都道府県コード": "01"
      }
    },
    {
      "type": "Feature",
      "geometry": {
        "type": "Point",
        "coordinates": [
          141.350733,
          43.75429004080918
        ]
      },
      "properties": {
        "観測点コード": 1811050,
        "地方整備局等番号": "81",
        "都道府県コード": "09"
      }
    },
    {
      "type": "Feature",
      "geometry": {
        "type": "Point",
        "coordinates": [
          141.761931,
          44.96648604093511
        ]
      },
      "properties": {
        "観測点コード": 1811060,
        "地方整備局等番号": "81",
        "都道府県コード": "09"
      }
    },
    {
      "type": "Feature",
      "geometry": {
        "type": "Point",
        "coordinates": [
          141.785854,
          44.80492204093118
        ]
      },
      "properties": {
        "観測点コード": 1811080,
        "地方整備局等番号": "81",
        "都道府県コード": "09"
      }
    },
    {
      "type": "Feature",
      "geometry": {
        "type": "Point",
        "coordinates": [
          141.79398,
          44.64226604092325
        ]
      },
      "properties": {
        "観測点コード": 1811090,
        "地方整備局等番号": "81",
        "都道府県コード": "09"
      }
    },
    {
      "type": "Feature",
      "geometry": {
        "type": "Point",
        "coordinates": [
          141.71125400000003,
          44.37405804090138
        ]
      },
      "properties": {
        "観測点コード": 1811110,
        "地方整備局等番号": "81",
        "都道府県コード": "09"
      }
    },
    {
      "type": "Feature",
      "geometry": {
        "type": "Point",
        "coordinates": [
          141.656338,
          44.255796040888285
        ]
      },
      "properties": {
        "観測点コード": 1811120,
        "地方整備局等番号": "81",
        "都道府県コード": "09"
      }
    },
    {
      "type": "Feature",
      "geometry": {
        "type": "Point",
        "coordinates": [
          141.663029,
          44.07063104086351
        ]
      },
      "properties": {
        "観測点コード": 1811130,
        "地方整備局等番号": "81",
        "都道府県コード": "09"
      }
    },
    {
      "type": "Feature",
      "geometry": {
        "type": "Point",
        "coordinates": [
          141.651833,
          43.94678404084405
        ]
      },
      "properties": {
        "観測点コード": 1811150,
        "地方整備局等番号": "81",
        "都道府県コード": "09"
      }
    },
    {
      "type": "Feature",
      "geometry": {
        "type": "Point",
        "coordinates": [
          141.829941,
          43.832161040823955
        ]
      },
      "properties": {
        "観測点コード": 1811160,
        "地方整備局等番号": "81",
        "都道府県コード": "09"
      }
    },
    {
      "type": "Feature",
      "geometry": {
        "type": "Point",
        "coordinates": [
          141.814442,
          43.849231040827085
        ]
      },
      "properties": {
        "観測点コード": 1811170,
        "地方整備局等番号": "81",
        "都道府県コード": "09"
      }
    },
    {
      "type": "Feature",
      "geometry": {
        "type": "Point",
        "coordinates": [
          141.738524,
          43.874433040831605
        ]
      },
      "properties": {
        "観測点コード": 1811180,
        "地方整備局等番号": "81",
        "都道府県コード": "09"
      }
    },
    {
      "type": "Feature",
      "geometry": {
        "type": "Point",
        "coordinates": [
          141.685028,
          43.91902504083936
        ]
      },
      "properties": {
        "観測点コード": 1811190,
        "地方整備局等番号": "81",
        "都道府県コード": "09"
      }
    },
    {
      "type": "Feature",
      "geometry": {
        "type": "Point",
        "coordinates": [
          141.711544,
          43.887433040833905
        ]
      },
      "properties": {
        "観測点コード": 1811200,
        "地方整備局等番号": "81",
        "都道府県コード": "09"
      }
    },
    {
      "type": "Feature",
      "geometry": {
        "type": "Point",
        "coordinates": [
          141.764248,
          43.19164404067532
        ]
      },
      "properties": {
        "観測点コード": 1811210,
        "地方整備局等番号": "81",
        "都道府県コード": "01"
      }
    },
    {
      "type": "Feature",
      "geometry": {
        "type": "Point",
        "coordinates": [
          141.813884,
          42.898883040586895
        ]
      },
      "properties": {
        "観測点コード": 1811220,
        "地方整備局等番号": "81",
        "都道府県コード": "01"
      }
    },
    {
      "type": "Feature",
      "geometry": {
        "type": "Point",
        "coordinates": [
          141.812065,
          42.885113040582425
        ]
      },
      "properties": {
        "観測点コード": 1811230,
        "地方整備局等番号": "81",
        "都道府県コード": "05"
      }
    },
    {
      "type": "Feature",
      "geometry": {
        "type": "Point",
        "coordinates": [
          141.812586,
          42.76319504054159
        ]
      },
      "properties": {
        "観測点コード": 1811240,
        "地方整備局等番号": "81",
        "都道府県コード": "05"
      }
    },
    {
      "type": "Feature",
      "geometry": {
        "type": "Point",
        "coordinates": [
          141.981715,
          42.55317704046606
        ]
      },
      "properties": {
        "観測点コード": 1811250,
        "地方整備局等番号": "81",
        "都道府県コード": "05"
      }
    },
    {
      "type": "Feature",
      "geometry": {
        "type": "Point",
        "coordinates": [
          142.768611,
          42.16916704031112
        ]
      },
      "properties": {
        "観測点コード": 1811260,
        "地方整備局等番号": "81",
        "都道府県コード": "05"
      }
    },
    {
      "type": "Feature",
      "geometry": {
        "type": "Point",
        "coordinates": [
          142.070834,
          42.50615204044825
        ]
      },
      "properties": {
        "観測点コード": 1811270,
        "地方整備局等番号": "81",
        "都道府県コード": "05"
      }
    },
    {
      "type": "Feature",
      "geometry": {
        "type": "Point",
        "coordinates": [
          143.30053,
          42.58422604047764
        ]
      },
      "properties": {
        "観測点コード": 1811280,
        "地方整備局等番号": "81",
        "都道府県コード": "07"
      }
    },
    {
      "type": "Feature",
      "geometry": {
        "type": "Point",
        "coordinates": [
          143.061454,
          42.3768230403976
        ]
      },
      "properties": {
        "観測点コード": 1811290,
        "地方整備局等番号": "81",
        "都道府県コード": "07"
      }
    },
    {
      "type": "Feature",
      "geometry": {
        "type": "Point",
        "coordinates": [
          142.469167,
          43.60527804077837
        ]
      },
      "properties": {
        "観測点コード": 1811320,
        "地方整備局等番号": "81",
        "都道府県コード": "04"
      }
    },
    {
      "type": "Feature",
      "geometry": {
        "type": "Point",
        "coordinates": [
          142.4353437615,
          43.560996966472565
        ]
      },
      "properties": {
        "観測点コード": 1811330,
        "地方整備局等番号": "81",
        "都道府県コード": "04"
      }
    },
    {
      "type": "Feature",
      "geometry": {
        "type": "Point",
        "coordinates": [
          143.867897,
          44.09975304086775
        ]
      },
      "properties": {
        "観測点コード": 1811370,
        "地方整備局等番号": "81",
        "都道府県コード": "08"
      }
    },
    {
      "type": "Feature",
      "geometry": {
        "type": "Point",
        "coordinates": [
          143.72058,
          44.12070404087072
        ]
      },
      "properties": {
        "観測点コード": 1811380,
        "地方整備局等番号": "81",
        "都道府県コード": "08"
      }
    },
    {
      "type": "Feature",
      "geometry": {
        "type": "Point",
        "coordinates": [
          143.334896,
          44.364948040900465
        ]
      },
      "properties": {
        "観測点コード": 1811390,
        "地方整備局等番号": "81",
        "都道府県コード": "08"
      }
    },
    {
      "type": "Feature",
      "geometry": {
        "type": "Point",
        "coordinates": [
          142.721902,
          44.77764204093013
        ]
      },
      "properties": {
        "観測点コード": 1811400,
        "地方整備局等番号": "81",
        "都道府県コード": "10"
      }
    },
    {
      "type": "Feature",
      "geometry": {
        "type": "Point",
        "coordinates": [
          142.122166,
          45.361691040927944
        ]
      },
      "properties": {
        "観測点コード": 1811410,
        "地方整備局等番号": "81",
        "都道府県コード": "10"
      }
    },
    {
      "type": "Feature",
      "geometry": {
        "type": "Point",
        "coordinates": [
          141.862347,
          45.43710504092389
        ]
      },
      "properties": {
        "観測点コード": 1811420,
        "地方整備局等番号": "81",
        "都道府県コード": "10"
      }
    },
    {
      "type": "Feature",
      "geometry": {
        "type": "Point",
        "coordinates": [
          143.017708,
          44.40500204090447
        ]
      },
      "properties": {
        "観測点コード": 1811430,
        "地方整備局等番号": "81",
        "都道府県コード": "08"
      }
    },
    {
      "type": "Feature",
      "geometry": {
        "type": "Point",
        "coordinates": [
          142.78318613417,
          44.31599186248862
        ]
      },
      "properties": {
        "観測点コード": 1811440,
        "地方整備局等番号": "81",
        "都道府県コード": "04"
      }
    },
    {
      "type": "Feature",
      "geometry": {
        "type": "Point",
        "coordinates": [
          142.3067879962,
          44.18218514890566
        ]
      },
      "properties": {
        "観測点コード": 1811450,
        "地方整備局等番号": "81",
        "都道府県コード": "04"
      }
    },
    {
      "type": "Feature",
      "geometry": {
        "type": "Point",
        "coordinates": [
          142.034387,
          44.20144804088155
        ]
      },
      "properties": {
        "観測点コード": 1811460,
        "地方整備局等番号": "81",
        "都道府県コード": "09"
      }
    },
    {
      "type": "Feature",
      "geometry": {
        "type": "Point",
        "coordinates": [
          144.106479,
          43.28312104070033
        ]
      },
      "properties": {
        "観測点コード": 1811490,
        "地方整備局等番号": "81",
        "都道府県コード": "06"
      }
    },
    {
      "type": "Feature",
      "geometry": {
        "type": "Point",
        "coordinates": [
          144.008366,
          43.45847504074473
        ]
      },
      "properties": {
        "観測点コード": 1811500,
        "地方整備局等番号": "81",
        "都道府県コード": "06"
      }
    },
    {
      "type": "Feature",
      "geometry": {
        "type": "Point",
        "coordinates": [
          143.57881,
          44.16231304087643
        ]
      },
      "properties": {
        "観測点コード": 1811520,
        "地方整備局等番号": "81",
        "都道府県コード": "08"
      }
    },
    {
      "type": "Feature",
      "geometry": {
        "type": "Point",
        "coordinates": [
          143.561357,
          44.13401504087257
        ]
      },
      "properties": {
        "観測点コード": 1811530,
        "地方整備局等番号": "81",
        "都道府県コード": "08"
      }
    },
    {
      "type": "Feature",
      "geometry": {
        "type": "Point",
        "coordinates": [
          143.553741,
          43.81153304082013
        ]
      },
      "properties": {
        "観測点コード": 1811540,
        "地方整備局等番号": "81",
        "都道府県コード": "08"
      }
    },
    {
      "type": "Feature",
      "geometry": {
        "type": "Point",
        "coordinates": [
          143.623559,
          43.614803040780444
        ]
      },
      "properties": {
        "観測点コード": 1811550,
        "地方整備局等番号": "81",
        "都道府県コード": "07"
      }
    },
    {
      "type": "Feature",
      "geometry": {
        "type": "Point",
        "coordinates": [
          143.426823,
          42.950446040603396
        ]
      },
      "properties": {
        "観測点コード": 1811560,
        "地方整備局等番号": "81",
        "都道府県コード": "07"
      }
    },
    {
      "type": "Feature",
      "geometry": {
        "type": "Point",
        "coordinates": [
          143.382799,
          42.91920004059345
        ]
      },
      "properties": {
        "観測点コード": 1811570,
        "地方整備局等番号": "81",
        "都道府県コード": "07"
      }
    },
    {
      "type": "Feature",
      "geometry": {
        "type": "Point",
        "coordinates": [
          144.260814,
          43.65168204078832
        ]
      },
      "properties": {
        "観測点コード": 1811580,
        "地方整備局等番号": "81",
        "都道府県コード": "06"
      }
    },
    {
      "type": "Feature",
      "geometry": {
        "type": "Point",
        "coordinates": [
          144.542778,
          43.48222204075039
        ]
      },
      "properties": {
        "観測点コード": 1811590,
        "地方整備局等番号": "81",
        "都道府県コード": "06"
      }
    },
    {
      "type": "Feature",
      "geometry": {
        "type": "Point",
        "coordinates": [
          144.740463,
          43.415912040734376
        ]
      },
      "properties": {
        "観測点コード": 1811600,
        "地方整備局等番号": "81",
        "都道府県コード": "06"
      }
    },
    {
      "type": "Feature",
      "geometry": {
        "type": "Point",
        "coordinates": [
          144.326697,
          43.96614504084723
        ]
      },
      "properties": {
        "観測点コード": 1811610,
        "地方整備局等番号": "81",
        "都道府県コード": "08"
      }
    },
    {
      "type": "Feature",
      "geometry": {
        "type": "Point",
        "coordinates": [
          144.542023,
          43.91012304083783
        ]
      },
      "properties": {
        "観測点コード": 1811620,
        "地方整備局等番号": "81",
        "都道府県コード": "08"
      }
    },
    {
      "type": "Feature",
      "geometry": {
        "type": "Point",
        "coordinates": [
          144.736391,
          43.888827040834144
        ]
      },
      "properties": {
        "観測点コード": 1811630,
        "地方整備局等番号": "81",
        "都道府県コード": "08"
      }
    },
    {
      "type": "Feature",
      "geometry": {
        "type": "Point",
        "coordinates": [
          144.960789,
          43.73179504080475
        ]
      },
      "properties": {
        "観測点コード": 1811640,
        "地方整備局等番号": "81",
        "都道府県コード": "06"
      }
    },
    {
      "type": "Feature",
      "geometry": {
        "type": "Point",
        "coordinates": [
          145.112266,
          43.69435704079721
        ]
      },
      "properties": {
        "観測点コード": 1811650,
        "地方整備局等番号": "81",
        "都道府県コード": "06"
      }
    },
    {
      "type": "Feature",
      "geometry": {
        "type": "Point",
        "coordinates": [
          145.283748,
          43.37687304072465
        ]
      },
      "properties": {
        "観測点コード": 1811660,
        "地方整備局等番号": "81",
        "都道府県コード": "06"
      }
    },
    {
      "type": "Feature",
      "geometry": {
        "type": "Point",
        "coordinates": [
          144.69552000000002,
          43.225599040684756
        ]
      },
      "properties": {
        "観測点コード": 1811670,
        "地方整備局等番号": "81",
        "都道府県コード": "06"
      }
    },
    {
      "type": "Feature",
      "geometry": {
        "type": "Point",
        "coordinates": [
          144.866826,
          43.384169040726476
        ]
      },
      "properties": {
        "観測点コード": 1811680,
        "地方整備局等番号": "81",
        "都道府県コード": "06"
      }
    },
    {
      "type": "Feature",
      "geometry": {
        "type": "Point",
        "coordinates": [
          145.077277,
          43.60985404077937
        ]
      },
      "properties": {
        "観測点コード": 1811690,
        "地方整備局等番号": "81",
        "都道府県コード": "06"
      }
    },
    {
      "type": "Feature",
      "geometry": {
        "type": "Point",
        "coordinates": [
          143.261308,
          43.353586040718724
        ]
      },
      "properties": {
        "観測点コード": 1811700,
        "地方整備局等番号": "81",
        "都道府県コード": "07"
      }
    },
    {
      "type": "Feature",
      "geometry": {
        "type": "Point",
        "coordinates": [
          143.120781,
          43.571286040770886
        ]
      },
      "properties": {
        "観測点コード": 1811710,
        "地方整備局等番号": "81",
        "都道府県コード": "07"
      }
    },
    {
      "type": "Feature",
      "geometry": {
        "type": "Point",
        "coordinates": [
          142.97348513542,
          43.909246029716684
        ]
      },
      "properties": {
        "観測点コード": 1811730,
        "地方整備局等番号": "81",
        "都道府県コード": "04"
      }
    },
    {
      "type": "Feature",
      "geometry": {
        "type": "Point",
        "coordinates": [
          142.945802727953,
          43.9388162846136
        ]
      },
      "properties": {
        "観測点コード": 1811740,
        "地方整備局等番号": "81",
        "都道府県コード": "04"
      }
    },
    {
      "type": "Feature",
      "geometry": {
        "type": "Point",
        "coordinates": [
          141.609539,
          42.98946404061562
        ]
      },
      "properties": {
        "観測点コード": 1811750,
        "地方整備局等番号": "81",
        "都道府県コード": "01"
      }
    },
    {
      "type": "Feature",
      "geometry": {
        "type": "Point",
        "coordinates": [
          141.76061,
          42.94269504060095
        ]
      },
      "properties": {
        "観測点コード": 1811760,
        "地方整備局等番号": "81",
        "都道府県コード": "01"
      }
    },
    {
      "type": "Feature",
      "geometry": {
        "type": "Point",
        "coordinates": [
          141.802672,
          42.950353040603375
        ]
      },
      "properties": {
        "観測点コード": 1811770,
        "地方整備局等番号": "81",
        "都道府県コード": "01"
      }
    },
    {
      "type": "Feature",
      "geometry": {
        "type": "Point",
        "coordinates": [
          141.966963,
          42.91325204059154
        ]
      },
      "properties": {
        "観測点コード": 1811780,
        "地方整備局等番号": "81",
        "都道府県コード": "01"
      }
    },
    {
      "type": "Feature",
      "geometry": {
        "type": "Point",
        "coordinates": [
          142.063994,
          42.92852504059643
        ]
      },
      "properties": {
        "観測点コード": 1811790,
        "地方整備局等番号": "81",
        "都道府県コード": "01"
      }
    },
    {
      "type": "Feature",
      "geometry": {
        "type": "Point",
        "coordinates": [
          142.63981100000004,
          42.9641030406077
        ]
      },
      "properties": {
        "観測点コード": 1811800,
        "地方整備局等番号": "81",
        "都道府県コード": "05"
      }
    },
    {
      "type": "Feature",
      "geometry": {
        "type": "Point",
        "coordinates": [
          141.523454,
          43.18243804067272
        ]
      },
      "properties": {
        "観測点コード": 1811810,
        "地方整備局等番号": "81",
        "都道府県コード": "01"
      }
    },
    {
      "type": "Feature",
      "geometry": {
        "type": "Point",
        "coordinates": [
          141.884426,
          43.54600104076516
        ]
      },
      "properties": {
        "観測点コード": 1811830,
        "地方整備局等番号": "81",
        "都道府県コード": "01"
      }
    },
    {
      "type": "Feature",
      "geometry": {
        "type": "Point",
        "coordinates": [
          141.885874,
          43.71586004080156
        ]
      },
      "properties": {
        "観測点コード": 1811840,
        "地方整備局等番号": "81",
        "都道府県コード": "01"
      }
    },
    {
      "type": "Feature",
      "geometry": {
        "type": "Point",
        "coordinates": [
          141.884179,
          43.76892104081203
        ]
      },
      "properties": {
        "観測点コード": 1811850,
        "地方整備局等番号": "81",
        "都道府県コード": "01"
      }
    },
    {
      "type": "Feature",
      "geometry": {
        "type": "Point",
        "coordinates": [
          141.905599,
          43.80589304081908
        ]
      },
      "properties": {
        "観測点コード": 1811860,
        "地方整備局等番号": "81",
        "都道府県コード": "01"
      }
    },
    {
      "type": "Feature",
      "geometry": {
        "type": "Point",
        "coordinates": [
          142.125632,
          43.917356040839074
        ]
      },
      "properties": {
        "観測点コード": 1811870,
        "地方整備局等番号": "81",
        "都道府県コード": "01"
      }
    },
    {
      "type": "Feature",
      "geometry": {
        "type": "Point",
        "coordinates": [
          142.253439072174,
          44.74113379582216
        ]
      },
      "properties": {
        "観測点コード": 1811880,
        "地方整備局等番号": "81",
        "都道府県コード": "04"
      }
    },
    {
      "type": "Feature",
      "geometry": {
        "type": "Point",
        "coordinates": [
          142.284138,
          44.820303040931734
        ]
      },
      "properties": {
        "観測点コード": 1811890,
        "地方整備局等番号": "81",
        "都道府県コード": "10"
      }
    },
    {
      "type": "Feature",
      "geometry": {
        "type": "Point",
        "coordinates": [
          142.315271,
          45.044884040935564
        ]
      },
      "properties": {
        "観測点コード": 1811900,
        "地方整備局等番号": "81",
        "都道府県コード": "10"
      }
    },
    {
      "type": "Feature",
      "geometry": {
        "type": "Point",
        "coordinates": [
          142.363773,
          45.10820204093526
        ]
      },
      "properties": {
        "観測点コード": 1811910,
        "地方整備局等番号": "81",
        "都道府県コード": "10"
      }
    },
    {
      "type": "Feature",
      "geometry": {
        "type": "Point",
        "coordinates": [
          140.606197,
          42.98635304061466
        ]
      },
      "properties": {
        "観測点コード": 1811920,
        "地方整備局等番号": "81",
        "都道府県コード": "03"
      }
    },
    {
      "type": "Feature",
      "geometry": {
        "type": "Point",
        "coordinates": [
          140.878055,
          42.88083304058103
        ]
      },
      "properties": {
        "観測点コード": 1811930,
        "地方整備局等番号": "81",
        "都道府県コード": "03"
      }
    },
    {
      "type": "Feature",
      "geometry": {
        "type": "Point",
        "coordinates": [
          140.891961,
          42.80440904055563
        ]
      },
      "properties": {
        "観測点コード": 1811940,
        "地方整備局等番号": "81",
        "都道府県コード": "03"
      }
    },
    {
      "type": "Feature",
      "geometry": {
        "type": "Point",
        "coordinates": [
          141.013347,
          42.75773904053971
        ]
      },
      "properties": {
        "観測点コード": 1811950,
        "地方整備局等番号": "81",
        "都道府県コード": "03"
      }
    },
    {
      "type": "Feature",
      "geometry": {
        "type": "Point",
        "coordinates": [
          141.252074,
          42.71955604052643
        ]
      },
      "properties": {
        "観測点コード": 1811980,
        "地方整備局等番号": "81",
        "都道府県コード": "01"
      }
    },
    {
      "type": "Feature",
      "geometry": {
        "type": "Point",
        "coordinates": [
          141.402953,
          42.74221004053433
        ]
      },
      "properties": {
        "観測点コード": 1811990,
        "地方整備局等番号": "81",
        "都道府県コード": "01"
      }
    },
    {
      "type": "Feature",
      "geometry": {
        "type": "Point",
        "coordinates": [
          140.052167,
          42.1695560403113
        ]
      },
      "properties": {
        "観測点コード": 1812000,
        "地方整備局等番号": "81",
        "都道府県コード": "02"
      }
    },
    {
      "type": "Feature",
      "geometry": {
        "type": "Point",
        "coordinates": [
          140.856944,
          41.76194404012323
        ]
      },
      "properties": {
        "観測点コード": 1812010,
        "地方整備局等番号": "81",
        "都道府県コード": "02"
      }
    },
    {
      "type": "Feature",
      "geometry": {
        "type": "Point",
        "coordinates": [
          140.9975,
          41.714722040099886
        ]
      },
      "properties": {
        "観測点コード": 1812020,
        "地方整備局等番号": "81",
        "都道府県コード": "02"
      }
    },
    {
      "type": "Feature",
      "geometry": {
        "type": "Point",
        "coordinates": [
          141.092222,
          41.87888904017965
        ]
      },
      "properties": {
        "観測点コード": 1812030,
        "地方整備局等番号": "81",
        "都道府県コード": "02"
      }
    },
    {
      "type": "Feature",
      "geometry": {
        "type": "Point",
        "coordinates": [
          140.928611,
          41.9566670402161
        ]
      },
      "properties": {
        "観測点コード": 1812040,
        "地方整備局等番号": "81",
        "都道府県コード": "02"
      }
    },
    {
      "type": "Feature",
      "geometry": {
        "type": "Point",
        "coordinates": [
          140.853611,
          42.013056040241956
        ]
      },
      "properties": {
        "観測点コード": 1812050,
        "地方整備局等番号": "81",
        "都道府県コード": "02"
      }
    },
    {
      "type": "Feature",
      "geometry": {
        "type": "Point",
        "coordinates": [
          140.813056,
          42.042500040255284
        ]
      },
      "properties": {
        "観測点コード": 1812060,
        "地方整備局等番号": "81",
        "都道府県コード": "02"
      }
    },
    {
      "type": "Feature",
      "geometry": {
        "type": "Point",
        "coordinates": [
          140.711389,
          42.12805604029326
        ]
      },
      "properties": {
        "観測点コード": 1812070,
        "地方整備局等番号": "81",
        "都道府県コード": "02"
      }
    },
    {
      "type": "Feature",
      "geometry": {
        "type": "Point",
        "coordinates": [
          140.632778,
          42.118611040289125
        ]
      },
      "properties": {
        "観測点コード": 1812080,
        "地方整備局等番号": "81",
        "都道府県コード": "02"
      }
    },
    {
      "type": "Feature",
      "geometry": {
        "type": "Point",
        "coordinates": [
          145.099582,
          43.89994004083609
        ]
      },
      "properties": {
        "観測点コード": 1812090,
        "地方整備局等番号": "81",
        "都道府県コード": "06"
      }
    },
    {
      "type": "Feature",
      "geometry": {
        "type": "Point",
        "coordinates": [
          143.231184,
          42.02778604024864
        ]
      },
      "properties": {
        "観測点コード": 1812130,
        "地方整備局等番号": "81",
        "都道府県コード": "05"
      }
    },
    {
      "type": "Feature",
      "geometry": {
        "type": "Point",
        "coordinates": [
          143.324722,
          42.16205004030805
        ]
      },
      "properties": {
        "観測点コード": 1812150,
        "地方整備局等番号": "81",
        "都道府県コード": "07"
      }
    },
    {
      "type": "Feature",
      "geometry": {
        "type": "Point",
        "coordinates": [
          143.31818,
          42.28181504035883
        ]
      },
      "properties": {
        "観測点コード": 1812160,
        "地方整備局等番号": "81",
        "都道府県コード": "07"
      }
    },
    {
      "type": "Feature",
      "geometry": {
        "type": "Point",
        "coordinates": [
          143.321422,
          42.31167504037117
        ]
      },
      "properties": {
        "観測点コード": 1812170,
        "地方整備局等番号": "81",
        "都道府県コード": "07"
      }
    },
    {
      "type": "Feature",
      "geometry": {
        "type": "Point",
        "coordinates": [
          143.603341,
          42.68446104051403
        ]
      },
      "properties": {
        "観測点コード": 1812180,
        "地方整備局等番号": "81",
        "都道府県コード": "07"
      }
    },
    {
      "type": "Feature",
      "geometry": {
        "type": "Point",
        "coordinates": [
          143.616062,
          42.69525004051786
        ]
      },
      "properties": {
        "観測点コード": 1812190,
        "地方整備局等番号": "81",
        "都道府県コード": "07"
      }
    },
    {
      "type": "Feature",
      "geometry": {
        "type": "Point",
        "coordinates": [
          143.631419,
          42.74125304053399
        ]
      },
      "properties": {
        "観測点コード": 1812200,
        "地方整備局等番号": "81",
        "都道府県コード": "07"
      }
    },
    {
      "type": "Feature",
      "geometry": {
        "type": "Point",
        "coordinates": [
          141.704289,
          42.85600604057288
        ]
      },
      "properties": {
        "観測点コード": 1812210,
        "地方整備局等番号": "81",
        "都道府県コード": "01"
      }
    },
    {
      "type": "Feature",
      "geometry": {
        "type": "Point",
        "coordinates": [
          141.672998,
          42.969962040609545
        ]
      },
      "properties": {
        "観測点コード": 1812220,
        "地方整備局等番号": "81",
        "都道府県コード": "01"
      }
    },
    {
      "type": "Feature",
      "geometry": {
        "type": "Point",
        "coordinates": [
          141.663755,
          43.02096904062534
        ]
      },
      "properties": {
        "観測点コード": 1812230,
        "地方整備局等番号": "81",
        "都道府県コード": "01"
      }
    },
    {
      "type": "Feature",
      "geometry": {
        "type": "Point",
        "coordinates": [
          141.187805,
          43.14450004066195
        ]
      },
      "properties": {
        "観測点コード": 1812240,
        "地方整備局等番号": "81",
        "都道府県コード": "03"
      }
    },
    {
      "type": "Feature",
      "geometry": {
        "type": "Point",
        "coordinates": [
          144.466438,
          43.68733204079576
        ]
      },
      "properties": {
        "観測点コード": 1812250,
        "地方整備局等番号": "81",
        "都道府県コード": "06"
      }
    },
    {
      "type": "Feature",
      "geometry": {
        "type": "Point",
        "coordinates": [
          140.875833,
          42.99111104061613
        ]
      },
      "properties": {
        "観測点コード": 1812260,
        "地方整備局等番号": "81",
        "都道府県コード": "03"
      }
    },
    {
      "type": "Feature",
      "geometry": {
        "type": "Point",
        "coordinates": [
          142.702731203374,
          43.85258742603739
        ]
      },
      "properties": {
        "観測点コード": 1812290,
        "地方整備局等番号": "81",
        "都道府県コード": "04"
      }
    },
    {
      "type": "Feature",
      "geometry": {
        "type": "Point",
        "coordinates": [
          141.414894,
          43.578650040772516
        ]
      },
      "properties": {
        "観測点コード": 1812300,
        "地方整備局等番号": "81",
        "都道府県コード": "01"
      }
    },
    {
      "type": "Feature",
      "geometry": {
        "type": "Point",
        "coordinates": [
          141.621516,
          43.548241040765674
        ]
      },
      "properties": {
        "観測点コード": 1812310,
        "地方整備局等番号": "81",
        "都道府県コード": "01"
      }
    },
    {
      "type": "Feature",
      "geometry": {
        "type": "Point",
        "coordinates": [
          141.638006,
          43.542762040764444
        ]
      },
      "properties": {
        "観測点コード": 1812320,
        "地方整備局等番号": "81",
        "都道府県コード": "01"
      }
    },
    {
      "type": "Feature",
      "geometry": {
        "type": "Point",
        "coordinates": [
          141.903362,
          43.55901004076813
        ]
      },
      "properties": {
        "観測点コード": 1812330,
        "地方整備局等番号": "81",
        "都道府県コード": "01"
      }
    },
    {
      "type": "Feature",
      "geometry": {
        "type": "Point",
        "coordinates": [
          142.00991,
          42.995832040617586
        ]
      },
      "properties": {
        "観測点コード": 1812340,
        "地方整備局等番号": "81",
        "都道府県コード": "01"
      }
    },
    {
      "type": "Feature",
      "geometry": {
        "type": "Point",
        "coordinates": [
          141.346302,
          42.979904040612645
        ]
      },
      "properties": {
        "観測点コード": 1812350,
        "地方整備局等番号": "81",
        "都道府県コード": "01"
      }
    },
    {
      "type": "Feature",
      "geometry": {
        "type": "Point",
        "coordinates": [
          141.300884,
          42.83639604056636
        ]
      },
      "properties": {
        "観測点コード": 1812370,
        "地方整備局等番号": "81",
        "都道府県コード": "01"
      }
    },
    {
      "type": "Feature",
      "geometry": {
        "type": "Point",
        "coordinates": [
          141.327921,
          42.80255304055502
        ]
      },
      "properties": {
        "観測点コード": 1812380,
        "地方整備局等番号": "81",
        "都道府県コード": "01"
      }
    },
    {
      "type": "Feature",
      "geometry": {
        "type": "Point",
        "coordinates": [
          141.115835,
          38.89166803813703
        ]
      },
      "properties": {
        "観測点コード": 2810180,
        "地方整備局等番号": "82",
        "都道府県コード": ""
      }
    },
    {
      "type": "Feature",
      "geometry": {
        "type": "Point",
        "coordinates": [
          141.1175,
          39.03166703825964
        ]
      },
      "properties": {
        "観測点コード": 2810190,
        "地方整備局等番号": "82",
        "都道府県コード": ""
      }
    },
    {
      "type": "Feature",
      "geometry": {
        "type": "Point",
        "coordinates": [
          141.129544,
          39.0450020382712
        ]
      },
      "properties": {
        "観測点コード": 2810200,
        "地方整備局等番号": "82",
        "都道府県コード": ""
      }
    },
    {
      "type": "Feature",
      "geometry": {
        "type": "Point",
        "coordinates": [
          141.105556,
          39.29444503848296
        ]
      },
      "properties": {
        "観測点コード": 2810220,
        "地方整備局等番号": "82",
        "都道府県コード": ""
      }
    },
    {
      "type": "Feature",
      "geometry": {
        "type": "Point",
        "coordinates": [
          141.106946,
          39.344446038524424
        ]
      },
      "properties": {
        "観測点コード": 2810230,
        "地方整備局等番号": "82",
        "都道府県コード": ""
      }
    },
    {
      "type": "Feature",
      "geometry": {
        "type": "Point",
        "coordinates": [
          141.164724,
          39.651946038772245
        ]
      },
      "properties": {
        "観測点コード": 2810240,
        "地方整備局等番号": "82",
        "都道府県コード": ""
      }
    },
    {
      "type": "Feature",
      "geometry": {
        "type": "Point",
        "coordinates": [
          141.19528,
          39.888889038954595
        ]
      },
      "properties": {
        "観測点コード": 2810250,
        "地方整備局等番号": "82",
        "都道府県コード": ""
      }
    },
    {
      "type": "Feature",
      "geometry": {
        "type": "Point",
        "coordinates": [
          141.293058,
          40.27277803923393
        ]
      },
      "properties": {
        "観測点コード": 2810270,
        "地方整備局等番号": "82",
        "都道府県コード": ""
      }
    },
    {
      "type": "Feature",
      "geometry": {
        "type": "Point",
        "coordinates": [
          141.298913,
          40.41445803933193
        ]
      },
      "properties": {
        "観測点コード": 2810280,
        "地方整備局等番号": "82",
        "都道府県コード": ""
      }
    },
    {
      "type": "Feature",
      "geometry": {
        "type": "Point",
        "coordinates": [
          141.156692,
          40.718083039532594
        ]
      },
      "properties": {
        "観測点コード": 2810290,
        "地方整備局等番号": "82",
        "都道府県コード": ""
      }
    },
    {
      "type": "Feature",
      "geometry": {
        "type": "Point",
        "coordinates": [
          141.061111,
          40.907508039651255
        ]
      },
      "properties": {
        "観測点コード": 2810300,
        "地方整備局等番号": "82",
        "都道府県コード": ""
      }
    },
    {
      "type": "Feature",
      "geometry": {
        "type": "Point",
        "coordinates": [
          140.839178,
          40.8547220396187
        ]
      },
      "properties": {
        "観測点コード": 2810310,
        "地方整備局等番号": "82",
        "都道府県コード": ""
      }
    },
    {
      "type": "Feature",
      "geometry": {
        "type": "Point",
        "coordinates": [
          139.923131,
          39.26847903846129
        ]
      },
      "properties": {
        "観測点コード": 2810400,
        "地方整備局等番号": "82",
        "都道府県コード": ""
      }
    },
    {
      "type": "Feature",
      "geometry": {
        "type": "Point",
        "coordinates": [
          140.07770900000003,
          39.976642039020206
        ]
      },
      "properties": {
        "観測点コード": 2810430,
        "地方整備局等番号": "82",
        "都道府県コード": ""
      }
    },
    {
      "type": "Feature",
      "geometry": {
        "type": "Point",
        "coordinates": [
          140.449111,
          40.278639039238044
        ]
      },
      "properties": {
        "観測点コード": 2810450,
        "地方整備局等番号": "82",
        "都道府県コード": ""
      }
    },
    {
      "type": "Feature",
      "geometry": {
        "type": "Point",
        "coordinates": [
          140.516861,
          40.275306039235716
        ]
      },
      "properties": {
        "観測点コード": 2810460,
        "地方整備局等番号": "82",
        "都道府県コード": ""
      }
    },
    {
      "type": "Feature",
      "geometry": {
        "type": "Point",
        "coordinates": [
          140.578139,
          40.317917039265446
        ]
      },
      "properties": {
        "観測点コード": 2810470,
        "地方整備局等番号": "82",
        "都道府県コード": ""
      }
    },
    {
      "type": "Feature",
      "geometry": {
        "type": "Point",
        "coordinates": [
          140.518889,
          40.577502039441285
        ]
      },
      "properties": {
        "観測点コード": 2810480,
        "地方整備局等番号": "82",
        "都道府県コード": ""
      }
    },
    {
      "type": "Feature",
      "geometry": {
        "type": "Point",
        "coordinates": [
          140.580013,
          40.711137039528154
        ]
      },
      "properties": {
        "観測点コード": 2810490,
        "地方整備局等番号": "82",
        "都道府県コード": ""
      }
    },
    {
      "type": "Feature",
      "geometry": {
        "type": "Point",
        "coordinates": [
          140.543611,
          39.260555038454655
        ]
      },
      "properties": {
        "観測点コード": 2810580,
        "地方整備局等番号": "82",
        "都道府県コード": ""
      }
    },
    {
      "type": "Feature",
      "geometry": {
        "type": "Point",
        "coordinates": [
          140.505,
          39.44138803860391
        ]
      },
      "properties": {
        "観測点コード": 2810590,
        "地方整備局等番号": "82",
        "都道府県コード": ""
      }
    },
    {
      "type": "Feature",
      "geometry": {
        "type": "Point",
        "coordinates": [
          140.380833,
          39.51138803866052
        ]
      },
      "properties": {
        "観測点コード": 2810600,
        "地方整備局等番号": "82",
        "都道府県コード": ""
      }
    },
    {
      "type": "Feature",
      "geometry": {
        "type": "Point",
        "coordinates": [
          140.300833,
          39.63750003876089
        ]
      },
      "properties": {
        "観測点コード": 2810610,
        "地方整備局等番号": "82",
        "都道府県コード": ""
      }
    },
    {
      "type": "Feature",
      "geometry": {
        "type": "Point",
        "coordinates": [
          140.152222,
          39.67388903878944
        ]
      },
      "properties": {
        "観測点コード": 2810620,
        "地方整備局等番号": "82",
        "都道府県コード": ""
      }
    },
    {
      "type": "Feature",
      "geometry": {
        "type": "Point",
        "coordinates": [
          140.122194,
          39.69425003880535
        ]
      },
      "properties": {
        "観測点コード": 2810630,
        "地方整備局等番号": "82",
        "都道府県コード": ""
      }
    },
    {
      "type": "Feature",
      "geometry": {
        "type": "Point",
        "coordinates": [
          141.40187,
          40.26398203922775
        ]
      },
      "properties": {
        "観測点コード": 2810960,
        "地方整備局等番号": "82",
        "都道府県コード": ""
      }
    },
    {
      "type": "Feature",
      "geometry": {
        "type": "Point",
        "coordinates": [
          141.638612,
          40.4453010393529
        ]
      },
      "properties": {
        "観測点コード": 2810970,
        "地方整備局等番号": "82",
        "都道府県コード": ""
      }
    },
    {
      "type": "Feature",
      "geometry": {
        "type": "Point",
        "coordinates": [
          141.3059,
          40.30396403925574
        ]
      },
      "properties": {
        "観測点コード": 2810980,
        "地方整備局等番号": "82",
        "都道府県コード": ""
      }
    },
    {
      "type": "Feature",
      "geometry": {
        "type": "Point",
        "coordinates": [
          141.404748,
          40.60361303945845
        ]
      },
      "properties": {
        "観測点コード": 2810990,
        "地方整備局等番号": "82",
        "都道府県コード": ""
      }
    },
    {
      "type": "Feature",
      "geometry": {
        "type": "Point",
        "coordinates": [
          140.57135,
          39.608922038738314
        ]
      },
      "properties": {
        "観測点コード": 2811030,
        "地方整備局等番号": "82",
        "都道府県コード": ""
      }
    },
    {
      "type": "Feature",
      "geometry": {
        "type": "Point",
        "coordinates": [
          139.112514,
          35.23222203411103
        ]
      },
      "properties": {
        "観測点コード": 3810010,
        "地方整備局等番号": "83",
        "都道府県コード": ""
      }
    },
    {
      "type": "Feature",
      "geometry": {
        "type": "Point",
        "coordinates": [
          139.182925,
          35.26450803415279
        ]
      },
      "properties": {
        "観測点コード": 3810040,
        "地方整備局等番号": "83",
        "都道府県コード": ""
      }
    },
    {
      "type": "Feature",
      "geometry": {
        "type": "Point",
        "coordinates": [
          139.777491746321,
          35.71158901450833
        ]
      },
      "properties": {
        "観測点コード": 3810050,
        "地方整備局等番号": "83",
        "都道府県コード": ""
      }
    },
    {
      "type": "Feature",
      "geometry": {
        "type": "Point",
        "coordinates": [
          139.78833095668,
          35.725261072361086
        ]
      },
      "properties": {
        "観測点コード": 3810060,
        "地方整備局等番号": "83",
        "都道府県コード": ""
      }
    },
    {
      "type": "Feature",
      "geometry": {
        "type": "Point",
        "coordinates": [
          139.789181219765,
          35.72724220226666
        ]
      },
      "properties": {
        "観測点コード": 3810061,
        "地方整備局等番号": "83",
        "都道府県コード": ""
      }
    },
    {
      "type": "Feature",
      "geometry": {
        "type": "Point",
        "coordinates": [
          139.795343463609,
          35.735055772282294
        ]
      },
      "properties": {
        "観測点コード": 3810070,
        "地方整備局等番号": "83",
        "都道府県コード": ""
      }
    },
    {
      "type": "Feature",
      "geometry": {
        "type": "Point",
        "coordinates": [
          139.797270681572,
          35.73896290498206
        ]
      },
      "properties": {
        "観測点コード": 3810080,
        "地方整備局等番号": "83",
        "都道府県コード": ""
      }
    },
    {
      "type": "Feature",
      "geometry": {
        "type": "Point",
        "coordinates": [
          139.883611,
          36.53972203571964
        ]
      },
      "properties": {
        "観測点コード": 3810100,
        "地方整備局等番号": "83",
        "都道府県コード": ""
      }
    },
    {
      "type": "Feature",
      "geometry": {
        "type": "Point",
        "coordinates": [
          139.999722,
          36.91694403615054
        ]
      },
      "properties": {
        "観測点コード": 3810110,
        "地方整備局等番号": "83",
        "都道府県コード": ""
      }
    },
    {
      "type": "Feature",
      "geometry": {
        "type": "Point",
        "coordinates": [
          139.793529,
          35.9900520350645
        ]
      },
      "properties": {
        "観測点コード": 3810140,
        "地方整備局等番号": "83",
        "都道府県コード": ""
      }
    },
    {
      "type": "Feature",
      "geometry": {
        "type": "Point",
        "coordinates": [
          139.770041,
          36.07984803517367
        ]
      },
      "properties": {
        "観測点コード": 3810151,
        "地方整備局等番号": "83",
        "都道府県コード": ""
      }
    },
    {
      "type": "Feature",
      "geometry": {
        "type": "Point",
        "coordinates": [
          139.779444,
          36.167500035279446
        ]
      },
      "properties": {
        "観測点コード": 3810160,
        "地方整備局等番号": "83",
        "都道府県コード": ""
      }
    },
    {
      "type": "Feature",
      "geometry": {
        "type": "Point",
        "coordinates": [
          139.841547,
          36.296506035433666
        ]
      },
      "properties": {
        "観測点コード": 3810180,
        "地方整備局等番号": "83",
        "都道府県コード": ""
      }
    },
    {
      "type": "Feature",
      "geometry": {
        "type": "Point",
        "coordinates": [
          139.941692,
          36.57174703575683
        ]
      },
      "properties": {
        "観測点コード": 3810200,
        "地方整備局等番号": "83",
        "都道府県コード": ""
      }
    },
    {
      "type": "Feature",
      "geometry": {
        "type": "Point",
        "coordinates": [
          139.78420024258003,
          35.694558518577544
        ]
      },
      "properties": {
        "観測点コード": 3810210,
        "地方整備局等番号": "83",
        "都道府県コード": ""
      }
    },
    {
      "type": "Feature",
      "geometry": {
        "type": "Point",
        "coordinates": [
          139.831977693081,
          35.73416286894769
        ]
      },
      "properties": {
        "観測点コード": 3810220,
        "地方整備局等番号": "83",
        "都道府県コード": ""
      }
    },
    {
      "type": "Feature",
      "geometry": {
        "type": "Point",
        "coordinates": [
          139.833592336398,
          35.735319871891136
        ]
      },
      "properties": {
        "観測点コード": 3810230,
        "地方整備局等番号": "83",
        "都道府県コード": ""
      }
    },
    {
      "type": "Feature",
      "geometry": {
        "type": "Point",
        "coordinates": [
          139.939917,
          35.83796603487771
        ]
      },
      "properties": {
        "観測点コード": 3810260,
        "地方整備局等番号": "83",
        "都道府県コード": ""
      }
    },
    {
      "type": "Feature",
      "geometry": {
        "type": "Point",
        "coordinates": [
          140.059167,
          35.895306034948405
        ]
      },
      "properties": {
        "観測点コード": 3810280,
        "地方整備局等番号": "83",
        "都道府県コード": ""
      }
    },
    {
      "type": "Feature",
      "geometry": {
        "type": "Point",
        "coordinates": [
          140.179269,
          36.06811403515946
        ]
      },
      "properties": {
        "観測点コード": 3810290,
        "地方整備局等番号": "83",
        "都道府県コード": ""
      }
    },
    {
      "type": "Feature",
      "geometry": {
        "type": "Point",
        "coordinates": [
          140.177747,
          36.078239035171734
        ]
      },
      "properties": {
        "観測点コード": 3810300,
        "地方整備局等番号": "83",
        "都道府県コード": ""
      }
    },
    {
      "type": "Feature",
      "geometry": {
        "type": "Point",
        "coordinates": [
          140.500661,
          36.378875035531216
        ]
      },
      "properties": {
        "観測点コード": 3810320,
        "地方整備局等番号": "83",
        "都道府県コード": ""
      }
    },
    {
      "type": "Feature",
      "geometry": {
        "type": "Point",
        "coordinates": [
          140.701006,
          36.655972035854084
        ]
      },
      "properties": {
        "観測点コード": 3810330,
        "地方整備局等番号": "83",
        "都道府県コード": ""
      }
    },
    {
      "type": "Feature",
      "geometry": {
        "type": "Point",
        "coordinates": [
          140.752922,
          36.794736036012644
        ]
      },
      "properties": {
        "観測点コード": 3810340,
        "地方整備局等番号": "83",
        "都道府県コード": ""
      }
    },
    {
      "type": "Feature",
      "geometry": {
        "type": "Point",
        "coordinates": [
          140.111775,
          35.92645303498668
        ]
      },
      "properties": {
        "観測点コード": 3810350,
        "地方整備局等番号": "83",
        "都道府県コード": ""
      }
    },
    {
      "type": "Feature",
      "geometry": {
        "type": "Point",
        "coordinates": [
          139.789910543304,
          35.694040942069805
        ]
      },
      "properties": {
        "観測点コード": 3810360,
        "地方整備局等番号": "83",
        "都道府県コード": ""
      }
    },
    {
      "type": "Feature",
      "geometry": {
        "type": "Point",
        "coordinates": [
          139.866257828687,
          35.702867388707524
        ]
      },
      "properties": {
        "観測点コード": 3810370,
        "地方整備局等番号": "83",
        "都道府県コード": ""
      }
    },
    {
      "type": "Feature",
      "geometry": {
        "type": "Point",
        "coordinates": [
          140.088076,
          35.628891034617155
        ]
      },
      "properties": {
        "観測点コード": 3810380,
        "地方整備局等番号": "83",
        "都道府県コード": ""
      }
    },
    {
      "type": "Feature",
      "geometry": {
        "type": "Point",
        "coordinates": [
          139.737976826575,
          35.62349099143046
        ]
      },
      "properties": {
        "観測点コード": 3810390,
        "地方整備局等番号": "83",
        "都道府県コード": ""
      }
    },
    {
      "type": "Feature",
      "geometry": {
        "type": "Point",
        "coordinates": [
          139.698397,
          35.263900034152
        ]
      },
      "properties": {
        "観測点コード": 3810400,
        "地方整備局等番号": "83",
        "都道府県コード": ""
      }
    },
    {
      "type": "Feature",
      "geometry": {
        "type": "Point",
        "coordinates": [
          139.340292,
          35.62304903460981
        ]
      },
      "properties": {
        "観測点コード": 3810410,
        "地方整備局等番号": "83",
        "都道府県コード": ""
      }
    },
    {
      "type": "Feature",
      "geometry": {
        "type": "Point",
        "coordinates": [
          139.331954,
          35.67571003467587
        ]
      },
      "properties": {
        "観測点コード": 3810420,
        "地方整備局等番号": "83",
        "都道府県コード": ""
      }
    },
    {
      "type": "Feature",
      "geometry": {
        "type": "Point",
        "coordinates": [
          139.336731,
          35.77594403480087
        ]
      },
      "properties": {
        "観測点コード": 3810431,
        "地方整備局等番号": "83",
        "都道府県コード": ""
      }
    },
    {
      "type": "Feature",
      "geometry": {
        "type": "Point",
        "coordinates": [
          139.380426,
          35.82933103486704
        ]
      },
      "properties": {
        "観測点コード": 3810440,
        "地方整備局等番号": "83",
        "都道府県コード": ""
      }
    },
    {
      "type": "Feature",
      "geometry": {
        "type": "Point",
        "coordinates": [
          139.534764,
          35.91289603497003
        ]
      },
      "properties": {
        "観測点コード": 3810460,
        "地方整備局等番号": "83",
        "都道府県コード": ""
      }
    },
    {
      "type": "Feature",
      "geometry": {
        "type": "Point",
        "coordinates": [
          139.591065,
          35.92749603498795
        ]
      },
      "properties": {
        "観測点コード": 3810470,
        "地方整備局等番号": "83",
        "都道府県コード": ""
      }
    },
    {
      "type": "Feature",
      "geometry": {
        "type": "Point",
        "coordinates": [
          139.820467,
          35.992460035067445
        ]
      },
      "properties": {
        "観測点コード": 3810490,
        "地方整備局等番号": "83",
        "都道府県コード": ""
      }
    },
    {
      "type": "Feature",
      "geometry": {
        "type": "Point",
        "coordinates": [
          139.685717006056,
          35.79376864024429
        ]
      },
      "properties": {
        "観測点コード": 3810500,
        "地方整備局等番号": "83",
        "都道府県コード": ""
      }
    },
    {
      "type": "Feature",
      "geometry": {
        "type": "Point",
        "coordinates": [
          139.680963,
          35.8210620348568
        ]
      },
      "properties": {
        "観測点コード": 3810510,
        "地方整備局等番号": "83",
        "都道府県コード": ""
      }
    },
    {
      "type": "Feature",
      "geometry": {
        "type": "Point",
        "coordinates": [
          139.594106,
          35.97632603504774
        ]
      },
      "properties": {
        "観測点コード": 3810520,
        "地方整備局等番号": "83",
        "都道府県コード": ""
      }
    },
    {
      "type": "Feature",
      "geometry": {
        "type": "Point",
        "coordinates": [
          139.2134,
          36.230692035355204
        ]
      },
      "properties": {
        "観測点コード": 3810540,
        "地方整備局等番号": "83",
        "都道府県コード": ""
      }
    },
    {
      "type": "Feature",
      "geometry": {
        "type": "Point",
        "coordinates": [
          139.02725,
          36.31113903545105
        ]
      },
      "properties": {
        "観測点コード": 3810560,
        "地方整備局等番号": "83",
        "都道府県コード": ""
      }
    },
    {
      "type": "Feature",
      "geometry": {
        "type": "Point",
        "coordinates": [
          138.968889,
          36.68205603588405
        ]
      },
      "properties": {
        "観測点コード": 3810600,
        "地方整備局等番号": "83",
        "都道府県コード": ""
      }
    },
    {
      "type": "Feature",
      "geometry": {
        "type": "Point",
        "coordinates": [
          139.625615,
          35.84803703489016
        ]
      },
      "properties": {
        "観測点コード": 3810610,
        "地方整備局等番号": "83",
        "都道府県コード": ""
      }
    },
    {
      "type": "Feature",
      "geometry": {
        "type": "Point",
        "coordinates": [
          139.626759,
          35.84444303488572
        ]
      },
      "properties": {
        "観測点コード": 3810620,
        "地方整備局等番号": "83",
        "都道府県コード": ""
      }
    },
    {
      "type": "Feature",
      "geometry": {
        "type": "Point",
        "coordinates": [
          139.215067,
          36.35330303550101
        ]
      },
      "properties": {
        "観測点コード": 3810670,
        "地方整備局等番号": "83",
        "都道府県コード": ""
      }
    },
    {
      "type": "Feature",
      "geometry": {
        "type": "Point",
        "coordinates": [
          138.5235,
          36.33250003547639
        ]
      },
      "properties": {
        "観測点コード": 3810710,
        "地方整備局等番号": "83",
        "都道府県コード": ""
      }
    },
    {
      "type": "Feature",
      "geometry": {
        "type": "Point",
        "coordinates": [
          138.150722,
          36.49438903566681
        ]
      },
      "properties": {
        "観測点コード": 3810720,
        "地方整備局等番号": "83",
        "都道府県コード": ""
      }
    },
    {
      "type": "Feature",
      "geometry": {
        "type": "Point",
        "coordinates": [
          138.23375,
          36.65492503585288
        ]
      },
      "properties": {
        "観測点コード": 3810740,
        "地方整備局等番号": "83",
        "都道府県コード": ""
      }
    },
    {
      "type": "Feature",
      "geometry": {
        "type": "Point",
        "coordinates": [
          138.26925,
          36.695139035899054
        ]
      },
      "properties": {
        "観測点コード": 3810750,
        "地方整備局等番号": "83",
        "都道府県コード": ""
      }
    },
    {
      "type": "Feature",
      "geometry": {
        "type": "Point",
        "coordinates": [
          138.298306,
          36.717694035924886
        ]
      },
      "properties": {
        "観測点コード": 3810760,
        "地方整備局等番号": "83",
        "都道府県コード": ""
      }
    },
    {
      "type": "Feature",
      "geometry": {
        "type": "Point",
        "coordinates": [
          138.212264,
          36.75032203596213
        ]
      },
      "properties": {
        "観測点コード": 3810770,
        "地方整備局等番号": "83",
        "都道府県コード": ""
      }
    },
    {
      "type": "Feature",
      "geometry": {
        "type": "Point",
        "coordinates": [
          138.219778,
          36.792972036010646
        ]
      },
      "properties": {
        "観測点コード": 3810780,
        "地方整備局等番号": "83",
        "都道府県コード": ""
      }
    },
    {
      "type": "Feature",
      "geometry": {
        "type": "Point",
        "coordinates": [
          138.204417,
          36.406417035563685
        ]
      },
      "properties": {
        "観測点コード": 3810790,
        "地方整備局等番号": "83",
        "都道府県コード": ""
      }
    },
    {
      "type": "Feature",
      "geometry": {
        "type": "Point",
        "coordinates": [
          138.192306,
          36.82044403604179
        ]
      },
      "properties": {
        "観測点コード": 3810800,
        "地方整備局等番号": "83",
        "都道府県コード": ""
      }
    },
    {
      "type": "Feature",
      "geometry": {
        "type": "Point",
        "coordinates": [
          138.205542,
          36.8368890360604
        ]
      },
      "properties": {
        "観測点コード": 3810810,
        "地方整備局等番号": "83",
        "都道府県コード": ""
      }
    },
    {
      "type": "Feature",
      "geometry": {
        "type": "Point",
        "coordinates": [
          138.094389,
          36.513833035689494
        ]
      },
      "properties": {
        "観測点コード": 3810820,
        "地方整備局等番号": "83",
        "都道府県コード": ""
      }
    },
    {
      "type": "Feature",
      "geometry": {
        "type": "Point",
        "coordinates": [
          138.096722,
          36.52786103570584
        ]
      },
      "properties": {
        "観測点コード": 3810821,
        "地方整備局等番号": "83",
        "都道府県コード": ""
      }
    },
    {
      "type": "Feature",
      "geometry": {
        "type": "Point",
        "coordinates": [
          137.9565,
          36.23586103536139
        ]
      },
      "properties": {
        "観測点コード": 3810830,
        "地方整備局等番号": "83",
        "都道府県コード": ""
      }
    },
    {
      "type": "Feature",
      "geometry": {
        "type": "Point",
        "coordinates": [
          137.925722,
          36.38313903553625
        ]
      },
      "properties": {
        "観測点コード": 3810840,
        "地方整備局等番号": "83",
        "都道府県コード": ""
      }
    },
    {
      "type": "Feature",
      "geometry": {
        "type": "Point",
        "coordinates": [
          137.946275,
          36.4623860356294
        ]
      },
      "properties": {
        "観測点コード": 3810850,
        "地方整備局等番号": "83",
        "都道府県コード": ""
      }
    },
    {
      "type": "Feature",
      "geometry": {
        "type": "Point",
        "coordinates": [
          138.050889,
          36.5884720357762
        ]
      },
      "properties": {
        "観測点コード": 3810860,
        "地方整備局等番号": "83",
        "都道府県コード": ""
      }
    },
    {
      "type": "Feature",
      "geometry": {
        "type": "Point",
        "coordinates": [
          138.085167,
          36.61469403580651
        ]
      },
      "properties": {
        "観測点コード": 3810870,
        "地方整備局等番号": "83",
        "都道府県コード": ""
      }
    },
    {
      "type": "Feature",
      "geometry": {
        "type": "Point",
        "coordinates": [
          138.086528,
          36.615111035807
        ]
      },
      "properties": {
        "観測点コード": 3810880,
        "地方整備局等番号": "83",
        "都道府県コード": ""
      }
    },
    {
      "type": "Feature",
      "geometry": {
        "type": "Point",
        "coordinates": [
          138.153194,
          36.62808303582196
        ]
      },
      "properties": {
        "観測点コード": 3810900,
        "地方整備局等番号": "83",
        "都道府県コード": ""
      }
    },
    {
      "type": "Feature",
      "geometry": {
        "type": "Point",
        "coordinates": [
          138.18197200000003,
          36.64626403584291
        ]
      },
      "properties": {
        "観測点コード": 3810910,
        "地方整備局等番号": "83",
        "都道府県コード": ""
      }
    },
    {
      "type": "Feature",
      "geometry": {
        "type": "Point",
        "coordinates": [
          138.193972,
          36.648972035846036
        ]
      },
      "properties": {
        "観測点コード": 3810920,
        "地方整備局等番号": "83",
        "都道府県コード": ""
      }
    },
    {
      "type": "Feature",
      "geometry": {
        "type": "Point",
        "coordinates": [
          138.133611,
          36.616944035809105
        ]
      },
      "properties": {
        "観測点コード": 3810930,
        "地方整備局等番号": "83",
        "都道府県コード": ""
      }
    },
    {
      "type": "Feature",
      "geometry": {
        "type": "Point",
        "coordinates": [
          139.663841176629,
          35.67318837384892
        ]
      },
      "properties": {
        "観測点コード": 3810950,
        "地方整備局等番号": "83",
        "都道府県コード": ""
      }
    },
    {
      "type": "Feature",
      "geometry": {
        "type": "Point",
        "coordinates": [
          139.240054,
          35.61726703460252
        ]
      },
      "properties": {
        "観測点コード": 3810970,
        "地方整備局等番号": "83",
        "都道府県コード": ""
      }
    },
    {
      "type": "Feature",
      "geometry": {
        "type": "Point",
        "coordinates": [
          139.1275,
          35.62000003460596
        ]
      },
      "properties": {
        "観測点コード": 3810980,
        "地方整備局等番号": "83",
        "都道府県コード": ""
      }
    },
    {
      "type": "Feature",
      "geometry": {
        "type": "Point",
        "coordinates": [
          138.636389,
          35.643889034635976
        ]
      },
      "properties": {
        "観測点コード": 3811030,
        "地方整備局等番号": "83",
        "都道府県コード": ""
      }
    },
    {
      "type": "Feature",
      "geometry": {
        "type": "Point",
        "coordinates": [
          138.227361,
          35.91541703497313
        ]
      },
      "properties": {
        "観測点コード": 3811050,
        "地方整備局等番号": "83",
        "都道府県コード": ""
      }
    },
    {
      "type": "Feature",
      "geometry": {
        "type": "Point",
        "coordinates": [
          138.197875,
          35.94028603500364
        ]
      },
      "properties": {
        "観測点コード": 3811060,
        "地方整備局等番号": "83",
        "都道府県コード": ""
      }
    },
    {
      "type": "Feature",
      "geometry": {
        "type": "Point",
        "coordinates": [
          138.1255,
          36.029750035112876
        ]
      },
      "properties": {
        "観測点コード": 3811070,
        "地方整備局等番号": "83",
        "都道府県コード": ""
      }
    },
    {
      "type": "Feature",
      "geometry": {
        "type": "Point",
        "coordinates": [
          138.037889,
          36.077694035171085
        ]
      },
      "properties": {
        "観測点コード": 3811080,
        "地方整備局等番号": "83",
        "都道府県コード": ""
      }
    },
    {
      "type": "Feature",
      "geometry": {
        "type": "Point",
        "coordinates": [
          137.959472,
          36.12191703522454
        ]
      },
      "properties": {
        "観測点コード": 3811090,
        "地方整備局等番号": "83",
        "都道府県コード": ""
      }
    },
    {
      "type": "Feature",
      "geometry": {
        "type": "Point",
        "coordinates": [
          138.163333,
          35.9769440350485
        ]
      },
      "properties": {
        "観測点コード": 3811100,
        "地方整備局等番号": "83",
        "都道府県コード": ""
      }
    },
    {
      "type": "Feature",
      "geometry": {
        "type": "Point",
        "coordinates": [
          138.06408300000004,
          36.08683303518214
        ]
      },
      "properties": {
        "観測点コード": 3811110,
        "地方整備局等番号": "83",
        "都道府県コード": ""
      }
    },
    {
      "type": "Feature",
      "geometry": {
        "type": "Point",
        "coordinates": [
          139.28402,
          35.63168503462065
        ]
      },
      "properties": {
        "観測点コード": 3811121,
        "地方整備局等番号": "83",
        "都道府県コード": ""
      }
    },
    {
      "type": "Feature",
      "geometry": {
        "type": "Point",
        "coordinates": [
          138.139278,
          35.99511103507067
        ]
      },
      "properties": {
        "観測点コード": 3811130,
        "地方整備局等番号": "83",
        "都道府県コード": ""
      }
    },
    {
      "type": "Feature",
      "geometry": {
        "type": "Point",
        "coordinates": [
          140.602286,
          35.959128035026716
        ]
      },
      "properties": {
        "観測点コード": 3811220,
        "地方整備局等番号": "83",
        "都道府県コード": ""
      }
    },
    {
      "type": "Feature",
      "geometry": {
        "type": "Point",
        "coordinates": [
          140.602514,
          35.95769703502496
        ]
      },
      "properties": {
        "観測点コード": 3811230,
        "地方整備局等番号": "83",
        "都道府県コード": ""
      }
    },
    {
      "type": "Feature",
      "geometry": {
        "type": "Point",
        "coordinates": [
          138.520986,
          35.200928034070465
        ]
      },
      "properties": {
        "観測点コード": 3811240,
        "地方整備局等番号": "83",
        "都道府県コード": ""
      }
    },
    {
      "type": "Feature",
      "geometry": {
        "type": "Point",
        "coordinates": [
          138.442011,
          35.31250003421467
        ]
      },
      "properties": {
        "観測点コード": 3811250,
        "地方整備局等番号": "83",
        "都道府県コード": ""
      }
    },
    {
      "type": "Feature",
      "geometry": {
        "type": "Point",
        "coordinates": [
          138.450278,
          35.5316670344945
        ]
      },
      "properties": {
        "観測点コード": 3811270,
        "地方整備局等番号": "83",
        "都道府県コード": ""
      }
    },
    {
      "type": "Feature",
      "geometry": {
        "type": "Point",
        "coordinates": [
          139.833306,
          35.041444033862305
        ]
      },
      "properties": {
        "観測点コード": 3811290,
        "地方整備局等番号": "83",
        "都道府県コード": ""
      }
    },
    {
      "type": "Feature",
      "geometry": {
        "type": "Point",
        "coordinates": [
          139.819,
          35.157361034013846
        ]
      },
      "properties": {
        "観測点コード": 3811300,
        "地方整備局等番号": "83",
        "都道府県コード": ""
      }
    },
    {
      "type": "Feature",
      "geometry": {
        "type": "Point",
        "coordinates": [
          138.885556,
          35.53888903450364
        ]
      },
      "properties": {
        "観測点コード": 3811330,
        "地方整備局等番号": "83",
        "都道府県コード": ""
      }
    },
    {
      "type": "Feature",
      "geometry": {
        "type": "Point",
        "coordinates": [
          138.940833,
          35.60305603458465
        ]
      },
      "properties": {
        "観測点コード": 3811340,
        "地方整備局等番号": "83",
        "都道府県コード": ""
      }
    },
    {
      "type": "Feature",
      "geometry": {
        "type": "Point",
        "coordinates": [
          139.627538019939,
          35.61569396585425
        ]
      },
      "properties": {
        "観測点コード": 3811350,
        "地方整備局等番号": "83",
        "都道府県コード": ""
      }
    },
    {
      "type": "Feature",
      "geometry": {
        "type": "Point",
        "coordinates": [
          139.460986,
          35.48552503443597
        ]
      },
      "properties": {
        "観測点コード": 3811360,
        "地方整備局等番号": "83",
        "都道府県コード": ""
      }
    },
    {
      "type": "Feature",
      "geometry": {
        "type": "Point",
        "coordinates": [
          139.075042,
          35.35857503427389
        ]
      },
      "properties": {
        "観測点コード": 3811370,
        "地方整備局等番号": "83",
        "都道府県コード": ""
      }
    },
    {
      "type": "Feature",
      "geometry": {
        "type": "Point",
        "coordinates": [
          139.854860316246,
          35.64686740024182
        ]
      },
      "properties": {
        "観測点コード": 3811390,
        "地方整備局等番号": "83",
        "都道府県コード": ""
      }
    },
    {
      "type": "Feature",
      "geometry": {
        "type": "Point",
        "coordinates": [
          139.837391468126,
          35.64792275306184
        ]
      },
      "properties": {
        "観測点コード": 3811401,
        "地方整備局等番号": "83",
        "都道府県コード": ""
      }
    },
    {
      "type": "Feature",
      "geometry": {
        "type": "Point",
        "coordinates": [
          139.785108560174,
          35.6321085640565
        ]
      },
      "properties": {
        "観測点コード": 3811410,
        "地方整備局等番号": "83",
        "都道府県コード": ""
      }
    },
    {
      "type": "Feature",
      "geometry": {
        "type": "Point",
        "coordinates": [
          139.786372369256,
          35.63193106766495
        ]
      },
      "properties": {
        "観測点コード": 3811411,
        "地方整備局等番号": "83",
        "都道府県コード": ""
      }
    },
    {
      "type": "Feature",
      "geometry": {
        "type": "Point",
        "coordinates": [
          139.756665501316,
          35.57873713134419
        ]
      },
      "properties": {
        "観測点コード": 3811420,
        "地方整備局等番号": "83",
        "都道府県コード": ""
      }
    },
    {
      "type": "Feature",
      "geometry": {
        "type": "Point",
        "coordinates": [
          139.759184371525,
          35.573715682248654
        ]
      },
      "properties": {
        "観測点コード": 3811421,
        "地方整備局等番号": "83",
        "都道府県コード": ""
      }
    },
    {
      "type": "Feature",
      "geometry": {
        "type": "Point",
        "coordinates": [
          140.103045,
          35.6138270345982
        ]
      },
      "properties": {
        "観測点コード": 3811430,
        "地方整備局等番号": "83",
        "都道府県コード": ""
      }
    },
    {
      "type": "Feature",
      "geometry": {
        "type": "Point",
        "coordinates": [
          139.747366707275,
          35.60712645223976
        ]
      },
      "properties": {
        "観測点コード": 3811440,
        "地方整備局等番号": "83",
        "都道府県コード": ""
      }
    },
    {
      "type": "Feature",
      "geometry": {
        "type": "Point",
        "coordinates": [
          139.134722,
          37.9300000372281
        ]
      },
      "properties": {
        "観測点コード": 4810010,
        "地方整備局等番号": "84",
        "都道府県コード": ""
      }
    },
    {
      "type": "Feature",
      "geometry": {
        "type": "Point",
        "coordinates": [
          139.213611,
          37.95278103725094
        ]
      },
      "properties": {
        "観測点コード": 4810020,
        "地方整備局等番号": "84",
        "都道府県コード": ""
      }
    },
    {
      "type": "Feature",
      "geometry": {
        "type": "Point",
        "coordinates": [
          139.3275,
          37.96305603726123
        ]
      },
      "properties": {
        "観測点コード": 4810040,
        "地方整備局等番号": "84",
        "都道府県コード": ""
      }
    },
    {
      "type": "Feature",
      "geometry": {
        "type": "Point",
        "coordinates": [
          139.501792,
          38.2550360375481
        ]
      },
      "properties": {
        "観測点コード": 4810060,
        "地方整備局等番号": "84",
        "都道府県コード": ""
      }
    },
    {
      "type": "Feature",
      "geometry": {
        "type": "Point",
        "coordinates": [
          139.521444,
          38.28200003757407
        ]
      },
      "properties": {
        "観測点コード": 4810070,
        "地方整備局等番号": "84",
        "都道府県コード": ""
      }
    },
    {
      "type": "Feature",
      "geometry": {
        "type": "Point",
        "coordinates": [
          139.556342,
          38.374925037662884
        ]
      },
      "properties": {
        "観測点コード": 4810080,
        "地方整備局等番号": "84",
        "都道府県コード": ""
      }
    },
    {
      "type": "Feature",
      "geometry": {
        "type": "Point",
        "coordinates": [
          138.881569,
          37.5351670368223
        ]
      },
      "properties": {
        "観測点コード": 4810090,
        "地方整備局等番号": "84",
        "都道府県コード": ""
      }
    },
    {
      "type": "Feature",
      "geometry": {
        "type": "Point",
        "coordinates": [
          138.880583,
          37.473639036757405
        ]
      },
      "properties": {
        "観測点コード": 4810100,
        "地方整備局等番号": "84",
        "都道府県コード": ""
      }
    },
    {
      "type": "Feature",
      "geometry": {
        "type": "Point",
        "coordinates": [
          138.856414,
          37.459033036741936
        ]
      },
      "properties": {
        "観測点コード": 4810110,
        "地方整備局等番号": "84",
        "都道府県コード": ""
      }
    },
    {
      "type": "Feature",
      "geometry": {
        "type": "Point",
        "coordinates": [
          138.845592,
          37.462169036745266
        ]
      },
      "properties": {
        "観測点コード": 4810120,
        "地方整備局等番号": "84",
        "都道府県コード": ""
      }
    },
    {
      "type": "Feature",
      "geometry": {
        "type": "Point",
        "coordinates": [
          138.785889,
          37.44445303672647
        ]
      },
      "properties": {
        "観測点コード": 4810130,
        "地方整備局等番号": "84",
        "都道府県コード": ""
      }
    },
    {
      "type": "Feature",
      "geometry": {
        "type": "Point",
        "coordinates": [
          138.740364,
          37.44069403672249
        ]
      },
      "properties": {
        "観測点コード": 4810140,
        "地方整備局等番号": "84",
        "都道府県コード": ""
      }
    },
    {
      "type": "Feature",
      "geometry": {
        "type": "Point",
        "coordinates": [
          138.674192,
          37.41229403669227
        ]
      },
      "properties": {
        "観測点コード": 4810150,
        "地方整備局等番号": "84",
        "都道府県コード": ""
      }
    },
    {
      "type": "Feature",
      "geometry": {
        "type": "Point",
        "coordinates": [
          138.343486,
          37.23896903650589
        ]
      },
      "properties": {
        "観測点コード": 4810160,
        "地方整備局等番号": "84",
        "都道府県コード": ""
      }
    },
    {
      "type": "Feature",
      "geometry": {
        "type": "Point",
        "coordinates": [
          138.272953,
          37.18690003644924
        ]
      },
      "properties": {
        "観測点コード": 4810170,
        "地方整備局等番号": "84",
        "都道府県コード": ""
      }
    },
    {
      "type": "Feature",
      "geometry": {
        "type": "Point",
        "coordinates": [
          138.266805,
          37.17543303643671
        ]
      },
      "properties": {
        "観測点コード": 4810180,
        "地方整備局等番号": "84",
        "都道府県コード": ""
      }
    },
    {
      "type": "Feature",
      "geometry": {
        "type": "Point",
        "coordinates": [
          138.247561,
          37.1623530364224
        ]
      },
      "properties": {
        "観測点コード": 4810190,
        "地方整備局等番号": "84",
        "都道府県コード": ""
      }
    },
    {
      "type": "Feature",
      "geometry": {
        "type": "Point",
        "coordinates": [
          137.990565,
          37.105891036360454
        ]
      },
      "properties": {
        "観測点コード": 4810200,
        "地方整備局等番号": "84",
        "都道府県コード": ""
      }
    },
    {
      "type": "Feature",
      "geometry": {
        "type": "Point",
        "coordinates": [
          137.96033,
          37.08795603634071
        ]
      },
      "properties": {
        "観測点コード": 4810210,
        "地方整備局等番号": "84",
        "都道府県コード": ""
      }
    },
    {
      "type": "Feature",
      "geometry": {
        "type": "Point",
        "coordinates": [
          137.905455,
          37.057208036306754
        ]
      },
      "properties": {
        "観測点コード": 4810220,
        "地方整備局等番号": "84",
        "都道府県コード": ""
      }
    },
    {
      "type": "Feature",
      "geometry": {
        "type": "Point",
        "coordinates": [
          137.885459,
          37.050899036299775
        ]
      },
      "properties": {
        "観測点コード": 4810230,
        "地方整備局等番号": "84",
        "都道府県コード": ""
      }
    },
    {
      "type": "Feature",
      "geometry": {
        "type": "Point",
        "coordinates": [
          137.890368,
          37.05093203629982
        ]
      },
      "properties": {
        "観測点コード": 4810250,
        "地方整備局等番号": "84",
        "都道府県コード": ""
      }
    },
    {
      "type": "Feature",
      "geometry": {
        "type": "Point",
        "coordinates": [
          138.808078,
          36.9856190362273
        ]
      },
      "properties": {
        "観測点コード": 4810260,
        "地方整備局等番号": "84",
        "都道府県コード": ""
      }
    },
    {
      "type": "Feature",
      "geometry": {
        "type": "Point",
        "coordinates": [
          138.916575,
          37.24858103651632
        ]
      },
      "properties": {
        "観測点コード": 4810270,
        "地方整備局等番号": "84",
        "都道府県コード": ""
      }
    },
    {
      "type": "Feature",
      "geometry": {
        "type": "Point",
        "coordinates": [
          138.942139,
          37.17036103643117
        ]
      },
      "properties": {
        "観測点コード": 4810280,
        "地方整備局等番号": "84",
        "都道府県コード": ""
      }
    },
    {
      "type": "Feature",
      "geometry": {
        "type": "Point",
        "coordinates": [
          138.265595,
          37.07683703632844
        ]
      },
      "properties": {
        "観測点コード": 4810290,
        "地方整備局等番号": "84",
        "都道府県コード": ""
      }
    },
    {
      "type": "Feature",
      "geometry": {
        "type": "Point",
        "coordinates": [
          139.536806,
          37.66361103695634
        ]
      },
      "properties": {
        "観測点コード": 4810300,
        "地方整備局等番号": "84",
        "都道府県コード": ""
      }
    },
    {
      "type": "Feature",
      "geometry": {
        "type": "Point",
        "coordinates": [
          139.147778,
          37.84055603713779
        ]
      },
      "properties": {
        "観測点コード": 4810310,
        "地方整備局等番号": "84",
        "都道府県コード": ""
      }
    },
    {
      "type": "Feature",
      "geometry": {
        "type": "Point",
        "coordinates": [
          139.070722,
          37.8978060371957
        ]
      },
      "properties": {
        "観測点コード": 4810330,
        "地方整備局等番号": "84",
        "都道府県コード": ""
      }
    },
    {
      "type": "Feature",
      "geometry": {
        "type": "Point",
        "coordinates": [
          138.734306,
          37.563464036852
        ]
      },
      "properties": {
        "観測点コード": 4810340,
        "地方整備局等番号": "84",
        "都道府県コード": ""
      }
    },
    {
      "type": "Feature",
      "geometry": {
        "type": "Point",
        "coordinates": [
          138.825033,
          37.61757803690852
        ]
      },
      "properties": {
        "観測点コード": 4810350,
        "地方整備局等番号": "84",
        "都道府県コード": ""
      }
    },
    {
      "type": "Feature",
      "geometry": {
        "type": "Point",
        "coordinates": [
          138.885919,
          37.690358036984
        ]
      },
      "properties": {
        "観測点コード": 4810360,
        "地方整備局等番号": "84",
        "都道府県コード": ""
      }
    },
    {
      "type": "Feature",
      "geometry": {
        "type": "Point",
        "coordinates": [
          138.92235,
          37.8052690371019
        ]
      },
      "properties": {
        "観測点コード": 4810370,
        "地方整備局等番号": "84",
        "都道府県コード": ""
      }
    },
    {
      "type": "Feature",
      "geometry": {
        "type": "Point",
        "coordinates": [
          138.981,
          37.86309703716064
        ]
      },
      "properties": {
        "観測点コード": 4810380,
        "地方整備局等番号": "84",
        "都道府県コード": ""
      }
    },
    {
      "type": "Feature",
      "geometry": {
        "type": "Point",
        "coordinates": [
          136.9116223,
          36.691540505894935
        ]
      },
      "properties": {
        "観測点コード": 4810395,
        "地方整備局等番号": "84",
        "都道府県コード": ""
      }
    },
    {
      "type": "Feature",
      "geometry": {
        "type": "Point",
        "coordinates": [
          137.444677,
          36.89660103612769
        ]
      },
      "properties": {
        "観測点コード": 4810406,
        "地方整備局等番号": "84",
        "都道府県コード": ""
      }
    },
    {
      "type": "Feature",
      "geometry": {
        "type": "Point",
        "coordinates": [
          137.41630300000003,
          36.816442036037266
        ]
      },
      "properties": {
        "観測点コード": 4810410,
        "地方整備局等番号": "84",
        "都道府県コード": ""
      }
    },
    {
      "type": "Feature",
      "geometry": {
        "type": "Point",
        "coordinates": [
          137.303914,
          36.718606035925916
        ]
      },
      "properties": {
        "観測点コード": 4810420,
        "地方整備局等番号": "84",
        "都道府県コード": ""
      }
    },
    {
      "type": "Feature",
      "geometry": {
        "type": "Point",
        "coordinates": [
          137.279328,
          36.71795303592518
        ]
      },
      "properties": {
        "観測点コード": 4810430,
        "地方整備局等番号": "84",
        "都道府県コード": ""
      }
    },
    {
      "type": "Feature",
      "geometry": {
        "type": "Point",
        "coordinates": [
          137.263083,
          36.72027203592783
        ]
      },
      "properties": {
        "観測点コード": 4810440,
        "地方整備局等番号": "84",
        "都道府県コード": ""
      }
    },
    {
      "type": "Feature",
      "geometry": {
        "type": "Point",
        "coordinates": [
          137.18171158,
          36.73017862593915
        ]
      },
      "properties": {
        "観測点コード": 4810445,
        "地方整備局等番号": "84",
        "都道府県コード": ""
      }
    },
    {
      "type": "Feature",
      "geometry": {
        "type": "Point",
        "coordinates": [
          137.12486156,
          36.72863947593739
        ]
      },
      "properties": {
        "観測点コード": 4810447,
        "地方整備局等番号": "84",
        "都道府県コード": ""
      }
    },
    {
      "type": "Feature",
      "geometry": {
        "type": "Point",
        "coordinates": [
          136.99179584,
          36.744673195955684
        ]
      },
      "properties": {
        "観測点コード": 4810454,
        "地方整備局等番号": "84",
        "都道府県コード": ""
      }
    },
    {
      "type": "Feature",
      "geometry": {
        "type": "Point",
        "coordinates": [
          136.855675,
          36.68745003589023
        ]
      },
      "properties": {
        "観測点コード": 4810460,
        "地方整備局等番号": "84",
        "都道府県コード": ""
      }
    },
    {
      "type": "Feature",
      "geometry": {
        "type": "Point",
        "coordinates": [
          137.22999,
          36.525710035703334
        ]
      },
      "properties": {
        "観測点コード": 4810462,
        "地方整備局等番号": "84",
        "都道府県コード": ""
      }
    },
    {
      "type": "Feature",
      "geometry": {
        "type": "Point",
        "coordinates": [
          137.23114399,
          36.53609652571542
        ]
      },
      "properties": {
        "観測点コード": 4810463,
        "地方整備局等番号": "84",
        "都道府県コード": ""
      }
    },
    {
      "type": "Feature",
      "geometry": {
        "type": "Point",
        "coordinates": [
          137.237889,
          36.69575603589977
        ]
      },
      "properties": {
        "観測点コード": 4810470,
        "地方整備局等番号": "84",
        "都道府県コード": ""
      }
    },
    {
      "type": "Feature",
      "geometry": {
        "type": "Point",
        "coordinates": [
          136.965706,
          36.580522035767004
        ]
      },
      "properties": {
        "観測点コード": 4810480,
        "地方整備局等番号": "84",
        "都道府県コード": ""
      }
    },
    {
      "type": "Feature",
      "geometry": {
        "type": "Point",
        "coordinates": [
          136.9765361111,
          36.68510836918755
        ]
      },
      "properties": {
        "観測点コード": 4810485,
        "地方整備局等番号": "84",
        "都道府県コード": ""
      }
    },
    {
      "type": "Feature",
      "geometry": {
        "type": "Point",
        "coordinates": [
          137.01085,
          36.74530803595641
        ]
      },
      "properties": {
        "観測点コード": 4810490,
        "地方整備局等番号": "84",
        "都道府県コード": ""
      }
    },
    {
      "type": "Feature",
      "geometry": {
        "type": "Point",
        "coordinates": [
          137.019489,
          36.91246103614551
        ]
      },
      "properties": {
        "観測点コード": 4810500,
        "地方整備局等番号": "84",
        "都道府県コード": ""
      }
    },
    {
      "type": "Feature",
      "geometry": {
        "type": "Point",
        "coordinates": [
          136.97895,
          36.84943603607457
        ]
      },
      "properties": {
        "観測点コード": 4810510,
        "地方整備局等番号": "84",
        "都道府県コード": ""
      }
    },
    {
      "type": "Feature",
      "geometry": {
        "type": "Point",
        "coordinates": [
          136.488056,
          36.44611103561032
        ]
      },
      "properties": {
        "観測点コード": 4810530,
        "地方整備局等番号": "84",
        "都道府県コード": ""
      }
    },
    {
      "type": "Feature",
      "geometry": {
        "type": "Point",
        "coordinates": [
          136.41169500000004,
          36.32672203546954
        ]
      },
      "properties": {
        "観測点コード": 4810550,
        "地方整備局等番号": "84",
        "都道府県コード": ""
      }
    },
    {
      "type": "Feature",
      "geometry": {
        "type": "Point",
        "coordinates": [
          136.655556,
          36.571667035756725
        ]
      },
      "properties": {
        "観測点コード": 4810570,
        "地方整備局等番号": "84",
        "都道府県コード": ""
      }
    },
    {
      "type": "Feature",
      "geometry": {
        "type": "Point",
        "coordinates": [
          136.640516,
          36.54430803572498
        ]
      },
      "properties": {
        "観測点コード": 4810580,
        "地方整備局等番号": "84",
        "都道府県コード": ""
      }
    },
    {
      "type": "Feature",
      "geometry": {
        "type": "Point",
        "coordinates": [
          136.623128,
          36.54061903572069
        ]
      },
      "properties": {
        "観測点コード": 4810590,
        "地方整備局等番号": "84",
        "都道府県コード": ""
      }
    },
    {
      "type": "Feature",
      "geometry": {
        "type": "Point",
        "coordinates": [
          136.969305,
          37.04041903628817
        ]
      },
      "properties": {
        "観測点コード": 4810600,
        "地方整備局等番号": "84",
        "都道府県コード": ""
      }
    },
    {
      "type": "Feature",
      "geometry": {
        "type": "Point",
        "coordinates": [
          136.830093,
          36.90469303613679
        ]
      },
      "properties": {
        "観測点コード": 4810610,
        "地方整備局等番号": "84",
        "都道府県コード": ""
      }
    },
    {
      "type": "Feature",
      "geometry": {
        "type": "Point",
        "coordinates": [
          136.79694700000002,
          36.86972803609746
        ]
      },
      "properties": {
        "観測点コード": 4810620,
        "地方整備局等番号": "84",
        "都道府県コード": ""
      }
    },
    {
      "type": "Feature",
      "geometry": {
        "type": "Point",
        "coordinates": [
          136.677711,
          36.560782035744104
        ]
      },
      "properties": {
        "観測点コード": 4810630,
        "地方整備局等番号": "84",
        "都道府県コード": ""
      }
    },
    {
      "type": "Feature",
      "geometry": {
        "type": "Point",
        "coordinates": [
          138.270337,
          34.90554603368308
        ]
      },
      "properties": {
        "観測点コード": 5810060,
        "地方整備局等番号": "85",
        "都道府県コード": "22"
      }
    },
    {
      "type": "Feature",
      "geometry": {
        "type": "Point",
        "coordinates": [
          138.151981,
          34.84454203360207
        ]
      },
      "properties": {
        "観測点コード": 5810080,
        "地方整備局等番号": "85",
        "都道府県コード": "22"
      }
    },
    {
      "type": "Feature",
      "geometry": {
        "type": "Point",
        "coordinates": [
          138.050184,
          34.78638703352455
        ]
      },
      "properties": {
        "観測点コード": 5810090,
        "地方整備局等番号": "85",
        "都道府県コード": "22"
      }
    },
    {
      "type": "Feature",
      "geometry": {
        "type": "Point",
        "coordinates": [
          137.969553,
          34.76273603349293
        ]
      },
      "properties": {
        "観測点コード": 5810110,
        "地方整備局等番号": "85",
        "都道府県コード": "22"
      }
    },
    {
      "type": "Feature",
      "geometry": {
        "type": "Point",
        "coordinates": [
          136.734972,
          35.11388803395716
        ]
      },
      "properties": {
        "観測点コード": 5810190,
        "地方整備局等番号": "85",
        "都道府県コード": "23"
      }
    },
    {
      "type": "Feature",
      "geometry": {
        "type": "Point",
        "coordinates": [
          136.47097,
          34.86311003362677
        ]
      },
      "properties": {
        "観測点コード": 5810210,
        "地方整備局等番号": "85",
        "都道府県コード": "24"
      }
    },
    {
      "type": "Feature",
      "geometry": {
        "type": "Point",
        "coordinates": [
          137.22477800000001,
          35.365972034283374
        ]
      },
      "properties": {
        "観測点コード": 5810280,
        "地方整備局等番号": "85",
        "都道府県コード": "21"
      }
    },
    {
      "type": "Feature",
      "geometry": {
        "type": "Point",
        "coordinates": [
          137.419698,
          35.44925903438983
        ]
      },
      "properties": {
        "観測点コード": 5810330,
        "地方整備局等番号": "85",
        "都道府県コード": "21"
      }
    },
    {
      "type": "Feature",
      "geometry": {
        "type": "Point",
        "coordinates": [
          137.442028,
          35.45966703440309
        ]
      },
      "properties": {
        "観測点コード": 5810340,
        "地方整備局等番号": "85",
        "都道府県コード": "21"
      }
    },
    {
      "type": "Feature",
      "geometry": {
        "type": "Point",
        "coordinates": [
          137.521639,
          35.51200003446958
        ]
      },
      "properties": {
        "観測点コード": 5810350,
        "地方整備局等番号": "85",
        "都道府県コード": "21"
      }
    },
    {
      "type": "Feature",
      "geometry": {
        "type": "Point",
        "coordinates": [
          137.537222,
          35.581250034557165
        ]
      },
      "properties": {
        "観測点コード": 5810360,
        "地方整備局等番号": "85",
        "都道府県コード": "21"
      }
    },
    {
      "type": "Feature",
      "geometry": {
        "type": "Point",
        "coordinates": [
          137.683244,
          35.81618803485076
        ]
      },
      "properties": {
        "観測点コード": 5810370,
        "地方整備局等番号": "85",
        "都道府県コード": "21"
      }
    },
    {
      "type": "Feature",
      "geometry": {
        "type": "Point",
        "coordinates": [
          137.77069,
          35.91502403497266
        ]
      },
      "properties": {
        "観測点コード": 5810380,
        "地方整備局等番号": "85",
        "都道府県コード": "21"
      }
    },
    {
      "type": "Feature",
      "geometry": {
        "type": "Point",
        "coordinates": [
          137.786917,
          35.93471103499681
        ]
      },
      "properties": {
        "観測点コード": 5810390,
        "地方整備局等番号": "85",
        "都道府県コード": "21"
      }
    },
    {
      "type": "Feature",
      "geometry": {
        "type": "Point",
        "coordinates": [
          137.190676,
          35.37572803429589
        ]
      },
      "properties": {
        "観測点コード": 5810420,
        "地方整備局等番号": "85",
        "都道府県コード": "21"
      }
    },
    {
      "type": "Feature",
      "geometry": {
        "type": "Point",
        "coordinates": [
          137.132361,
          35.426917034361345
        ]
      },
      "properties": {
        "観測点コード": 5810440,
        "地方整備局等番号": "85",
        "都道府県コード": "21"
      }
    },
    {
      "type": "Feature",
      "geometry": {
        "type": "Point",
        "coordinates": [
          136.946394,
          35.418612034350744
        ]
      },
      "properties": {
        "観測点コード": 5810470,
        "地方整備局等番号": "85",
        "都道府県コード": "21"
      }
    },
    {
      "type": "Feature",
      "geometry": {
        "type": "Point",
        "coordinates": [
          136.453326,
          35.37112003428997
        ]
      },
      "properties": {
        "観測点コード": 5810510,
        "地方整備局等番号": "85",
        "都道府県コード": "21"
      }
    },
    {
      "type": "Feature",
      "geometry": {
        "type": "Point",
        "coordinates": [
          137.40686,
          34.696128033403625
        ]
      },
      "properties": {
        "観測点コード": 5810530,
        "地方整備局等番号": "85",
        "都道府県コード": "23"
      }
    },
    {
      "type": "Feature",
      "geometry": {
        "type": "Point",
        "coordinates": [
          137.221222,
          34.84938803360853
        ]
      },
      "properties": {
        "観測点コード": 5810570,
        "地方整備局等番号": "85",
        "都道府県コード": "23"
      }
    },
    {
      "type": "Feature",
      "geometry": {
        "type": "Point",
        "coordinates": [
          137.197416,
          34.84869403360759
        ]
      },
      "properties": {
        "観測点コード": 5810580,
        "地方整備局等番号": "85",
        "都道府県コード": "23"
      }
    },
    {
      "type": "Feature",
      "geometry": {
        "type": "Point",
        "coordinates": [
          136.86925,
          35.10119403394058
        ]
      },
      "properties": {
        "観測点コード": 5810620,
        "地方整備局等番号": "85",
        "都道府県コード": "23"
      }
    },
    {
      "type": "Feature",
      "geometry": {
        "type": "Point",
        "coordinates": [
          136.51956,
          34.65002003334157
        ]
      },
      "properties": {
        "観測点コード": 5810670,
        "地方整備局等番号": "85",
        "都道府県コード": "24"
      }
    },
    {
      "type": "Feature",
      "geometry": {
        "type": "Point",
        "coordinates": [
          136.4716,
          34.71907003343443
        ]
      },
      "properties": {
        "観測点コード": 5810680,
        "地方整備局等番号": "85",
        "都道府県コード": "24"
      }
    },
    {
      "type": "Feature",
      "geometry": {
        "type": "Point",
        "coordinates": [
          136.49449,
          34.64712003333765
        ]
      },
      "properties": {
        "観測点コード": 5810690,
        "地方整備局等番号": "85",
        "都道府県コード": "24"
      }
    },
    {
      "type": "Feature",
      "geometry": {
        "type": "Point",
        "coordinates": [
          136.416645,
          34.850220033609624
        ]
      },
      "properties": {
        "観測点コード": 5810700,
        "地方整備局等番号": "85",
        "都道府県コード": "24"
      }
    },
    {
      "type": "Feature",
      "geometry": {
        "type": "Point",
        "coordinates": [
          135.986212,
          34.62822503331218
        ]
      },
      "properties": {
        "観測点コード": 5810730,
        "地方整備局等番号": "85",
        "都道府県コード": "24"
      }
    },
    {
      "type": "Feature",
      "geometry": {
        "type": "Point",
        "coordinates": [
          137.177488,
          35.55276203452119
        ]
      },
      "properties": {
        "観測点コード": 5810760,
        "地方整備局等番号": "85",
        "都道府県コード": "21"
      }
    },
    {
      "type": "Feature",
      "geometry": {
        "type": "Point",
        "coordinates": [
          137.169715,
          35.64602003463866
        ]
      },
      "properties": {
        "観測点コード": 5810770,
        "地方整備局等番号": "85",
        "都道府県コード": "21"
      }
    },
    {
      "type": "Feature",
      "geometry": {
        "type": "Point",
        "coordinates": [
          137.162564,
          35.667031034665
        ]
      },
      "properties": {
        "観測点コード": 5810780,
        "地方整備局等番号": "85",
        "都道府県コード": "21"
      }
    },
    {
      "type": "Feature",
      "geometry": {
        "type": "Point",
        "coordinates": [
          137.208481,
          35.74291003475978
        ]
      },
      "properties": {
        "観測点コード": 5810790,
        "地方整備局等番号": "85",
        "都道府県コード": "21"
      }
    },
    {
      "type": "Feature",
      "geometry": {
        "type": "Point",
        "coordinates": [
          137.252586,
          35.77947703480525
        ]
      },
      "properties": {
        "観測点コード": 5810800,
        "地方整備局等番号": "85",
        "都道府県コード": "21"
      }
    },
    {
      "type": "Feature",
      "geometry": {
        "type": "Point",
        "coordinates": [
          137.232014,
          35.83471903487371
        ]
      },
      "properties": {
        "観測点コード": 5810810,
        "地方整備局等番号": "85",
        "都道府県コード": "21"
      }
    },
    {
      "type": "Feature",
      "geometry": {
        "type": "Point",
        "coordinates": [
          137.294767,
          36.02357503510535
        ]
      },
      "properties": {
        "観測点コード": 5810830,
        "地方整備局等番号": "85",
        "都道府県コード": "21"
      }
    },
    {
      "type": "Feature",
      "geometry": {
        "type": "Point",
        "coordinates": [
          137.266233,
          36.10871303520861
        ]
      },
      "properties": {
        "観測点コード": 5810840,
        "地方整備局等番号": "85",
        "都道府県コード": "21"
      }
    },
    {
      "type": "Feature",
      "geometry": {
        "type": "Point",
        "coordinates": [
          137.258932,
          36.12373303522673
        ]
      },
      "properties": {
        "観測点コード": 5810850,
        "地方整備局等番号": "85",
        "都道府県コード": "21"
      }
    },
    {
      "type": "Feature",
      "geometry": {
        "type": "Point",
        "coordinates": [
          137.162845,
          36.25072803537914
        ]
      },
      "properties": {
        "観測点コード": 5810860,
        "地方整備局等番号": "85",
        "都道府県コード": "21"
      }
    },
    {
      "type": "Feature",
      "geometry": {
        "type": "Point",
        "coordinates": [
          137.259675,
          36.31423303545473
        ]
      },
      "properties": {
        "観測点コード": 5810880,
        "地方整備局等番号": "85",
        "都道府県コード": "21"
      }
    },
    {
      "type": "Feature",
      "geometry": {
        "type": "Point",
        "coordinates": [
          136.4423714,
          34.407524733012174
        ]
      },
      "properties": {
        "観測点コード": 5810890,
        "地方整備局等番号": "85",
        "都道府県コード": "24"
      }
    },
    {
      "type": "Feature",
      "geometry": {
        "type": "Point",
        "coordinates": [
          136.2779067,
          34.1617406326732
        ]
      },
      "properties": {
        "観測点コード": 5810900,
        "地方整備局等番号": "85",
        "都道府県コード": "24"
      }
    },
    {
      "type": "Feature",
      "geometry": {
        "type": "Point",
        "coordinates": [
          136.1958331,
          34.05028613251784
        ]
      },
      "properties": {
        "観測点コード": 5810920,
        "地方整備局等番号": "85",
        "都道府県コード": "24"
      }
    },
    {
      "type": "Feature",
      "geometry": {
        "type": "Point",
        "coordinates": [
          136.1080803,
          33.98629813242818
        ]
      },
      "properties": {
        "観測点コード": 5810930,
        "地方整備局等番号": "85",
        "都道府県コード": "24"
      }
    },
    {
      "type": "Feature",
      "geometry": {
        "type": "Point",
        "coordinates": [
          136.0940822,
          33.93298113235323
        ]
      },
      "properties": {
        "観測点コード": 5810940,
        "地方整備局等番号": "85",
        "都道府県コード": "24"
      }
    },
    {
      "type": "Feature",
      "geometry": {
        "type": "Point",
        "coordinates": [
          136.1851117,
          34.00152563244955
        ]
      },
      "properties": {
        "観測点コード": 5810960,
        "地方整備局等番号": "85",
        "都道府県コード": "24"
      }
    },
    {
      "type": "Feature",
      "geometry": {
        "type": "Point",
        "coordinates": [
          136.1524581,
          33.942137832366114
        ]
      },
      "properties": {
        "観測点コード": 5810970,
        "地方整備局等番号": "85",
        "都道府県コード": "24"
      }
    },
    {
      "type": "Feature",
      "geometry": {
        "type": "Point",
        "coordinates": [
          136.1381858,
          33.92889863234747
        ]
      },
      "properties": {
        "観測点コード": 5810980,
        "地方整備局等番号": "85",
        "都道府県コード": "24"
      }
    },
    {
      "type": "Feature",
      "geometry": {
        "type": "Point",
        "coordinates": [
          135.9955167,
          33.74057583208088
        ]
      },
      "properties": {
        "観測点コード": 5810990,
        "地方整備局等番号": "85",
        "都道府県コード": "24"
      }
    },
    {
      "type": "Feature",
      "geometry": {
        "type": "Point",
        "coordinates": [
          138.522379,
          35.15084103400535
        ]
      },
      "properties": {
        "観測点コード": 5811020,
        "地方整備局等番号": "85",
        "都道府県コード": "22"
      }
    },
    {
      "type": "Feature",
      "geometry": {
        "type": "Point",
        "coordinates": [
          138.520314,
          35.15470103401037
        ]
      },
      "properties": {
        "観測点コード": 5811030,
        "地方整備局等番号": "85",
        "都道府県コード": "22"
      }
    },
    {
      "type": "Feature",
      "geometry": {
        "type": "Point",
        "coordinates": [
          138.529894,
          35.19272303405982
        ]
      },
      "properties": {
        "観測点コード": 5811040,
        "地方整備局等番号": "85",
        "都道府県コード": "22"
      }
    },
    {
      "type": "Feature",
      "geometry": {
        "type": "Point",
        "coordinates": [
          138.860418,
          35.37095103428976
        ]
      },
      "properties": {
        "観測点コード": 5811050,
        "地方整備局等番号": "85",
        "都道府県コード": "22"
      }
    },
    {
      "type": "Feature",
      "geometry": {
        "type": "Point",
        "coordinates": [
          137.309194,
          35.135027033984734
        ]
      },
      "properties": {
        "観測点コード": 5811110,
        "地方整備局等番号": "85",
        "都道府県コード": "23"
      }
    },
    {
      "type": "Feature",
      "geometry": {
        "type": "Point",
        "coordinates": [
          137.332722,
          35.149777034003954
        ]
      },
      "properties": {
        "観測点コード": 5811120,
        "地方整備局等番号": "85",
        "都道府県コード": "23"
      }
    },
    {
      "type": "Feature",
      "geometry": {
        "type": "Point",
        "coordinates": [
          137.406805,
          35.1700830340304
        ]
      },
      "properties": {
        "観測点コード": 5811130,
        "地方整備局等番号": "85",
        "都道府県コード": "23"
      }
    },
    {
      "type": "Feature",
      "geometry": {
        "type": "Point",
        "coordinates": [
          137.524166,
          35.221388034097004
        ]
      },
      "properties": {
        "観測点コード": 5811140,
        "地方整備局等番号": "85",
        "都道府県コード": "23"
      }
    },
    {
      "type": "Feature",
      "geometry": {
        "type": "Point",
        "coordinates": [
          137.756093,
          35.46219703440631
        ]
      },
      "properties": {
        "観測点コード": 5811150,
        "地方整備局等番号": "85",
        "都道府県コード": "21"
      }
    },
    {
      "type": "Feature",
      "geometry": {
        "type": "Point",
        "coordinates": [
          137.792544,
          35.50206103445697
        ]
      },
      "properties": {
        "観測点コード": 5811160,
        "地方整備局等番号": "85",
        "都道府県コード": "21"
      }
    },
    {
      "type": "Feature",
      "geometry": {
        "type": "Point",
        "coordinates": [
          137.106666,
          35.21055503408296
        ]
      },
      "properties": {
        "観測点コード": 5811170,
        "地方整備局等番号": "85",
        "都道府県コード": "23"
      }
    },
    {
      "type": "Feature",
      "geometry": {
        "type": "Point",
        "coordinates": [
          136.937212,
          35.601941034583234
        ]
      },
      "properties": {
        "観測点コード": 5811190,
        "地方整備局等番号": "85",
        "都道府県コード": "21"
      }
    },
    {
      "type": "Feature",
      "geometry": {
        "type": "Point",
        "coordinates": [
          137.164639,
          36.13868903524477
        ]
      },
      "properties": {
        "観測点コード": 5811230,
        "地方整備局等番号": "85",
        "都道府県コード": "21"
      }
    },
    {
      "type": "Feature",
      "geometry": {
        "type": "Point",
        "coordinates": [
          137.222749,
          36.16135703527206
        ]
      },
      "properties": {
        "観測点コード": 5811240,
        "地方整備局等番号": "85",
        "都道府県コード": "21"
      }
    },
    {
      "type": "Feature",
      "geometry": {
        "type": "Point",
        "coordinates": [
          138.927446,
          35.312573034214765
        ]
      },
      "properties": {
        "観測点コード": 5811250,
        "地方整備局等番号": "85",
        "都道府県コード": "22"
      }
    },
    {
      "type": "Feature",
      "geometry": {
        "type": "Point",
        "coordinates": [
          136.596679,
          35.23023303410846
        ]
      },
      "properties": {
        "観測点コード": 5811270,
        "地方整備局等番号": "85",
        "都道府県コード": "21"
      }
    },
    {
      "type": "Feature",
      "geometry": {
        "type": "Point",
        "coordinates": [
          137.78409,
          35.46731303441282
        ]
      },
      "properties": {
        "観測点コード": 5811330,
        "地方整備局等番号": "85",
        "都道府県コード": "21"
      }
    },
    {
      "type": "Feature",
      "geometry": {
        "type": "Point",
        "coordinates": [
          136.336111,
          34.89694403367168
        ]
      },
      "properties": {
        "観測点コード": 6810010,
        "地方整備局等番号": "86",
        "都道府県コード": ""
      }
    },
    {
      "type": "Feature",
      "geometry": {
        "type": "Point",
        "coordinates": [
          135.901667,
          34.97777803377855
        ]
      },
      "properties": {
        "観測点コード": 6810020,
        "地方整備局等番号": "86",
        "都道府県コード": ""
      }
    },
    {
      "type": "Feature",
      "geometry": {
        "type": "Point",
        "coordinates": [
          136.094722,
          35.00527803381478
        ]
      },
      "properties": {
        "観測点コード": 6810030,
        "地方整備局等番号": "86",
        "都道府県コード": ""
      }
    },
    {
      "type": "Feature",
      "geometry": {
        "type": "Point",
        "coordinates": [
          135.75305600000002,
          34.986389033789905
        ]
      },
      "properties": {
        "観測点コード": 6810060,
        "地方整備局等番号": "86",
        "都道府県コード": ""
      }
    },
    {
      "type": "Feature",
      "geometry": {
        "type": "Point",
        "coordinates": [
          135.908546,
          34.978118033779
        ]
      },
      "properties": {
        "観測点コード": 6810089,
        "地方整備局等番号": "86",
        "都道府県コード": ""
      }
    },
    {
      "type": "Feature",
      "geometry": {
        "type": "Point",
        "coordinates": [
          135.72305600000004,
          34.83138903358458
        ]
      },
      "properties": {
        "観測点コード": 6810090,
        "地方整備局等番号": "86",
        "都道府県コード": ""
      }
    },
    {
      "type": "Feature",
      "geometry": {
        "type": "Point",
        "coordinates": [
          135.723889,
          34.83138903358458
        ]
      },
      "properties": {
        "観測点コード": 6810100,
        "地方整備局等番号": "86",
        "都道府県コード": ""
      }
    },
    {
      "type": "Feature",
      "geometry": {
        "type": "Point",
        "coordinates": [
          135.4489722,
          34.71411113342777
        ]
      },
      "properties": {
        "観測点コード": 6810105,
        "地方整備局等番号": "86",
        "都道府県コード": ""
      }
    },
    {
      "type": "Feature",
      "geometry": {
        "type": "Point",
        "coordinates": [
          135.019846,
          34.6429970333321
        ]
      },
      "properties": {
        "観測点コード": 6810111,
        "地方整備局等番号": "86",
        "都道府県コード": ""
      }
    },
    {
      "type": "Feature",
      "geometry": {
        "type": "Point",
        "coordinates": [
          134.330556,
          34.842500033599364
        ]
      },
      "properties": {
        "観測点コード": 6810130,
        "地方整備局等番号": "86",
        "都道府県コード": ""
      }
    },
    {
      "type": "Feature",
      "geometry": {
        "type": "Point",
        "coordinates": [
          136.26777780000003,
          36.18333336529846
        ]
      },
      "properties": {
        "観測点コード": 6810135,
        "地方整備局等番号": "86",
        "都道府県コード": ""
      }
    },
    {
      "type": "Feature",
      "geometry": {
        "type": "Point",
        "coordinates": [
          136.263889,
          36.14305603525003
        ]
      },
      "properties": {
        "観測点コード": 6810140,
        "地方整備局等番号": "86",
        "都道府県コード": ""
      }
    },
    {
      "type": "Feature",
      "geometry": {
        "type": "Point",
        "coordinates": [
          136.244444,
          36.0772220351705
        ]
      },
      "properties": {
        "観測点コード": 6810150,
        "地方整備局等番号": "86",
        "都道府県コード": ""
      }
    },
    {
      "type": "Feature",
      "geometry": {
        "type": "Point",
        "coordinates": [
          136.218333,
          36.02444403510641
        ]
      },
      "properties": {
        "観測点コード": 6810160,
        "地方整備局等番号": "86",
        "都道府県コード": ""
      }
    },
    {
      "type": "Feature",
      "geometry": {
        "type": "Point",
        "coordinates": [
          136.1958333,
          35.980555595052905
        ]
      },
      "properties": {
        "観測点コード": 6810165,
        "地方整備局等番号": "86",
        "都道府県コード": ""
      }
    },
    {
      "type": "Feature",
      "geometry": {
        "type": "Point",
        "coordinates": [
          136.188889,
          35.95555603502233
        ]
      },
      "properties": {
        "観測点コード": 6810170,
        "地方整備局等番号": "86",
        "都道府県コード": ""
      }
    },
    {
      "type": "Feature",
      "geometry": {
        "type": "Point",
        "coordinates": [
          136.169444,
          35.878333034927515
        ]
      },
      "properties": {
        "観測点コード": 6810180,
        "地方整備局等番号": "86",
        "都道府県コード": ""
      }
    },
    {
      "type": "Feature",
      "geometry": {
        "type": "Point",
        "coordinates": [
          136.094722,
          35.719444034730536
        ]
      },
      "properties": {
        "観測点コード": 6810190,
        "地方整備局等番号": "86",
        "都道府県コード": ""
      }
    },
    {
      "type": "Feature",
      "geometry": {
        "type": "Point",
        "coordinates": [
          136.083056,
          35.66555603466316
        ]
      },
      "properties": {
        "観測点コード": 6810200,
        "地方整備局等番号": "86",
        "都道府県コード": ""
      }
    },
    {
      "type": "Feature",
      "geometry": {
        "type": "Point",
        "coordinates": [
          136.107222,
          35.60416703458605
        ]
      },
      "properties": {
        "観測点コード": 6810220,
        "地方整備局等番号": "86",
        "都道府県コード": ""
      }
    },
    {
      "type": "Feature",
      "geometry": {
        "type": "Point",
        "coordinates": [
          136.122756,
          35.57603003455058
        ]
      },
      "properties": {
        "観測点コード": 6810230,
        "地方整備局等番号": "86",
        "都道府県コード": ""
      }
    },
    {
      "type": "Feature",
      "geometry": {
        "type": "Point",
        "coordinates": [
          136.173333,
          35.512778034470564
        ]
      },
      "properties": {
        "観測点コード": 6810240,
        "地方整備局等番号": "86",
        "都道府県コード": ""
      }
    },
    {
      "type": "Feature",
      "geometry": {
        "type": "Point",
        "coordinates": [
          136.245092,
          35.4322160343681
        ]
      },
      "properties": {
        "観測点コード": 6810241,
        "地方整備局等番号": "86",
        "都道府県コード": ""
      }
    },
    {
      "type": "Feature",
      "geometry": {
        "type": "Point",
        "coordinates": [
          136.269444,
          35.27555603416706
        ]
      },
      "properties": {
        "観測点コード": 6810250,
        "地方整備局等番号": "86",
        "都道府県コード": ""
      }
    },
    {
      "type": "Feature",
      "geometry": {
        "type": "Point",
        "coordinates": [
          136.128333,
          35.11611103396005
        ]
      },
      "properties": {
        "観測点コード": 6810260,
        "地方整備局等番号": "86",
        "都道府県コード": ""
      }
    },
    {
      "type": "Feature",
      "geometry": {
        "type": "Point",
        "coordinates": [
          136.089722,
          35.091944033928485
        ]
      },
      "properties": {
        "観測点コード": 6810270,
        "地方整備局等番号": "86",
        "都道府県コード": ""
      }
    },
    {
      "type": "Feature",
      "geometry": {
        "type": "Point",
        "coordinates": [
          136.084722,
          35.66000003465618
        ]
      },
      "properties": {
        "観測点コード": 6810280,
        "地方整備局等番号": "86",
        "都道府県コード": ""
      }
    },
    {
      "type": "Feature",
      "geometry": {
        "type": "Point",
        "coordinates": [
          135.722222,
          34.996111033802705
        ]
      },
      "properties": {
        "観測点コード": 6810290,
        "地方整備局等番号": "86",
        "都道府県コード": ""
      }
    },
    {
      "type": "Feature",
      "geometry": {
        "type": "Point",
        "coordinates": [
          135.693056,
          34.981944033784046
        ]
      },
      "properties": {
        "観測点コード": 6810300,
        "地方整備局等番号": "86",
        "都道府県コード": ""
      }
    },
    {
      "type": "Feature",
      "geometry": {
        "type": "Point",
        "coordinates": [
          135.692917,
          34.981944033784046
        ]
      },
      "properties": {
        "観測点コード": 6810310,
        "地方整備局等番号": "86",
        "都道府県コード": ""
      }
    },
    {
      "type": "Feature",
      "geometry": {
        "type": "Point",
        "coordinates": [
          135.64750000000004,
          34.992500033797945
        ]
      },
      "properties": {
        "観測点コード": 6810320,
        "地方整備局等番号": "86",
        "都道府県コード": ""
      }
    },
    {
      "type": "Feature",
      "geometry": {
        "type": "Point",
        "coordinates": [
          135.636667,
          34.989722033794294
        ]
      },
      "properties": {
        "観測点コード": 6810330,
        "地方整備局等番号": "86",
        "都道府県コード": ""
      }
    },
    {
      "type": "Feature",
      "geometry": {
        "type": "Point",
        "coordinates": [
          135.756215,
          35.488936034440314
        ]
      },
      "properties": {
        "観測点コード": 6810335,
        "地方整備局等番号": "86",
        "都道府県コード": ""
      }
    },
    {
      "type": "Feature",
      "geometry": {
        "type": "Point",
        "coordinates": [
          135.439444,
          35.12222203396803
        ]
      },
      "properties": {
        "観測点コード": 6810340,
        "地方整備局等番号": "86",
        "都道府県コード": ""
      }
    },
    {
      "type": "Feature",
      "geometry": {
        "type": "Point",
        "coordinates": [
          135.3219444,
          35.18777781405339
        ]
      },
      "properties": {
        "観測点コード": 6810343,
        "地方整備局等番号": "86",
        "都道府県コード": ""
      }
    },
    {
      "type": "Feature",
      "geometry": {
        "type": "Point",
        "coordinates": [
          135.2161111,
          35.24583336412865
        ]
      },
      "properties": {
        "観測点コード": 6810344,
        "地方整備局等番号": "86",
        "都道府県コード": ""
      }
    },
    {
      "type": "Feature",
      "geometry": {
        "type": "Point",
        "coordinates": [
          135.1777778,
          35.28305559417674
        ]
      },
      "properties": {
        "観測点コード": 6810346,
        "地方整備局等番号": "86",
        "都道府県コード": ""
      }
    },
    {
      "type": "Feature",
      "geometry": {
        "type": "Point",
        "coordinates": [
          135.101491,
          35.3139820342166
        ]
      },
      "properties": {
        "観測点コード": 6810348,
        "地方整備局等番号": "86",
        "都道府県コード": ""
      }
    },
    {
      "type": "Feature",
      "geometry": {
        "type": "Point",
        "coordinates": [
          134.917222,
          35.333611034241834
        ]
      },
      "properties": {
        "観測点コード": 6810360,
        "地方整備局等番号": "86",
        "都道府県コード": ""
      }
    },
    {
      "type": "Feature",
      "geometry": {
        "type": "Point",
        "coordinates": [
          136.286774,
          36.25913403538918
        ]
      },
      "properties": {
        "観測点コード": 6810365,
        "地方整備局等番号": "86",
        "都道府県コード": ""
      }
    },
    {
      "type": "Feature",
      "geometry": {
        "type": "Point",
        "coordinates": [
          134.671667,
          35.38305603430526
        ]
      },
      "properties": {
        "観測点コード": 6810370,
        "地方整備局等番号": "86",
        "都道府県コード": ""
      }
    },
    {
      "type": "Feature",
      "geometry": {
        "type": "Point",
        "coordinates": [
          134.585278,
          35.48083303443001
        ]
      },
      "properties": {
        "観測点コード": 6810390,
        "地方整備局等番号": "86",
        "都道府県コード": ""
      }
    },
    {
      "type": "Feature",
      "geometry": {
        "type": "Point",
        "coordinates": [
          134.533889,
          35.50388903445929
        ]
      },
      "properties": {
        "観測点コード": 6810400,
        "地方整備局等番号": "86",
        "都道府県コード": ""
      }
    },
    {
      "type": "Feature",
      "geometry": {
        "type": "Point",
        "coordinates": [
          134.4275,
          35.5247220344857
        ]
      },
      "properties": {
        "観測点コード": 6810410,
        "地方整備局等番号": "86",
        "都道府県コード": ""
      }
    },
    {
      "type": "Feature",
      "geometry": {
        "type": "Point",
        "coordinates": [
          136.352222,
          35.33111103423862
        ]
      },
      "properties": {
        "観測点コード": 6810420,
        "地方整備局等番号": "86",
        "都道府県コード": ""
      }
    },
    {
      "type": "Feature",
      "geometry": {
        "type": "Point",
        "coordinates": [
          135.169164,
          34.229683032767404
        ]
      },
      "properties": {
        "観測点コード": 6810450,
        "地方整備局等番号": "86",
        "都道府県コード": ""
      }
    },
    {
      "type": "Feature",
      "geometry": {
        "type": "Point",
        "coordinates": [
          135.6647778,
          34.5749167332401
        ]
      },
      "properties": {
        "観測点コード": 6810492,
        "地方整備局等番号": "86",
        "都道府県コード": ""
      }
    },
    {
      "type": "Feature",
      "geometry": {
        "type": "Point",
        "coordinates": [
          135.466581,
          34.58000003324698
        ]
      },
      "properties": {
        "観測点コード": 6810500,
        "地方整備局等番号": "86",
        "都道府県コード": ""
      }
    },
    {
      "type": "Feature",
      "geometry": {
        "type": "Point",
        "coordinates": [
          135.466581,
          34.5797220332466
        ]
      },
      "properties": {
        "観測点コード": 6810510,
        "地方整備局等番号": "86",
        "都道府県コード": ""
      }
    },
    {
      "type": "Feature",
      "geometry": {
        "type": "Point",
        "coordinates": [
          135.269444,
          34.36000003294702
        ]
      },
      "properties": {
        "観測点コード": 6810540,
        "地方整備局等番号": "86",
        "都道府県コード": ""
      }
    },
    {
      "type": "Feature",
      "geometry": {
        "type": "Point",
        "coordinates": [
          135.19756,
          34.32270003289575
        ]
      },
      "properties": {
        "観測点コード": 6810550,
        "地方整備局等番号": "86",
        "都道府県コード": ""
      }
    },
    {
      "type": "Feature",
      "geometry": {
        "type": "Point",
        "coordinates": [
          135.1913056,
          34.32488893289876
        ]
      },
      "properties": {
        "観測点コード": 6810551,
        "地方整備局等番号": "86",
        "都道府県コード": ""
      }
    },
    {
      "type": "Feature",
      "geometry": {
        "type": "Point",
        "coordinates": [
          135.1605,
          34.31283333288218
        ]
      },
      "properties": {
        "観測点コード": 6810552,
        "地方整備局等番号": "86",
        "都道府県コード": ""
      }
    },
    {
      "type": "Feature",
      "geometry": {
        "type": "Point",
        "coordinates": [
          135.175,
          34.24805603279281
        ]
      },
      "properties": {
        "観測点コード": 6810560,
        "地方整備局等番号": "86",
        "都道府県コード": ""
      }
    },
    {
      "type": "Feature",
      "geometry": {
        "type": "Point",
        "coordinates": [
          136.021389,
          35.633611034623065
        ]
      },
      "properties": {
        "観測点コード": 6810580,
        "地方整備局等番号": "86",
        "都道府県コード": ""
      }
    },
    {
      "type": "Feature",
      "geometry": {
        "type": "Point",
        "coordinates": [
          135.910417,
          35.58083303455663
        ]
      },
      "properties": {
        "観測点コード": 6810590,
        "地方整備局等番号": "86",
        "都道府県コード": ""
      }
    },
    {
      "type": "Feature",
      "geometry": {
        "type": "Point",
        "coordinates": [
          135.825,
          35.469444034415524
        ]
      },
      "properties": {
        "観測点コード": 6810610,
        "地方整備局等番号": "86",
        "都道府県コード": ""
      }
    },
    {
      "type": "Feature",
      "geometry": {
        "type": "Point",
        "coordinates": [
          135.666111,
          35.483056034432835
        ]
      },
      "properties": {
        "観測点コード": 6810620,
        "地方整備局等番号": "86",
        "都道府県コード": ""
      }
    },
    {
      "type": "Feature",
      "geometry": {
        "type": "Point",
        "coordinates": [
          135.595833,
          35.48805603443919
        ]
      },
      "properties": {
        "観測点コード": 6810630,
        "地方整備局等番号": "86",
        "都道府県コード": ""
      }
    },
    {
      "type": "Feature",
      "geometry": {
        "type": "Point",
        "coordinates": [
          135.421389,
          35.48083303443001
        ]
      },
      "properties": {
        "観測点コード": 6810660,
        "地方整備局等番号": "86",
        "都道府県コード": ""
      }
    },
    {
      "type": "Feature",
      "geometry": {
        "type": "Point",
        "coordinates": [
          135.3566667,
          35.46027781440387
        ]
      },
      "properties": {
        "観測点コード": 6810667,
        "地方整備局等番号": "86",
        "都道府県コード": ""
      }
    },
    {
      "type": "Feature",
      "geometry": {
        "type": "Point",
        "coordinates": [
          135.333056,
          35.414167034345056
        ]
      },
      "properties": {
        "観測点コード": 6810670,
        "地方整備局等番号": "86",
        "都道府県コード": ""
      }
    },
    {
      "type": "Feature",
      "geometry": {
        "type": "Point",
        "coordinates": [
          135.3169444,
          35.37888892429992
        ]
      },
      "properties": {
        "観測点コード": 6810671,
        "地方整備局等番号": "86",
        "都道府県コード": ""
      }
    },
    {
      "type": "Feature",
      "geometry": {
        "type": "Point",
        "coordinates": [
          134.605278,
          34.85305603361341
        ]
      },
      "properties": {
        "観測点コード": 6810730,
        "地方整備局等番号": "86",
        "都道府県コード": ""
      }
    },
    {
      "type": "Feature",
      "geometry": {
        "type": "Point",
        "coordinates": [
          134.61312,
          34.87691203364509
        ]
      },
      "properties": {
        "観測点コード": 6810740,
        "地方整備局等番号": "86",
        "都道府県コード": ""
      }
    },
    {
      "type": "Feature",
      "geometry": {
        "type": "Point",
        "coordinates": [
          134.587422,
          35.07068203390065
        ]
      },
      "properties": {
        "観測点コード": 6810750,
        "地方整備局等番号": "86",
        "都道府県コード": ""
      }
    },
    {
      "type": "Feature",
      "geometry": {
        "type": "Point",
        "coordinates": [
          134.539014,
          35.145672033998615
        ]
      },
      "properties": {
        "観測点コード": 6810760,
        "地方整備局等番号": "86",
        "都道府県コード": ""
      }
    },
    {
      "type": "Feature",
      "geometry": {
        "type": "Point",
        "coordinates": [
          135.984591,
          33.692375032012194
        ]
      },
      "properties": {
        "観測点コード": 6810770,
        "地方整備局等番号": "86",
        "都道府県コード": ""
      }
    },
    {
      "type": "Feature",
      "geometry": {
        "type": "Point",
        "coordinates": [
          135.927061,
          33.61777803190555
        ]
      },
      "properties": {
        "観測点コード": 6810780,
        "地方整備局等番号": "86",
        "都道府県コード": ""
      }
    },
    {
      "type": "Feature",
      "geometry": {
        "type": "Point",
        "coordinates": [
          135.910197,
          33.56853903183492
        ]
      },
      "properties": {
        "観測点コード": 6810790,
        "地方整備局等番号": "86",
        "都道府県コード": ""
      }
    },
    {
      "type": "Feature",
      "geometry": {
        "type": "Point",
        "coordinates": [
          135.806228,
          33.50323103174097
        ]
      },
      "properties": {
        "観測点コード": 6810800,
        "地方整備局等番号": "86",
        "都道府県コード": ""
      }
    },
    {
      "type": "Feature",
      "geometry": {
        "type": "Point",
        "coordinates": [
          135.760481,
          33.48392803171314
        ]
      },
      "properties": {
        "観測点コード": 6810810,
        "地方整備局等番号": "86",
        "都道府県コード": ""
      }
    },
    {
      "type": "Feature",
      "geometry": {
        "type": "Point",
        "coordinates": [
          135.60639100000003,
          33.509890031750565
        ]
      },
      "properties": {
        "観測点コード": 6810820,
        "地方整備局等番号": "86",
        "都道府県コード": ""
      }
    },
    {
      "type": "Feature",
      "geometry": {
        "type": "Point",
        "coordinates": [
          135.57,
          33.51850003176297
        ]
      },
      "properties": {
        "観測点コード": 6810830,
        "地方整備局等番号": "86",
        "都道府県コード": ""
      }
    },
    {
      "type": "Feature",
      "geometry": {
        "type": "Point",
        "coordinates": [
          135.458889,
          33.554167031814266
        ]
      },
      "properties": {
        "観測点コード": 6810840,
        "地方整備局等番号": "86",
        "都道府県コード": ""
      }
    },
    {
      "type": "Feature",
      "geometry": {
        "type": "Point",
        "coordinates": [
          135.411942,
          33.70273603202697
        ]
      },
      "properties": {
        "観測点コード": 6810850,
        "地方整備局等番号": "86",
        "都道府県コード": ""
      }
    },
    {
      "type": "Feature",
      "geometry": {
        "type": "Point",
        "coordinates": [
          135.404722,
          33.72250003205514
        ]
      },
      "properties": {
        "観測点コード": 6810860,
        "地方整備局等番号": "86",
        "都道府県コード": ""
      }
    },
    {
      "type": "Feature",
      "geometry": {
        "type": "Point",
        "coordinates": [
          135.3275,
          33.748889032092684
        ]
      },
      "properties": {
        "観測点コード": 6810880,
        "地方整備局等番号": "86",
        "都道府県コード": ""
      }
    },
    {
      "type": "Feature",
      "geometry": {
        "type": "Point",
        "coordinates": [
          135.3025,
          33.7811110321385
        ]
      },
      "properties": {
        "観測点コード": 6810890,
        "地方整備局等番号": "86",
        "都道府県コード": ""
      }
    },
    {
      "type": "Feature",
      "geometry": {
        "type": "Point",
        "coordinates": [
          135.146508,
          33.91892803233343
        ]
      },
      "properties": {
        "観測点コード": 6810900,
        "地方整備局等番号": "86",
        "都道府県コード": ""
      }
    },
    {
      "type": "Feature",
      "geometry": {
        "type": "Point",
        "coordinates": [
          135.12965,
          33.94659203237239
        ]
      },
      "properties": {
        "観測点コード": 6810910,
        "地方整備局等番号": "86",
        "都道府県コード": ""
      }
    },
    {
      "type": "Feature",
      "geometry": {
        "type": "Point",
        "coordinates": [
          135.189722,
          34.04305603250771
        ]
      },
      "properties": {
        "観測点コード": 6810920,
        "地方整備局等番号": "86",
        "都道府県コード": ""
      }
    },
    {
      "type": "Feature",
      "geometry": {
        "type": "Point",
        "coordinates": [
          135.189167,
          34.047035032513286
        ]
      },
      "properties": {
        "観測点コード": 6810930,
        "地方整備局等番号": "86",
        "都道府県コード": ""
      }
    },
    {
      "type": "Feature",
      "geometry": {
        "type": "Point",
        "coordinates": [
          135.169583,
          34.19539403271991
        ]
      },
      "properties": {
        "観測点コード": 6810950,
        "地方整備局等番号": "86",
        "都道府県コード": ""
      }
    },
    {
      "type": "Feature",
      "geometry": {
        "type": "Point",
        "coordinates": [
          135.359472,
          33.74962803209376
        ]
      },
      "properties": {
        "観測点コード": 6810960,
        "地方整備局等番号": "86",
        "都道府県コード": ""
      }
    },
    {
      "type": "Feature",
      "geometry": {
        "type": "Point",
        "coordinates": [
          135.48972200000003,
          34.652222033344536
        ]
      },
      "properties": {
        "観測点コード": 6810980,
        "地方整備局等番号": "86",
        "都道府県コード": ""
      }
    },
    {
      "type": "Feature",
      "geometry": {
        "type": "Point",
        "coordinates": [
          136.098333,
          35.551944034520155
        ]
      },
      "properties": {
        "観測点コード": 6810990,
        "地方整備局等番号": "86",
        "都道府県コード": ""
      }
    },
    {
      "type": "Feature",
      "geometry": {
        "type": "Point",
        "coordinates": [
          136.094444,
          35.530000034492396
        ]
      },
      "properties": {
        "観測点コード": 6811000,
        "地方整備局等番号": "86",
        "都道府県コード": ""
      }
    },
    {
      "type": "Feature",
      "geometry": {
        "type": "Point",
        "coordinates": [
          136.083056,
          35.47888903442754
        ]
      },
      "properties": {
        "観測点コード": 6811010,
        "地方整備局等番号": "86",
        "都道府県コード": ""
      }
    },
    {
      "type": "Feature",
      "geometry": {
        "type": "Point",
        "coordinates": [
          136.024722,
          35.39750003432375
        ]
      },
      "properties": {
        "観測点コード": 6811020,
        "地方整備局等番号": "86",
        "都道府県コード": ""
      }
    },
    {
      "type": "Feature",
      "geometry": {
        "type": "Point",
        "coordinates": [
          136.018056,
          35.28722203418211
        ]
      },
      "properties": {
        "観測点コード": 6811030,
        "地方整備局等番号": "86",
        "都道府県コード": ""
      }
    },
    {
      "type": "Feature",
      "geometry": {
        "type": "Point",
        "coordinates": [
          135.960556,
          35.24777803413116
        ]
      },
      "properties": {
        "観測点コード": 6811040,
        "地方整備局等番号": "86",
        "都道府県コード": ""
      }
    },
    {
      "type": "Feature",
      "geometry": {
        "type": "Point",
        "coordinates": [
          135.943333,
          35.237778034118236
        ]
      },
      "properties": {
        "観測点コード": 6811050,
        "地方整備局等番号": "86",
        "都道府県コード": ""
      }
    },
    {
      "type": "Feature",
      "geometry": {
        "type": "Point",
        "coordinates": [
          135.569444,
          34.71861103343382
        ]
      },
      "properties": {
        "観測点コード": 6811080,
        "地方整備局等番号": "86",
        "都道府県コード": ""
      }
    },
    {
      "type": "Feature",
      "geometry": {
        "type": "Point",
        "coordinates": [
          135.008778,
          35.0725560339031
        ]
      },
      "properties": {
        "観測点コード": 6811120,
        "地方整備局等番号": "86",
        "都道府県コード": ""
      }
    },
    {
      "type": "Feature",
      "geometry": {
        "type": "Point",
        "coordinates": [
          135.005953,
          35.12139403396696
        ]
      },
      "properties": {
        "観測点コード": 6811130,
        "地方整備局等番号": "86",
        "都道府県コード": ""
      }
    },
    {
      "type": "Feature",
      "geometry": {
        "type": "Point",
        "coordinates": [
          135.066111,
          35.16055603401799
        ]
      },
      "properties": {
        "観測点コード": 6811150,
        "地方整備局等番号": "86",
        "都道府県コード": ""
      }
    },
    {
      "type": "Feature",
      "geometry": {
        "type": "Point",
        "coordinates": [
          135.020833,
          35.23305603411212
        ]
      },
      "properties": {
        "観測点コード": 6811160,
        "地方整備局等番号": "86",
        "都道府県コード": ""
      }
    },
    {
      "type": "Feature",
      "geometry": {
        "type": "Point",
        "coordinates": [
          134.977245,
          35.28748503418245
        ]
      },
      "properties": {
        "観測点コード": 6811165,
        "地方整備局等番号": "86",
        "都道府県コード": ""
      }
    },
    {
      "type": "Feature",
      "geometry": {
        "type": "Point",
        "coordinates": [
          134.970556,
          35.29111103418713
        ]
      },
      "properties": {
        "観測点コード": 6811170,
        "地方整備局等番号": "86",
        "都道府県コード": ""
      }
    },
    {
      "type": "Feature",
      "geometry": {
        "type": "Point",
        "coordinates": [
          134.92,
          35.30305603420252
        ]
      },
      "properties": {
        "観測点コード": 6811180,
        "地方整備局等番号": "86",
        "都道府県コード": ""
      }
    },
    {
      "type": "Feature",
      "geometry": {
        "type": "Point",
        "coordinates": [
          134.801111,
          35.34500003425647
        ]
      },
      "properties": {
        "観測点コード": 6811190,
        "地方整備局等番号": "86",
        "都道府県コード": ""
      }
    },
    {
      "type": "Feature",
      "geometry": {
        "type": "Point",
        "coordinates": [
          134.759167,
          35.36333303427999
        ]
      },
      "properties": {
        "観測点コード": 6811200,
        "地方整備局等番号": "86",
        "都道府県コード": ""
      }
    },
    {
      "type": "Feature",
      "geometry": {
        "type": "Point",
        "coordinates": [
          134.790538,
          35.49942303445363
        ]
      },
      "properties": {
        "観測点コード": 6811210,
        "地方整備局等番号": "86",
        "都道府県コード": ""
      }
    },
    {
      "type": "Feature",
      "geometry": {
        "type": "Point",
        "coordinates": [
          134.764925,
          35.474942034422526
        ]
      },
      "properties": {
        "観測点コード": 6811220,
        "地方整備局等番号": "86",
        "都道府県コード": ""
      }
    },
    {
      "type": "Feature",
      "geometry": {
        "type": "Point",
        "coordinates": [
          134.767839,
          35.43722003437449
        ]
      },
      "properties": {
        "観測点コード": 6811230,
        "地方整備局等番号": "86",
        "都道府県コード": ""
      }
    },
    {
      "type": "Feature",
      "geometry": {
        "type": "Point",
        "coordinates": [
          136.023618,
          35.01754603383091
        ]
      },
      "properties": {
        "観測点コード": 6811260,
        "地方整備局等番号": "86",
        "都道府県コード": ""
      }
    },
    {
      "type": "Feature",
      "geometry": {
        "type": "Point",
        "coordinates": [
          134.816183,
          34.78856603352747
        ]
      },
      "properties": {
        "観測点コード": 6811310,
        "地方整備局等番号": "86",
        "都道府県コード": ""
      }
    },
    {
      "type": "Feature",
      "geometry": {
        "type": "Point",
        "coordinates": [
          134.673055,
          34.81472203356237
        ]
      },
      "properties": {
        "観測点コード": 6811320,
        "地方整備局等番号": "86",
        "都道府県コード": ""
      }
    },
    {
      "type": "Feature",
      "geometry": {
        "type": "Point",
        "coordinates": [
          134.618945,
          34.83503003358942
        ]
      },
      "properties": {
        "観測点コード": 6811340,
        "地方整備局等番号": "86",
        "都道府県コード": ""
      }
    },
    {
      "type": "Feature",
      "geometry": {
        "type": "Point",
        "coordinates": [
          135.675417,
          34.54152803319483
        ]
      },
      "properties": {
        "観測点コード": 6811400,
        "地方整備局等番号": "86",
        "都道府県コード": ""
      }
    },
    {
      "type": "Feature",
      "geometry": {
        "type": "Point",
        "coordinates": [
          134.506281,
          34.22576903276199
        ]
      },
      "properties": {
        "観測点コード": 8810010,
        "地方整備局等番号": "88",
        "都道府県コード": ""
      }
    },
    {
      "type": "Feature",
      "geometry": {
        "type": "Point",
        "coordinates": [
          134.426444,
          34.21202803274294
        ]
      },
      "properties": {
        "観測点コード": 8810040,
        "地方整備局等番号": "88",
        "都道府県コード": ""
      }
    },
    {
      "type": "Feature",
      "geometry": {
        "type": "Point",
        "coordinates": [
          134.369389,
          34.2426940327854
        ]
      },
      "properties": {
        "観測点コード": 8810050,
        "地方整備局等番号": "88",
        "都道府県コード": ""
      }
    },
    {
      "type": "Feature",
      "geometry": {
        "type": "Point",
        "coordinates": [
          134.333056,
          34.24194403278437
        ]
      },
      "properties": {
        "観測点コード": 8810060,
        "地方整備局等番号": "88",
        "都道府県コード": ""
      }
    },
    {
      "type": "Feature",
      "geometry": {
        "type": "Point",
        "coordinates": [
          134.235686,
          34.3096610328778
        ]
      },
      "properties": {
        "観測点コード": 8810070,
        "地方整備局等番号": "88",
        "都道府県コード": ""
      }
    },
    {
      "type": "Feature",
      "geometry": {
        "type": "Point",
        "coordinates": [
          134.203003,
          34.323825032897304
        ]
      },
      "properties": {
        "観測点コード": 8810080,
        "地方整備局等番号": "88",
        "都道府県コード": ""
      }
    },
    {
      "type": "Feature",
      "geometry": {
        "type": "Point",
        "coordinates": [
          134.040556,
          34.31055603287904
        ]
      },
      "properties": {
        "観測点コード": 8810090,
        "地方整備局等番号": "88",
        "都道府県コード": ""
      }
    },
    {
      "type": "Feature",
      "geometry": {
        "type": "Point",
        "coordinates": [
          134.040833,
          34.31083303287942
        ]
      },
      "properties": {
        "観測点コード": 8810100,
        "地方整備局等番号": "88",
        "都道府県コード": ""
      }
    },
    {
      "type": "Feature",
      "geometry": {
        "type": "Point",
        "coordinates": [
          133.9267892,
          34.296344462859466
        ]
      },
      "properties": {
        "観測点コード": 8810110,
        "地方整備局等番号": "88",
        "都道府県コード": ""
      }
    },
    {
      "type": "Feature",
      "geometry": {
        "type": "Point",
        "coordinates": [
          133.886,
          34.30830303287593
        ]
      },
      "properties": {
        "観測点コード": 8810120,
        "地方整備局等番号": "88",
        "都道府県コード": ""
      }
    },
    {
      "type": "Feature",
      "geometry": {
        "type": "Point",
        "coordinates": [
          133.818719,
          34.28116903283854
        ]
      },
      "properties": {
        "観測点コード": 8810130,
        "地方整備局等番号": "88",
        "都道府県コード": ""
      }
    },
    {
      "type": "Feature",
      "geometry": {
        "type": "Point",
        "coordinates": [
          132.931944,
          33.79388903215663
        ]
      },
      "properties": {
        "観測点コード": 8810150,
        "地方整備局等番号": "88",
        "都道府県コード": ""
      }
    },
    {
      "type": "Feature",
      "geometry": {
        "type": "Point",
        "coordinates": [
          133.916925,
          34.251008032796896
        ]
      },
      "properties": {
        "観測点コード": 8810160,
        "地方整備局等番号": "88",
        "都道府県コード": ""
      }
    },
    {
      "type": "Feature",
      "geometry": {
        "type": "Point",
        "coordinates": [
          133.834944,
          34.183472032703364
        ]
      },
      "properties": {
        "観測点コード": 8810170,
        "地方整備局等番号": "88",
        "都道府県コード": ""
      }
    },
    {
      "type": "Feature",
      "geometry": {
        "type": "Point",
        "coordinates": [
          133.82277800000003,
          34.15741703266719
        ]
      },
      "properties": {
        "観測点コード": 8810180,
        "地方整備局等番号": "88",
        "都道府県コード": ""
      }
    },
    {
      "type": "Feature",
      "geometry": {
        "type": "Point",
        "coordinates": [
          133.814811,
          34.02985603248925
        ]
      },
      "properties": {
        "観測点コード": 8810210,
        "地方整備局等番号": "88",
        "都道府県コード": ""
      }
    },
    {
      "type": "Feature",
      "geometry": {
        "type": "Point",
        "coordinates": [
          133.788456,
          33.99827503244498
        ]
      },
      "properties": {
        "観測点コード": 8810220,
        "地方整備局等番号": "88",
        "都道府県コード": ""
      }
    },
    {
      "type": "Feature",
      "geometry": {
        "type": "Point",
        "coordinates": [
          133.6898053,
          33.699149792021856
        ]
      },
      "properties": {
        "観測点コード": 8810270,
        "地方整備局等番号": "88",
        "都道府県コード": ""
      }
    },
    {
      "type": "Feature",
      "geometry": {
        "type": "Point",
        "coordinates": [
          133.66,
          33.65416703195762
        ]
      },
      "properties": {
        "観測点コード": 8810310,
        "地方整備局等番号": "88",
        "都道府県コード": ""
      }
    },
    {
      "type": "Feature",
      "geometry": {
        "type": "Point",
        "coordinates": [
          133.460556,
          33.55527803181588
        ]
      },
      "properties": {
        "観測点コード": 8810340,
        "地方整備局等番号": "88",
        "都道府県コード": ""
      }
    },
    {
      "type": "Feature",
      "geometry": {
        "type": "Point",
        "coordinates": [
          133.139444,
          33.555000031815474
        ]
      },
      "properties": {
        "観測点コード": 8810380,
        "地方整備局等番号": "88",
        "都道府県コード": ""
      }
    },
    {
      "type": "Feature",
      "geometry": {
        "type": "Point",
        "coordinates": [
          132.9925,
          33.58111103185298
        ]
      },
      "properties": {
        "観測点コード": 8810400,
        "地方整備局等番号": "88",
        "都道府県コード": ""
      }
    },
    {
      "type": "Feature",
      "geometry": {
        "type": "Point",
        "coordinates": [
          132.933333,
          33.61805603190595
        ]
      },
      "properties": {
        "観測点コード": 8810410,
        "地方整備局等番号": "88",
        "都道府県コード": ""
      }
    },
    {
      "type": "Feature",
      "geometry": {
        "type": "Point",
        "coordinates": [
          132.916389,
          33.62777803191986
        ]
      },
      "properties": {
        "観測点コード": 8810420,
        "地方整備局等番号": "88",
        "都道府県コード": ""
      }
    },
    {
      "type": "Feature",
      "geometry": {
        "type": "Point",
        "coordinates": [
          132.905833,
          33.646667031946905
        ]
      },
      "properties": {
        "観測点コード": 8810430,
        "地方整備局等番号": "88",
        "都道府県コード": ""
      }
    },
    {
      "type": "Feature",
      "geometry": {
        "type": "Point",
        "coordinates": [
          132.8835762,
          33.68178252199708
        ]
      },
      "properties": {
        "観測点コード": 8810450,
        "地方整備局等番号": "88",
        "都道府県コード": ""
      }
    },
    {
      "type": "Feature",
      "geometry": {
        "type": "Point",
        "coordinates": [
          132.811667,
          33.73555603207373
        ]
      },
      "properties": {
        "観測点コード": 8810510,
        "地方整備局等番号": "88",
        "都道府県コード": ""
      }
    },
    {
      "type": "Feature",
      "geometry": {
        "type": "Point",
        "coordinates": [
          132.7455604,
          33.80679213217494
        ]
      },
      "properties": {
        "観測点コード": 8810530,
        "地方整備局等番号": "88",
        "都道府県コード": ""
      }
    },
    {
      "type": "Feature",
      "geometry": {
        "type": "Point",
        "coordinates": [
          134.645522,
          33.883114032282926
        ]
      },
      "properties": {
        "観測点コード": 8810560,
        "地方整備局等番号": "88",
        "都道府県コード": ""
      }
    },
    {
      "type": "Feature",
      "geometry": {
        "type": "Point",
        "coordinates": [
          134.637228,
          33.87310303226879
        ]
      },
      "properties": {
        "観測点コード": 8810570,
        "地方整備局等番号": "88",
        "都道府県コード": ""
      }
    },
    {
      "type": "Feature",
      "geometry": {
        "type": "Point",
        "coordinates": [
          134.590708,
          33.8064830321745
        ]
      },
      "properties": {
        "観測点コード": 8810580,
        "地方整備局等番号": "88",
        "都道府県コード": ""
      }
    },
    {
      "type": "Feature",
      "geometry": {
        "type": "Point",
        "coordinates": [
          134.519397,
          33.72289703205572
        ]
      },
      "properties": {
        "観測点コード": 8810640,
        "地方整備局等番号": "88",
        "都道府県コード": ""
      }
    },
    {
      "type": "Feature",
      "geometry": {
        "type": "Point",
        "coordinates": [
          134.406369,
          33.66041903196656
        ]
      },
      "properties": {
        "観測点コード": 8810660,
        "地方整備局等番号": "88",
        "都道府県コード": ""
      }
    },
    {
      "type": "Feature",
      "geometry": {
        "type": "Point",
        "coordinates": [
          134.323467,
          33.58200303185425
        ]
      },
      "properties": {
        "観測点コード": 8810670,
        "地方整備局等番号": "88",
        "都道府県コード": ""
      }
    },
    {
      "type": "Feature",
      "geometry": {
        "type": "Point",
        "coordinates": [
          134.261667,
          33.49111103172349
        ]
      },
      "properties": {
        "観測点コード": 8810690,
        "地方整備局等番号": "88",
        "都道府県コード": ""
      }
    },
    {
      "type": "Feature",
      "geometry": {
        "type": "Point",
        "coordinates": [
          134.1973409,
          33.33499901149748
        ]
      },
      "properties": {
        "観測点コード": 8810720,
        "地方整備局等番号": "88",
        "都道府県コード": ""
      }
    },
    {
      "type": "Feature",
      "geometry": {
        "type": "Point",
        "coordinates": [
          134.1807112,
          33.2510477313752
        ]
      },
      "properties": {
        "観測点コード": 8810730,
        "地方整備局等番号": "88",
        "都道府県コード": ""
      }
    },
    {
      "type": "Feature",
      "geometry": {
        "type": "Point",
        "coordinates": [
          134.123333,
          33.29972203144615
        ]
      },
      "properties": {
        "観測点コード": 8810740,
        "地方整備局等番号": "88",
        "都道府県コード": ""
      }
    },
    {
      "type": "Feature",
      "geometry": {
        "type": "Point",
        "coordinates": [
          134.039855,
          33.371439791550394
        ]
      },
      "properties": {
        "観測点コード": 8810750,
        "地方整備局等番号": "88",
        "都道府県コード": ""
      }
    },
    {
      "type": "Feature",
      "geometry": {
        "type": "Point",
        "coordinates": [
          134.023333,
          33.42416703162678
        ]
      },
      "properties": {
        "観測点コード": 8810760,
        "地方整備局等番号": "88",
        "都道府県コード": ""
      }
    },
    {
      "type": "Feature",
      "geometry": {
        "type": "Point",
        "coordinates": [
          133.966111,
          33.441944031652504
        ]
      },
      "properties": {
        "観測点コード": 8810780,
        "地方整備局等番号": "88",
        "都道府県コード": ""
      }
    },
    {
      "type": "Feature",
      "geometry": {
        "type": "Point",
        "coordinates": [
          133.878652,
          33.5033880317412
        ]
      },
      "properties": {
        "観測点コード": 8810820,
        "地方整備局等番号": "88",
        "都道府県コード": ""
      }
    },
    {
      "type": "Feature",
      "geometry": {
        "type": "Point",
        "coordinates": [
          133.760278,
          33.525000031772315
        ]
      },
      "properties": {
        "観測点コード": 8810840,
        "地方整備局等番号": "88",
        "都道府県コード": ""
      }
    },
    {
      "type": "Feature",
      "geometry": {
        "type": "Point",
        "coordinates": [
          133.301944,
          33.42055603162157
        ]
      },
      "properties": {
        "観測点コード": 8810850,
        "地方整備局等番号": "88",
        "都道府県コード": ""
      }
    },
    {
      "type": "Feature",
      "geometry": {
        "type": "Point",
        "coordinates": [
          133.179556,
          33.3074340314574
        ]
      },
      "properties": {
        "観測点コード": 8810880,
        "地方整備局等番号": "88",
        "都道府県コード": ""
      }
    },
    {
      "type": "Feature",
      "geometry": {
        "type": "Point",
        "coordinates": [
          133.172023,
          33.28855103142989
        ]
      },
      "properties": {
        "観測点コード": 8810890,
        "地方整備局等番号": "88",
        "都道府県コード": ""
      }
    },
    {
      "type": "Feature",
      "geometry": {
        "type": "Point",
        "coordinates": [
          133.171467,
          33.266597031397886
        ]
      },
      "properties": {
        "観測点コード": 8810910,
        "地方整備局等番号": "88",
        "都道府県コード": ""
      }
    },
    {
      "type": "Feature",
      "geometry": {
        "type": "Point",
        "coordinates": [
          133.140708,
          33.21880803132811
        ]
      },
      "properties": {
        "観測点コード": 8810920,
        "地方整備局等番号": "88",
        "都道府県コード": ""
      }
    },
    {
      "type": "Feature",
      "geometry": {
        "type": "Point",
        "coordinates": [
          132.9856986,
          33.0089042010197
        ]
      },
      "properties": {
        "観測点コード": 8810940,
        "地方整備局等番号": "88",
        "都道府県コード": ""
      }
    },
    {
      "type": "Feature",
      "geometry": {
        "type": "Point",
        "coordinates": [
          132.889125,
          32.97816103097427
        ]
      },
      "properties": {
        "観測点コード": 8810960,
        "地方整備局等番号": "88",
        "都道府県コード": ""
      }
    },
    {
      "type": "Feature",
      "geometry": {
        "type": "Point",
        "coordinates": [
          132.885636,
          32.977644030973515
        ]
      },
      "properties": {
        "観測点コード": 8810970,
        "地方整備局等番号": "88",
        "都道府県コード": ""
      }
    },
    {
      "type": "Feature",
      "geometry": {
        "type": "Point",
        "coordinates": [
          132.865489,
          32.96687203095758
        ]
      },
      "properties": {
        "観測点コード": 8811000,
        "地方整備局等番号": "88",
        "都道府県コード": ""
      }
    },
    {
      "type": "Feature",
      "geometry": {
        "type": "Point",
        "coordinates": [
          132.816661,
          32.96457803095418
        ]
      },
      "properties": {
        "観測点コード": 8811020,
        "地方整備局等番号": "88",
        "都道府県コード": ""
      }
    },
    {
      "type": "Feature",
      "geometry": {
        "type": "Point",
        "coordinates": [
          132.796389,
          32.95833303094494
        ]
      },
      "properties": {
        "観測点コード": 8811040,
        "地方整備局等番号": "88",
        "都道府県コード": ""
      }
    },
    {
      "type": "Feature",
      "geometry": {
        "type": "Point",
        "coordinates": [
          132.736475,
          32.93641403091248
        ]
      },
      "properties": {
        "観測点コード": 8811050,
        "地方整備局等番号": "88",
        "都道府県コード": ""
      }
    },
    {
      "type": "Feature",
      "geometry": {
        "type": "Point",
        "coordinates": [
          132.683747,
          32.969853030961985
        ]
      },
      "properties": {
        "観測点コード": 8811060,
        "地方整備局等番号": "88",
        "都道府県コード": ""
      }
    },
    {
      "type": "Feature",
      "geometry": {
        "type": "Point",
        "coordinates": [
          132.665209,
          32.970303030962654
        ]
      },
      "properties": {
        "観測点コード": 8811070,
        "地方整備局等番号": "88",
        "都道府県コード": ""
      }
    },
    {
      "type": "Feature",
      "geometry": {
        "type": "Point",
        "coordinates": [
          132.60067,
          32.95232903093605
        ]
      },
      "properties": {
        "観測点コード": 8811080,
        "地方整備局等番号": "88",
        "都道府県コード": ""
      }
    },
    {
      "type": "Feature",
      "geometry": {
        "type": "Point",
        "coordinates": [
          132.584276,
          32.9541190309387
        ]
      },
      "properties": {
        "観測点コード": 8811090,
        "地方整備局等番号": "88",
        "都道府県コード": ""
      }
    },
    {
      "type": "Feature",
      "geometry": {
        "type": "Point",
        "coordinates": [
          132.48536,
          33.04654603107523
        ]
      },
      "properties": {
        "観測点コード": 8811110,
        "地方整備局等番号": "88",
        "都道府県コード": ""
      }
    },
    {
      "type": "Feature",
      "geometry": {
        "type": "Point",
        "coordinates": [
          132.49507,
          33.0789110311229
        ]
      },
      "properties": {
        "観測点コード": 8811130,
        "地方整備局等番号": "88",
        "都道府県コード": ""
      }
    },
    {
      "type": "Feature",
      "geometry": {
        "type": "Point",
        "coordinates": [
          132.518333,
          33.11350003117377
        ]
      },
      "properties": {
        "観測点コード": 8811140,
        "地方整備局等番号": "88",
        "都道府県コード": ""
      }
    },
    {
      "type": "Feature",
      "geometry": {
        "type": "Point",
        "coordinates": [
          132.521282,
          33.12469803119022
        ]
      },
      "properties": {
        "観測点コード": 8811150,
        "地方整備局等番号": "88",
        "都道府県コード": ""
      }
    },
    {
      "type": "Feature",
      "geometry": {
        "type": "Point",
        "coordinates": [
          132.54537,
          33.49517003172935
        ]
      },
      "properties": {
        "観測点コード": 8811170,
        "地方整備局等番号": "88",
        "都道府県コード": ""
      }
    },
    {
      "type": "Feature",
      "geometry": {
        "type": "Point",
        "coordinates": [
          132.5469,
          33.15677703123728
        ]
      },
      "properties": {
        "観測点コード": 8811180,
        "地方整備局等番号": "88",
        "都道府県コード": ""
      }
    },
    {
      "type": "Feature",
      "geometry": {
        "type": "Point",
        "coordinates": [
          132.552651,
          33.264024031394136
        ]
      },
      "properties": {
        "観測点コード": 8811190,
        "地方整備局等番号": "88",
        "都道府県コード": ""
      }
    },
    {
      "type": "Feature",
      "geometry": {
        "type": "Point",
        "coordinates": [
          132.559577,
          33.23340003134943
        ]
      },
      "properties": {
        "観測点コード": 8811210,
        "地方整備局等番号": "88",
        "都道府県コード": ""
      }
    },
    {
      "type": "Feature",
      "geometry": {
        "type": "Point",
        "coordinates": [
          132.55883,
          33.21975503132949
        ]
      },
      "properties": {
        "観測点コード": 8811220,
        "地方整備局等番号": "88",
        "都道府県コード": ""
      }
    },
    {
      "type": "Feature",
      "geometry": {
        "type": "Point",
        "coordinates": [
          132.545961,
          33.21400003132108
        ]
      },
      "properties": {
        "観測点コード": 8811230,
        "地方整備局等番号": "88",
        "都道府県コード": ""
      }
    },
    {
      "type": "Feature",
      "geometry": {
        "type": "Point",
        "coordinates": [
          132.543219,
          33.187563031282394
        ]
      },
      "properties": {
        "観測点コード": 8811240,
        "地方整備局等番号": "88",
        "都道府県コード": ""
      }
    },
    {
      "type": "Feature",
      "geometry": {
        "type": "Point",
        "coordinates": [
          132.69675,
          33.623917031914345
        ]
      },
      "properties": {
        "観測点コード": 8811250,
        "地方整備局等番号": "88",
        "都道府県コード": ""
      }
    },
    {
      "type": "Feature",
      "geometry": {
        "type": "Point",
        "coordinates": [
          132.70852,
          33.63910303193607
        ]
      },
      "properties": {
        "観測点コード": 8811260,
        "地方整備局等番号": "88",
        "都道府県コード": ""
      }
    },
    {
      "type": "Feature",
      "geometry": {
        "type": "Point",
        "coordinates": [
          132.7075,
          33.701111032024656
        ]
      },
      "properties": {
        "観測点コード": 8811300,
        "地方整備局等番号": "88",
        "都道府県コード": ""
      }
    },
    {
      "type": "Feature",
      "geometry": {
        "type": "Point",
        "coordinates": [
          133.6034113,
          33.99242782243679
        ]
      },
      "properties": {
        "観測点コード": 8811320,
        "地方整備局等番号": "88",
        "都道府県コード": ""
      }
    },
    {
      "type": "Feature",
      "geometry": {
        "type": "Point",
        "coordinates": [
          133.6571521,
          33.99611044244195
        ]
      },
      "properties": {
        "観測点コード": 8811330,
        "地方整備局等番号": "88",
        "都道府県コード": ""
      }
    },
    {
      "type": "Feature",
      "geometry": {
        "type": "Point",
        "coordinates": [
          133.77361100000002,
          34.015556032469206
        ]
      },
      "properties": {
        "観測点コード": 8811360,
        "地方整備局等番号": "88",
        "都道府県コード": ""
      }
    },
    {
      "type": "Feature",
      "geometry": {
        "type": "Point",
        "coordinates": [
          132.778333,
          33.981944032422064
        ]
      },
      "properties": {
        "観測点コード": 8811430,
        "地方整備局等番号": "88",
        "都道府県コード": ""
      }
    },
    {
      "type": "Feature",
      "geometry": {
        "type": "Point",
        "coordinates": [
          133.057088,
          33.98044403241997
        ]
      },
      "properties": {
        "観測点コード": 8811450,
        "地方整備局等番号": "88",
        "都道府県コード": ""
      }
    },
    {
      "type": "Feature",
      "geometry": {
        "type": "Point",
        "coordinates": [
          130.79675,
          33.86852803226232
        ]
      },
      "properties": {
        "観測点コード": 9810010,
        "地方整備局等番号": "89",
        "都道府県コード": ""
      }
    },
    {
      "type": "Feature",
      "geometry": {
        "type": "Point",
        "coordinates": [
          130.608521,
          33.835259032215276
        ]
      },
      "properties": {
        "観測点コード": 9810020,
        "地方整備局等番号": "89",
        "都道府県コード": ""
      }
    },
    {
      "type": "Feature",
      "geometry": {
        "type": "Point",
        "coordinates": [
          130.567337,
          33.78978203215081
        ]
      },
      "properties": {
        "観測点コード": 9810030,
        "地方整備局等番号": "89",
        "都道府県コード": ""
      }
    },
    {
      "type": "Feature",
      "geometry": {
        "type": "Point",
        "coordinates": [
          130.488242,
          33.744955032087105
        ]
      },
      "properties": {
        "観測点コード": 9810040,
        "地方整備局等番号": "89",
        "都道府県コード": ""
      }
    },
    {
      "type": "Feature",
      "geometry": {
        "type": "Point",
        "coordinates": [
          130.478193,
          33.73691203207566
        ]
      },
      "properties": {
        "観測点コード": 9810050,
        "地方整備局等番号": "89",
        "都道府県コード": ""
      }
    },
    {
      "type": "Feature",
      "geometry": {
        "type": "Point",
        "coordinates": [
          130.49557,
          33.52600403177376
        ]
      },
      "properties": {
        "観測点コード": 9810070,
        "地方整備局等番号": "89",
        "都道府県コード": ""
      }
    },
    {
      "type": "Feature",
      "geometry": {
        "type": "Point",
        "coordinates": [
          130.511069,
          33.51100303175216
        ]
      },
      "properties": {
        "観測点コード": 9810080,
        "地方整備局等番号": "89",
        "都道府県コード": ""
      }
    },
    {
      "type": "Feature",
      "geometry": {
        "type": "Point",
        "coordinates": [
          130.520977,
          33.510200031751005
        ]
      },
      "properties": {
        "観測点コード": 9810090,
        "地方整備局等番号": "89",
        "都道府県コード": ""
      }
    },
    {
      "type": "Feature",
      "geometry": {
        "type": "Point",
        "coordinates": [
          130.53932,
          33.477797031704284
        ]
      },
      "properties": {
        "観測点コード": 9810100,
        "地方整備局等番号": "89",
        "都道府県コード": ""
      }
    },
    {
      "type": "Feature",
      "geometry": {
        "type": "Point",
        "coordinates": [
          130.525942,
          33.33966203150427
        ]
      },
      "properties": {
        "観測点コード": 9810120,
        "地方整備局等番号": "89",
        "都道府県コード": ""
      }
    },
    {
      "type": "Feature",
      "geometry": {
        "type": "Point",
        "coordinates": [
          130.60119,
          33.19870703129871
        ]
      },
      "properties": {
        "観測点コード": 9810130,
        "地方整備局等番号": "89",
        "都道府県コード": ""
      }
    },
    {
      "type": "Feature",
      "geometry": {
        "type": "Point",
        "coordinates": [
          130.617432,
          33.170447031257325
        ]
      },
      "properties": {
        "観測点コード": 9810140,
        "地方整備局等番号": "89",
        "都道府県コード": ""
      }
    },
    {
      "type": "Feature",
      "geometry": {
        "type": "Point",
        "coordinates": [
          130.775199,
          33.86806903226167
        ]
      },
      "properties": {
        "観測点コード": 9810150,
        "地方整備局等番号": "89",
        "都道府県コード": ""
      }
    },
    {
      "type": "Feature",
      "geometry": {
        "type": "Point",
        "coordinates": [
          130.74688,
          33.86432503225638
        ]
      },
      "properties": {
        "観測点コード": 9810160,
        "地方整備局等番号": "89",
        "都道府県コード": ""
      }
    },
    {
      "type": "Feature",
      "geometry": {
        "type": "Point",
        "coordinates": [
          130.441499,
          33.648732031949855
        ]
      },
      "properties": {
        "観測点コード": 9810170,
        "地方整備局等番号": "89",
        "都道府県コード": ""
      }
    },
    {
      "type": "Feature",
      "geometry": {
        "type": "Point",
        "coordinates": [
          130.438611,
          33.61500003190157
        ]
      },
      "properties": {
        "観測点コード": 9810180,
        "地方整備局等番号": "89",
        "都道府県コード": ""
      }
    },
    {
      "type": "Feature",
      "geometry": {
        "type": "Point",
        "coordinates": [
          130.546326,
          33.4496850316637
        ]
      },
      "properties": {
        "観測点コード": 9810190,
        "地方整備局等番号": "89",
        "都道府県コード": ""
      }
    },
    {
      "type": "Feature",
      "geometry": {
        "type": "Point",
        "coordinates": [
          130.532642,
          33.41916903161956
        ]
      },
      "properties": {
        "観測点コード": 9810200,
        "地方整備局等番号": "89",
        "都道府県コード": ""
      }
    },
    {
      "type": "Feature",
      "geometry": {
        "type": "Point",
        "coordinates": [
          130.698429,
          32.92737203089908
        ]
      },
      "properties": {
        "観測点コード": 9810210,
        "地方整備局等番号": "89",
        "都道府県コード": ""
      }
    },
    {
      "type": "Feature",
      "geometry": {
        "type": "Point",
        "coordinates": [
          130.485852,
          32.33541003001024
        ]
      },
      "properties": {
        "観測点コード": 9810230,
        "地方整備局等番号": "89",
        "都道府県コード": ""
      }
    },
    {
      "type": "Feature",
      "geometry": {
        "type": "Point",
        "coordinates": [
          130.498828,
          32.24685302987536
        ]
      },
      "properties": {
        "観測点コード": 9810240,
        "地方整備局等番号": "89",
        "都道府県コード": ""
      }
    },
    {
      "type": "Feature",
      "geometry": {
        "type": "Point",
        "coordinates": [
          130.240833,
          32.06933302960361
        ]
      },
      "properties": {
        "観測点コード": 9810260,
        "地方整備局等番号": "89",
        "都道府県コード": ""
      }
    },
    {
      "type": "Feature",
      "geometry": {
        "type": "Point",
        "coordinates": [
          130.223169,
          32.05996802958923
        ]
      },
      "properties": {
        "観測点コード": 9810270,
        "地方整備局等番号": "89",
        "都道府県コード": ""
      }
    },
    {
      "type": "Feature",
      "geometry": {
        "type": "Point",
        "coordinates": [
          130.195866,
          32.00103302949858
        ]
      },
      "properties": {
        "観測点コード": 9810280,
        "地方整備局等番号": "89",
        "都道府県コード": ""
      }
    },
    {
      "type": "Feature",
      "geometry": {
        "type": "Point",
        "coordinates": [
          130.301221,
          31.77354502914685
        ]
      },
      "properties": {
        "観測点コード": 9810290,
        "地方整備局等番号": "89",
        "都道府県コード": ""
      }
    },
    {
      "type": "Feature",
      "geometry": {
        "type": "Point",
        "coordinates": [
          130.297198,
          31.752394029113987
        ]
      },
      "properties": {
        "観測点コード": 9810300,
        "地方整備局等番号": "89",
        "都道府県コード": ""
      }
    },
    {
      "type": "Feature",
      "geometry": {
        "type": "Point",
        "coordinates": [
          130.334671,
          31.671780028988586
        ]
      },
      "properties": {
        "観測点コード": 9810310,
        "地方整備局等番号": "89",
        "都道府県コード": ""
      }
    },
    {
      "type": "Feature",
      "geometry": {
        "type": "Point",
        "coordinates": [
          130.514685,
          31.644384028945897
        ]
      },
      "properties": {
        "観測点コード": 9810320,
        "地方整備局等番号": "89",
        "都道府県コード": ""
      }
    },
    {
      "type": "Feature",
      "geometry": {
        "type": "Point",
        "coordinates": [
          130.55217,
          31.593127028865894
        ]
      },
      "properties": {
        "観測点コード": 9810330,
        "地方整備局等番号": "89",
        "都道府県コード": ""
      }
    },
    {
      "type": "Feature",
      "geometry": {
        "type": "Point",
        "coordinates": [
          130.294585,
          31.774587029148464
        ]
      },
      "properties": {
        "観測点コード": 9810340,
        "地方整備局等番号": "89",
        "都道府県コード": ""
      }
    },
    {
      "type": "Feature",
      "geometry": {
        "type": "Point",
        "coordinates": [
          130.521497,
          31.586173028855043
        ]
      },
      "properties": {
        "観測点コード": 9810350,
        "地方整備局等番号": "89",
        "都道府県コード": ""
      }
    },
    {
      "type": "Feature",
      "geometry": {
        "type": "Point",
        "coordinates": [
          131.074923,
          33.6356250319311
        ]
      },
      "properties": {
        "観測点コード": 9810360,
        "地方整備局等番号": "89",
        "都道府県コード": ""
      }
    },
    {
      "type": "Feature",
      "geometry": {
        "type": "Point",
        "coordinates": [
          131.1134,
          33.60811903189171
        ]
      },
      "properties": {
        "観測点コード": 9810370,
        "地方整備局等番号": "89",
        "都道府県コード": ""
      }
    },
    {
      "type": "Feature",
      "geometry": {
        "type": "Point",
        "coordinates": [
          131.25154,
          33.55407703181414
        ]
      },
      "properties": {
        "観測点コード": 9810380,
        "地方整備局等番号": "89",
        "都道府県コード": ""
      }
    },
    {
      "type": "Feature",
      "geometry": {
        "type": "Point",
        "coordinates": [
          131.495973,
          33.47356403169818
        ]
      },
      "properties": {
        "観測点コード": 9810390,
        "地方整備局等番号": "89",
        "都道府県コード": ""
      }
    },
    {
      "type": "Feature",
      "geometry": {
        "type": "Point",
        "coordinates": [
          131.549075,
          33.4199570316207
        ]
      },
      "properties": {
        "観測点コード": 9810400,
        "地方整備局等番号": "89",
        "都道府県コード": ""
      }
    },
    {
      "type": "Feature",
      "geometry": {
        "type": "Point",
        "coordinates": [
          131.497308,
          33.35718603152971
        ]
      },
      "properties": {
        "観測点コード": 9810410,
        "地方整備局等番号": "89",
        "都道府県コード": ""
      }
    },
    {
      "type": "Feature",
      "geometry": {
        "type": "Point",
        "coordinates": [
          131.50415600000002,
          33.28844603142974
        ]
      },
      "properties": {
        "観測点コード": 9810420,
        "地方整備局等番号": "89",
        "都道府県コード": ""
      }
    },
    {
      "type": "Feature",
      "geometry": {
        "type": "Point",
        "coordinates": [
          131.619615,
          33.1773230312674
        ]
      },
      "properties": {
        "観測点コード": 9810430,
        "地方整備局等番号": "89",
        "都道府県コード": ""
      }
    },
    {
      "type": "Feature",
      "geometry": {
        "type": "Point",
        "coordinates": [
          131.647172,
          33.091164031140934
        ]
      },
      "properties": {
        "観測点コード": 9810440,
        "地方整備局等番号": "89",
        "都道府県コード": ""
      }
    },
    {
      "type": "Feature",
      "geometry": {
        "type": "Point",
        "coordinates": [
          131.638559,
          33.07813503112177
        ]
      },
      "properties": {
        "観測点コード": 9810450,
        "地方整備局等番号": "89",
        "都道府県コード": ""
      }
    },
    {
      "type": "Feature",
      "geometry": {
        "type": "Point",
        "coordinates": [
          131.689156,
          33.03375103105637
        ]
      },
      "properties": {
        "観測点コード": 9810460,
        "地方整備局等番号": "89",
        "都道府県コード": ""
      }
    },
    {
      "type": "Feature",
      "geometry": {
        "type": "Point",
        "coordinates": [
          131.788698,
          33.001599031008915
        ]
      },
      "properties": {
        "観測点コード": 9810470,
        "地方整備局等番号": "89",
        "都道府県コード": ""
      }
    },
    {
      "type": "Feature",
      "geometry": {
        "type": "Point",
        "coordinates": [
          131.841525,
          32.95275303093668
        ]
      },
      "properties": {
        "観測点コード": 9810480,
        "地方整備局等番号": "89",
        "都道府県コード": ""
      }
    },
    {
      "type": "Feature",
      "geometry": {
        "type": "Point",
        "coordinates": [
          131.801353,
          32.92192503089102
        ]
      },
      "properties": {
        "観測点コード": 9810490,
        "地方整備局等番号": "89",
        "都道府県コード": ""
      }
    },
    {
      "type": "Feature",
      "geometry": {
        "type": "Point",
        "coordinates": [
          131.718143,
          32.84521503077709
        ]
      },
      "properties": {
        "観測点コード": 9810500,
        "地方整備局等番号": "89",
        "都道府県コード": ""
      }
    },
    {
      "type": "Feature",
      "geometry": {
        "type": "Point",
        "coordinates": [
          131.301439,
          33.53550003178742
        ]
      },
      "properties": {
        "観測点コード": 9810510,
        "地方整備局等番号": "89",
        "都道府県コード": ""
      }
    },
    {
      "type": "Feature",
      "geometry": {
        "type": "Point",
        "coordinates": [
          131.636491,
          33.17727003126732
        ]
      },
      "properties": {
        "観測点コード": 9810520,
        "地方整備局等番号": "89",
        "都道府県コード": ""
      }
    },
    {
      "type": "Feature",
      "geometry": {
        "type": "Point",
        "coordinates": [
          131.69922,
          32.76588703065887
        ]
      },
      "properties": {
        "観測点コード": 9810530,
        "地方整備局等番号": "89",
        "都道府県コード": ""
      }
    },
    {
      "type": "Feature",
      "geometry": {
        "type": "Point",
        "coordinates": [
          131.712307,
          32.73308003060985
        ]
      },
      "properties": {
        "観測点コード": 9810540,
        "地方整備局等番号": "89",
        "都道府県コード": ""
      }
    },
    {
      "type": "Feature",
      "geometry": {
        "type": "Point",
        "coordinates": [
          131.69547,
          32.680641030531355
        ]
      },
      "properties": {
        "観測点コード": 9810550,
        "地方整備局等番号": "89",
        "都道府県コード": ""
      }
    },
    {
      "type": "Feature",
      "geometry": {
        "type": "Point",
        "coordinates": [
          131.682165,
          32.6162990304348
        ]
      },
      "properties": {
        "観測点コード": 9810560,
        "地方整備局等番号": "89",
        "都道府県コード": ""
      }
    },
    {
      "type": "Feature",
      "geometry": {
        "type": "Point",
        "coordinates": [
          131.681538,
          32.56240603035372
        ]
      },
      "properties": {
        "観測点コード": 9810580,
        "地方整備局等番号": "89",
        "都道府県コード": ""
      }
    },
    {
      "type": "Feature",
      "geometry": {
        "type": "Point",
        "coordinates": [
          131.682071,
          32.512945030279155
        ]
      },
      "properties": {
        "観測点コード": 9810590,
        "地方整備局等番号": "89",
        "都道府県コード": ""
      }
    },
    {
      "type": "Feature",
      "geometry": {
        "type": "Point",
        "coordinates": [
          131.671612,
          32.505475030267874
        ]
      },
      "properties": {
        "観測点コード": 9810600,
        "地方整備局等番号": "89",
        "都道府県コード": ""
      }
    },
    {
      "type": "Feature",
      "geometry": {
        "type": "Point",
        "coordinates": [
          131.65983,
          32.48380003023514
        ]
      },
      "properties": {
        "観測点コード": 9810610,
        "地方整備局等番号": "89",
        "都道府県コード": ""
      }
    },
    {
      "type": "Feature",
      "geometry": {
        "type": "Point",
        "coordinates": [
          131.634167,
          32.44750003018023
        ]
      },
      "properties": {
        "観測点コード": 9810620,
        "地方整備局等番号": "89",
        "都道府県コード": ""
      }
    },
    {
      "type": "Feature",
      "geometry": {
        "type": "Point",
        "coordinates": [
          131.615818,
          32.34169203001978
        ]
      },
      "properties": {
        "観測点コード": 9810630,
        "地方整備局等番号": "89",
        "都道府県コード": ""
      }
    },
    {
      "type": "Feature",
      "geometry": {
        "type": "Point",
        "coordinates": [
          131.525151,
          32.118920029679714
        ]
      },
      "properties": {
        "観測点コード": 9810640,
        "地方整備局等番号": "89",
        "都道府県コード": ""
      }
    },
    {
      "type": "Feature",
      "geometry": {
        "type": "Point",
        "coordinates": [
          131.469141,
          32.04093702955998
        ]
      },
      "properties": {
        "観測点コード": 9810650,
        "地方整備局等番号": "89",
        "都道府県コード": ""
      }
    },
    {
      "type": "Feature",
      "geometry": {
        "type": "Point",
        "coordinates": [
          131.344339,
          31.943136029409334
        ]
      },
      "properties": {
        "観測点コード": 9810660,
        "地方整備局等番号": "89",
        "都道府県コード": ""
      }
    },
    {
      "type": "Feature",
      "geometry": {
        "type": "Point",
        "coordinates": [
          131.26782500000002,
          31.95151902942227
        ]
      },
      "properties": {
        "観測点コード": 9810670,
        "地方整備局等番号": "89",
        "都道府県コード": ""
      }
    },
    {
      "type": "Feature",
      "geometry": {
        "type": "Point",
        "coordinates": [
          131.228421,
          31.916759029368613
        ]
      },
      "properties": {
        "観測点コード": 9810680,
        "地方整備局等番号": "89",
        "都道府県コード": ""
      }
    },
    {
      "type": "Feature",
      "geometry": {
        "type": "Point",
        "coordinates": [
          131.126939,
          31.831007029235955
        ]
      },
      "properties": {
        "観測点コード": 9810690,
        "地方整備局等番号": "89",
        "都道府県コード": ""
      }
    },
    {
      "type": "Feature",
      "geometry": {
        "type": "Point",
        "coordinates": [
          131.054167,
          31.70972202904765
        ]
      },
      "properties": {
        "観測点コード": 9810700,
        "地方整備局等番号": "89",
        "都道府県コード": ""
      }
    },
    {
      "type": "Feature",
      "geometry": {
        "type": "Point",
        "coordinates": [
          131.024809,
          31.70997802904806
        ]
      },
      "properties": {
        "観測点コード": 9810710,
        "地方整備局等番号": "89",
        "都道府県コード": ""
      }
    },
    {
      "type": "Feature",
      "geometry": {
        "type": "Point",
        "coordinates": [
          130.889721,
          31.661481028972545
        ]
      },
      "properties": {
        "観測点コード": 9810720,
        "地方整備局等番号": "89",
        "都道府県コード": ""
      }
    },
    {
      "type": "Feature",
      "geometry": {
        "type": "Point",
        "coordinates": [
          130.809578,
          31.723242029068686
        ]
      },
      "properties": {
        "観測点コード": 9810730,
        "地方整備局等番号": "89",
        "都道府県コード": ""
      }
    },
    {
      "type": "Feature",
      "geometry": {
        "type": "Point",
        "coordinates": [
          130.368554,
          33.30389903145224
        ]
      },
      "properties": {
        "観測点コード": 9810740,
        "地方整備局等番号": "89",
        "都道府県コード": ""
      }
    },
    {
      "type": "Feature",
      "geometry": {
        "type": "Point",
        "coordinates": [
          130.293549,
          33.27419603140898
        ]
      },
      "properties": {
        "観測点コード": 9810750,
        "地方整備局等番号": "89",
        "都道府県コード": ""
      }
    },
    {
      "type": "Feature",
      "geometry": {
        "type": "Point",
        "coordinates": [
          130.245086,
          33.26474303139519
        ]
      },
      "properties": {
        "観測点コード": 9810760,
        "地方整備局等番号": "89",
        "都道府県コード": ""
      }
    },
    {
      "type": "Feature",
      "geometry": {
        "type": "Point",
        "coordinates": [
          130.218458,
          33.26041603138888
        ]
      },
      "properties": {
        "観測点コード": 9810770,
        "地方整備局等番号": "89",
        "都道府県コード": ""
      }
    },
    {
      "type": "Feature",
      "geometry": {
        "type": "Point",
        "coordinates": [
          130.18203100000002,
          33.23447503135101
        ]
      },
      "properties": {
        "観測点コード": 9810780,
        "地方整備局等番号": "89",
        "都道府県コード": ""
      }
    },
    {
      "type": "Feature",
      "geometry": {
        "type": "Point",
        "coordinates": [
          130.172161,
          33.22225103133315
        ]
      },
      "properties": {
        "観測点コード": 9810790,
        "地方整備局等番号": "89",
        "都道府県コード": ""
      }
    },
    {
      "type": "Feature",
      "geometry": {
        "type": "Point",
        "coordinates": [
          130.143217,
          33.219025031328435
        ]
      },
      "properties": {
        "観測点コード": 9810800,
        "地方整備局等番号": "89",
        "都道府県コード": ""
      }
    },
    {
      "type": "Feature",
      "geometry": {
        "type": "Point",
        "coordinates": [
          130.087452,
          33.21595003132393
        ]
      },
      "properties": {
        "観測点コード": 9810810,
        "地方整備局等番号": "89",
        "都道府県コード": ""
      }
    },
    {
      "type": "Feature",
      "geometry": {
        "type": "Point",
        "coordinates": [
          130.052459,
          33.21877403132806
        ]
      },
      "properties": {
        "観測点コード": 9810820,
        "地方整備局等番号": "89",
        "都道府県コード": ""
      }
    },
    {
      "type": "Feature",
      "geometry": {
        "type": "Point",
        "coordinates": [
          130.047967,
          33.207839031312076
        ]
      },
      "properties": {
        "観測点コード": 9810830,
        "地方整備局等番号": "89",
        "都道府県コード": ""
      }
    },
    {
      "type": "Feature",
      "geometry": {
        "type": "Point",
        "coordinates": [
          129.960829,
          33.07291503111407
        ]
      },
      "properties": {
        "観測点コード": 9810840,
        "地方整備局等番号": "89",
        "都道府県コード": ""
      }
    },
    {
      "type": "Feature",
      "geometry": {
        "type": "Point",
        "coordinates": [
          129.948701,
          32.995999031000636
        ]
      },
      "properties": {
        "観測点コード": 9810850,
        "地方整備局等番号": "89",
        "都道府県コード": ""
      }
    },
    {
      "type": "Feature",
      "geometry": {
        "type": "Point",
        "coordinates": [
          129.957531,
          32.9044610308651
        ]
      },
      "properties": {
        "観測点コード": 9810860,
        "地方整備局等番号": "89",
        "都道府県コード": ""
      }
    },
    {
      "type": "Feature",
      "geometry": {
        "type": "Point",
        "coordinates": [
          129.971348,
          32.8905010308444
        ]
      },
      "properties": {
        "観測点コード": 9810870,
        "地方整備局等番号": "89",
        "都道府県コード": ""
      }
    },
    {
      "type": "Feature",
      "geometry": {
        "type": "Point",
        "coordinates": [
          130.02412,
          32.87494503082128
        ]
      },
      "properties": {
        "観測点コード": 9810890,
        "地方整備局等番号": "89",
        "都道府県コード": ""
      }
    },
    {
      "type": "Feature",
      "geometry": {
        "type": "Point",
        "coordinates": [
          130.024592,
          32.83967403076884
        ]
      },
      "properties": {
        "観測点コード": 9810900,
        "地方整備局等番号": "89",
        "都道府県コード": ""
      }
    },
    {
      "type": "Feature",
      "geometry": {
        "type": "Point",
        "coordinates": [
          129.977938,
          33.19594003129466
        ]
      },
      "properties": {
        "観測点コード": 9810910,
        "地方整備局等番号": "89",
        "都道府県コード": ""
      }
    },
    {
      "type": "Feature",
      "geometry": {
        "type": "Point",
        "coordinates": [
          129.943948,
          33.191150031287656
        ]
      },
      "properties": {
        "観測点コード": 9810920,
        "地方整備局等番号": "89",
        "都道府県コード": ""
      }
    },
    {
      "type": "Feature",
      "geometry": {
        "type": "Point",
        "coordinates": [
          129.9054,
          33.18881403128423
        ]
      },
      "properties": {
        "観測点コード": 9810930,
        "地方整備局等番号": "89",
        "都道府県コード": ""
      }
    },
    {
      "type": "Feature",
      "geometry": {
        "type": "Point",
        "coordinates": [
          131.383534,
          32.97184603096493
        ]
      },
      "properties": {
        "観測点コード": 9810940,
        "地方整備局等番号": "89",
        "都道府県コード": ""
      }
    },
    {
      "type": "Feature",
      "geometry": {
        "type": "Point",
        "coordinates": [
          131.382552,
          32.96828103095967
        ]
      },
      "properties": {
        "観測点コード": 9810950,
        "地方整備局等番号": "89",
        "都道府県コード": ""
      }
    },
    {
      "type": "Feature",
      "geometry": {
        "type": "Point",
        "coordinates": [
          131.248695,
          32.96091703094877
        ]
      },
      "properties": {
        "観測点コード": 9810960,
        "地方整備局等番号": "89",
        "都道府県コード": ""
      }
    },
    {
      "type": "Feature",
      "geometry": {
        "type": "Point",
        "coordinates": [
          131.537821,
          33.03288603105509
        ]
      },
      "properties": {
        "観測点コード": 9810970,
        "地方整備局等番号": "89",
        "都道府県コード": ""
      }
    },
    {
      "type": "Feature",
      "geometry": {
        "type": "Point",
        "coordinates": [
          131.45315500000004,
          33.00262303101042
        ]
      },
      "properties": {
        "観測点コード": 9810980,
        "地方整備局等番号": "89",
        "都道府県コード": ""
      }
    },
    {
      "type": "Feature",
      "geometry": {
        "type": "Point",
        "coordinates": [
          131.244117,
          32.96097103094884
        ]
      },
      "properties": {
        "観測点コード": 9810990,
        "地方整備局等番号": "89",
        "都道府県コード": ""
      }
    },
    {
      "type": "Feature",
      "geometry": {
        "type": "Point",
        "coordinates": [
          131.035064,
          32.93530403091085
        ]
      },
      "properties": {
        "観測点コード": 9811000,
        "地方整備局等番号": "89",
        "都道府県コード": ""
      }
    },
    {
      "type": "Feature",
      "geometry": {
        "type": "Point",
        "coordinates": [
          130.954853,
          32.87672503082393
        ]
      },
      "properties": {
        "観測点コード": 9811010,
        "地方整備局等番号": "89",
        "都道府県コード": ""
      }
    },
    {
      "type": "Feature",
      "geometry": {
        "type": "Point",
        "coordinates": [
          130.462111,
          32.614306030431806
        ]
      },
      "properties": {
        "観測点コード": 9811020,
        "地方整備局等番号": "89",
        "都道府県コード": ""
      }
    },
    {
      "type": "Feature",
      "geometry": {
        "type": "Point",
        "coordinates": [
          130.251342,
          32.72539603059835
        ]
      },
      "properties": {
        "観測点コード": 9811030,
        "地方整備局等番号": "89",
        "都道府県コード": ""
      }
    },
    {
      "type": "Feature",
      "geometry": {
        "type": "Point",
        "coordinates": [
          130.234748,
          32.72077403059144
        ]
      },
      "properties": {
        "観測点コード": 9811040,
        "地方整備局等番号": "89",
        "都道府県コード": ""
      }
    },
    {
      "type": "Feature",
      "geometry": {
        "type": "Point",
        "coordinates": [
          130.209003,
          32.73587103061402
        ]
      },
      "properties": {
        "観測点コード": 9811050,
        "地方整備局等番号": "89",
        "都道府県コード": ""
      }
    },
    {
      "type": "Feature",
      "geometry": {
        "type": "Point",
        "coordinates": [
          130.149506,
          32.808908030723025
        ]
      },
      "properties": {
        "観測点コード": 9811060,
        "地方整備局等番号": "89",
        "都道府県コード": ""
      }
    },
    {
      "type": "Feature",
      "geometry": {
        "type": "Point",
        "coordinates": [
          130.094768,
          32.836521030764146
        ]
      },
      "properties": {
        "観測点コード": 9811070,
        "地方整備局等番号": "89",
        "都道府県コード": ""
      }
    },
    {
      "type": "Feature",
      "geometry": {
        "type": "Point",
        "coordinates": [
          130.053336,
          32.83196203075736
        ]
      },
      "properties": {
        "観測点コード": 9811080,
        "地方整備局等番号": "89",
        "都道府県コード": ""
      }
    },
    {
      "type": "Feature",
      "geometry": {
        "type": "Point",
        "coordinates": [
          130.568781,
          33.61888103190713
        ]
      },
      "properties": {
        "観測点コード": 9811090,
        "地方整備局等番号": "89",
        "都道府県コード": ""
      }
    },
    {
      "type": "Feature",
      "geometry": {
        "type": "Point",
        "coordinates": [
          130.579442,
          33.61860003190672
        ]
      },
      "properties": {
        "観測点コード": 9811100,
        "地方整備局等番号": "89",
        "都道府県コード": ""
      }
    },
    {
      "type": "Feature",
      "geometry": {
        "type": "Point",
        "coordinates": [
          130.588462,
          33.62194303191151
        ]
      },
      "properties": {
        "観測点コード": 9811110,
        "地方整備局等番号": "89",
        "都道府県コード": ""
      }
    },
    {
      "type": "Feature",
      "geometry": {
        "type": "Point",
        "coordinates": [
          130.750269,
          33.65684603196145
        ]
      },
      "properties": {
        "観測点コード": 9811120,
        "地方整備局等番号": "89",
        "都道府県コード": ""
      }
    },
    {
      "type": "Feature",
      "geometry": {
        "type": "Point",
        "coordinates": [
          130.761828,
          33.6514250319537
        ]
      },
      "properties": {
        "観測点コード": 9811130,
        "地方整備局等番号": "89",
        "都道府県コード": ""
      }
    },
    {
      "type": "Feature",
      "geometry": {
        "type": "Point",
        "coordinates": [
          130.764099,
          33.64137503193933
        ]
      },
      "properties": {
        "観測点コード": 9811140,
        "地方整備局等番号": "89",
        "都道府県コード": ""
      }
    },
    {
      "type": "Feature",
      "geometry": {
        "type": "Point",
        "coordinates": [
          130.807798,
          33.65331703195642
        ]
      },
      "properties": {
        "観測点コード": 9811150,
        "地方整備局等番号": "89",
        "都道府県コード": ""
      }
    },
    {
      "type": "Feature",
      "geometry": {
        "type": "Point",
        "coordinates": [
          130.3311,
          33.37200003155121
        ]
      },
      "properties": {
        "観測点コード": 9811170,
        "地方整備局等番号": "89",
        "都道府県コード": ""
      }
    },
    {
      "type": "Feature",
      "geometry": {
        "type": "Point",
        "coordinates": [
          130.671342,
          33.6231190319132
        ]
      },
      "properties": {
        "観測点コード": 9811180,
        "地方整備局等番号": "89",
        "都道府県コード": ""
      }
    },
    {
      "type": "Feature",
      "geometry": {
        "type": "Point",
        "coordinates": [
          130.970335,
          33.74379703208545
        ]
      },
      "properties": {
        "観測点コード": 9811190,
        "地方整備局等番号": "89",
        "都道府県コード": ""
      }
    },
    {
      "type": "Feature",
      "geometry": {
        "type": "Point",
        "coordinates": [
          130.110769,
          33.50948303174998
        ]
      },
      "properties": {
        "観測点コード": 9811210,
        "地方整備局等番号": "89",
        "都道府県コード": ""
      }
    },
    {
      "type": "Feature",
      "geometry": {
        "type": "Point",
        "coordinates": [
          130.069167,
          33.501667031738705
        ]
      },
      "properties": {
        "観測点コード": 9811220,
        "地方整備局等番号": "89",
        "都道府県コード": ""
      }
    },
    {
      "type": "Feature",
      "geometry": {
        "type": "Point",
        "coordinates": [
          130.168427,
          33.522842031769216
        ]
      },
      "properties": {
        "観測点コード": 9811240,
        "地方整備局等番号": "89",
        "都道府県コード": ""
      }
    },
    {
      "type": "Feature",
      "geometry": {
        "type": "Point",
        "coordinates": [
          130.14563,
          33.51344603175569
        ]
      },
      "properties": {
        "観測点コード": 9811250,
        "地方整備局等番号": "89",
        "都道府県コード": ""
      }
    },
    {
      "type": "Feature",
      "geometry": {
        "type": "Point",
        "coordinates": [
          130.042275,
          33.45431303167039
        ]
      },
      "properties": {
        "観測点コード": 9811260,
        "地方整備局等番号": "89",
        "都道府県コード": ""
      }
    },
    {
      "type": "Feature",
      "geometry": {
        "type": "Point",
        "coordinates": [
          129.991737,
          33.431110031636834
        ]
      },
      "properties": {
        "観測点コード": 9811270,
        "地方整備局等番号": "89",
        "都道府県コード": ""
      }
    },
    {
      "type": "Feature",
      "geometry": {
        "type": "Point",
        "coordinates": [
          129.933234,
          33.348904031517684
        ]
      },
      "properties": {
        "観測点コード": 9811280,
        "地方整備局等番号": "89",
        "都道府県コード": ""
      }
    },
    {
      "type": "Feature",
      "geometry": {
        "type": "Point",
        "coordinates": [
          129.928169,
          33.331844031492885
        ]
      },
      "properties": {
        "観測点コード": 9811290,
        "地方整備局等番号": "89",
        "都道府県コード": ""
      }
    },
    {
      "type": "Feature",
      "geometry": {
        "type": "Point",
        "coordinates": [
          129.88248900000002,
          33.268208031400235
        ]
      },
      "properties": {
        "観測点コード": 9811300,
        "地方整備局等番号": "89",
        "都道府県コード": ""
      }
    },
    {
      "type": "Feature",
      "geometry": {
        "type": "Point",
        "coordinates": [
          129.850727,
          33.24091903136041
        ]
      },
      "properties": {
        "観測点コード": 9811310,
        "地方整備局等番号": "89",
        "都道府県コード": ""
      }
    },
    {
      "type": "Feature",
      "geometry": {
        "type": "Point",
        "coordinates": [
          130.040128,
          33.45989003167844
        ]
      },
      "properties": {
        "観測点コード": 9811320,
        "地方整備局等番号": "89",
        "都道府県コード": ""
      }
    },
    {
      "type": "Feature",
      "geometry": {
        "type": "Point",
        "coordinates": [
          129.984455,
          33.38450403156936
        ]
      },
      "properties": {
        "観測点コード": 9811330,
        "地方整備局等番号": "89",
        "都道府県コード": ""
      }
    },
    {
      "type": "Feature",
      "geometry": {
        "type": "Point",
        "coordinates": [
          130.076971,
          33.304966031453795
        ]
      },
      "properties": {
        "観測点コード": 9811350,
        "地方整備局等番号": "89",
        "都道府県コード": ""
      }
    },
    {
      "type": "Feature",
      "geometry": {
        "type": "Point",
        "coordinates": [
          130.168151,
          33.29002103143203
        ]
      },
      "properties": {
        "観測点コード": 9811360,
        "地方整備局等番号": "89",
        "都道府県コード": ""
      }
    },
    {
      "type": "Feature",
      "geometry": {
        "type": "Point",
        "coordinates": [
          130.034833,
          33.327444031486486
        ]
      },
      "properties": {
        "観測点コード": 9811370,
        "地方整備局等番号": "89",
        "都道府県コード": ""
      }
    },
    {
      "type": "Feature",
      "geometry": {
        "type": "Point",
        "coordinates": [
          130.116435,
          33.29362203143727
        ]
      },
      "properties": {
        "観測点コード": 9811380,
        "地方整備局等番号": "89",
        "都道府県コード": ""
      }
    },
    {
      "type": "Feature",
      "geometry": {
        "type": "Point",
        "coordinates": [
          129.918279,
          33.03691103106103
        ]
      },
      "properties": {
        "観測点コード": 9811390,
        "地方整備局等番号": "89",
        "都道府県コード": ""
      }
    },
    {
      "type": "Feature",
      "geometry": {
        "type": "Point",
        "coordinates": [
          130.661481,
          32.90829103087079
        ]
      },
      "properties": {
        "観測点コード": 9811400,
        "地方整備局等番号": "89",
        "都道府県コード": ""
      }
    },
    {
      "type": "Feature",
      "geometry": {
        "type": "Point",
        "coordinates": [
          130.439722,
          33.01722203103198
        ]
      },
      "properties": {
        "観測点コード": 9811410,
        "地方整備局等番号": "89",
        "都道府県コード": ""
      }
    },
    {
      "type": "Feature",
      "geometry": {
        "type": "Point",
        "coordinates": [
          130.465234,
          33.05710503109079
        ]
      },
      "properties": {
        "観測点コード": 9811420,
        "地方整備局等番号": "89",
        "都道府県コード": ""
      }
    },
    {
      "type": "Feature",
      "geometry": {
        "type": "Point",
        "coordinates": [
          130.425184,
          33.01280003102545
        ]
      },
      "properties": {
        "観測点コード": 9811450,
        "地方整備局等番号": "89",
        "都道府県コード": ""
      }
    },
    {
      "type": "Feature",
      "geometry": {
        "type": "Point",
        "coordinates": [
          130.422417,
          33.140861031213944
        ]
      },
      "properties": {
        "観測点コード": 9811460,
        "地方整備局等番号": "89",
        "都道府県コード": ""
      }
    },
    {
      "type": "Feature",
      "geometry": {
        "type": "Point",
        "coordinates": [
          130.387933,
          33.184560031278004
        ]
      },
      "properties": {
        "観測点コード": 9811461,
        "地方整備局等番号": "89",
        "都道府県コード": ""
      }
    },
    {
      "type": "Feature",
      "geometry": {
        "type": "Point",
        "coordinates": [
          130.431406,
          33.0462530310748
        ]
      },
      "properties": {
        "観測点コード": 9811470,
        "地方整備局等番号": "89",
        "都道府県コード": ""
      }
    },
    {
      "type": "Feature",
      "geometry": {
        "type": "Point",
        "coordinates": [
          130.4292,
          33.055717031088754
        ]
      },
      "properties": {
        "観測点コード": 9811480,
        "地方整備局等番号": "89",
        "都道府県コード": ""
      }
    },
    {
      "type": "Feature",
      "geometry": {
        "type": "Point",
        "coordinates": [
          130.42405,
          33.069783031109466
        ]
      },
      "properties": {
        "観測点コード": 9811490,
        "地方整備局等番号": "89",
        "都道府県コード": ""
      }
    },
    {
      "type": "Feature",
      "geometry": {
        "type": "Point",
        "coordinates": [
          130.428242,
          33.077520031120855
        ]
      },
      "properties": {
        "観測点コード": 9811500,
        "地方整備局等番号": "89",
        "都道府県コード": ""
      }
    },
    {
      "type": "Feature",
      "geometry": {
        "type": "Point",
        "coordinates": [
          130.433017,
          33.08238303112801
        ]
      },
      "properties": {
        "観測点コード": 9811510,
        "地方整備局等番号": "89",
        "都道府県コード": ""
      }
    },
    {
      "type": "Feature",
      "geometry": {
        "type": "Point",
        "coordinates": [
          130.430375,
          33.11826103118075
        ]
      },
      "properties": {
        "観測点コード": 9811520,
        "地方整備局等番号": "89",
        "都道府県コード": ""
      }
    },
    {
      "type": "Feature",
      "geometry": {
        "type": "Point",
        "coordinates": [
          130.478771,
          33.15753403123839
        ]
      },
      "properties": {
        "観測点コード": 9811540,
        "地方整備局等番号": "89",
        "都道府県コード": ""
      }
    },
    {
      "type": "Feature",
      "geometry": {
        "type": "Point",
        "coordinates": [
          130.505954,
          33.22942603134362
        ]
      },
      "properties": {
        "観測点コード": 9811550,
        "地方整備局等番号": "89",
        "都道府県コード": ""
      }
    },
    {
      "type": "Feature",
      "geometry": {
        "type": "Point",
        "coordinates": [
          130.507151,
          33.23505203135184
        ]
      },
      "properties": {
        "観測点コード": 9811560,
        "地方整備局等番号": "89",
        "都道府県コード": ""
      }
    },
    {
      "type": "Feature",
      "geometry": {
        "type": "Point",
        "coordinates": [
          130.509483,
          33.24799503137074
        ]
      },
      "properties": {
        "観測点コード": 9811570,
        "地方整備局等番号": "89",
        "都道府県コード": ""
      }
    },
    {
      "type": "Feature",
      "geometry": {
        "type": "Point",
        "coordinates": [
          130.509461,
          33.25651503138319
        ]
      },
      "properties": {
        "観測点コード": 9811580,
        "地方整備局等番号": "89",
        "都道府県コード": ""
      }
    },
    {
      "type": "Feature",
      "geometry": {
        "type": "Point",
        "coordinates": [
          130.594037,
          33.31995703147561
        ]
      },
      "properties": {
        "観測点コード": 9811590,
        "地方整備局等番号": "89",
        "都道府県コード": ""
      }
    },
    {
      "type": "Feature",
      "geometry": {
        "type": "Point",
        "coordinates": [
          130.730893,
          33.345255031512394
        ]
      },
      "properties": {
        "観測点コード": 9811600,
        "地方整備局等番号": "89",
        "都道府県コード": ""
      }
    },
    {
      "type": "Feature",
      "geometry": {
        "type": "Point",
        "coordinates": [
          130.752694,
          33.3437500315102
        ]
      },
      "properties": {
        "観測点コード": 9811610,
        "地方整備局等番号": "89",
        "都道府県コード": ""
      }
    },
    {
      "type": "Feature",
      "geometry": {
        "type": "Point",
        "coordinates": [
          130.801953,
          33.33338803149515
        ]
      },
      "properties": {
        "観測点コード": 9811620,
        "地方整備局等番号": "89",
        "都道府県コード": ""
      }
    },
    {
      "type": "Feature",
      "geometry": {
        "type": "Point",
        "coordinates": [
          130.852326,
          33.331960031493075
        ]
      },
      "properties": {
        "観測点コード": 9811650,
        "地方整備局等番号": "89",
        "都道府県コード": ""
      }
    },
    {
      "type": "Feature",
      "geometry": {
        "type": "Point",
        "coordinates": [
          130.915379,
          33.307732031457824
        ]
      },
      "properties": {
        "観測点コード": 9811660,
        "地方整備局等番号": "89",
        "都道府県コード": ""
      }
    },
    {
      "type": "Feature",
      "geometry": {
        "type": "Point",
        "coordinates": [
          130.938844,
          33.29883403144486
        ]
      },
      "properties": {
        "観測点コード": 9811670,
        "地方整備局等番号": "89",
        "都道府県コード": ""
      }
    },
    {
      "type": "Feature",
      "geometry": {
        "type": "Point",
        "coordinates": [
          130.952388,
          33.29818903144393
        ]
      },
      "properties": {
        "観測点コード": 9811680,
        "地方整備局等番号": "89",
        "都道府県コード": ""
      }
    },
    {
      "type": "Feature",
      "geometry": {
        "type": "Point",
        "coordinates": [
          130.96937,
          33.29921203144541
        ]
      },
      "properties": {
        "観測点コード": 9811690,
        "地方整備局等番号": "89",
        "都道府県コード": ""
      }
    },
    {
      "type": "Feature",
      "geometry": {
        "type": "Point",
        "coordinates": [
          131.01058,
          33.261645031390664
        ]
      },
      "properties": {
        "観測点コード": 9811700,
        "地方整備局等番号": "89",
        "都道府県コード": ""
      }
    },
    {
      "type": "Feature",
      "geometry": {
        "type": "Point",
        "coordinates": [
          131.128611,
          33.28000003141744
        ]
      },
      "properties": {
        "観測点コード": 9811710,
        "地方整備局等番号": "89",
        "都道府県コード": ""
      }
    },
    {
      "type": "Feature",
      "geometry": {
        "type": "Point",
        "coordinates": [
          131.175263,
          33.237877031355964
        ]
      },
      "properties": {
        "観測点コード": 9811720,
        "地方整備局等番号": "89",
        "都道府県コード": ""
      }
    },
    {
      "type": "Feature",
      "geometry": {
        "type": "Point",
        "coordinates": [
          131.224187,
          33.2405000313598
        ]
      },
      "properties": {
        "観測点コード": 9811730,
        "地方整備局等番号": "89",
        "都道府県コード": ""
      }
    },
    {
      "type": "Feature",
      "geometry": {
        "type": "Point",
        "coordinates": [
          131.328533,
          33.25496403138093
        ]
      },
      "properties": {
        "観測点コード": 9811740,
        "地方整備局等番号": "89",
        "都道府県コード": ""
      }
    },
    {
      "type": "Feature",
      "geometry": {
        "type": "Point",
        "coordinates": [
          131.323213,
          33.23715803135492
        ]
      },
      "properties": {
        "観測点コード": 9811750,
        "地方整備局等番号": "89",
        "都道府県コード": ""
      }
    },
    {
      "type": "Feature",
      "geometry": {
        "type": "Point",
        "coordinates": [
          131.452171,
          33.18331803127619
        ]
      },
      "properties": {
        "観測点コード": 9811760,
        "地方整備局等番号": "89",
        "都道府県コード": ""
      }
    },
    {
      "type": "Feature",
      "geometry": {
        "type": "Point",
        "coordinates": [
          131.4707,
          31.760789029127036
        ]
      },
      "properties": {
        "観測点コード": 9811770,
        "地方整備局等番号": "89",
        "都道府県コード": ""
      }
    },
    {
      "type": "Feature",
      "geometry": {
        "type": "Point",
        "coordinates": [
          131.38327000000004,
          31.559046028812634
        ]
      },
      "properties": {
        "観測点コード": 9811780,
        "地方整備局等番号": "89",
        "都道府県コード": ""
      }
    },
    {
      "type": "Feature",
      "geometry": {
        "type": "Point",
        "coordinates": [
          131.378628,
          31.547715028794922
        ]
      },
      "properties": {
        "観測点コード": 9811790,
        "地方整備局等番号": "89",
        "都道府県コード": ""
      }
    },
    {
      "type": "Feature",
      "geometry": {
        "type": "Point",
        "coordinates": [
          131.361225,
          31.546675028793285
        ]
      },
      "properties": {
        "観測点コード": 9811800,
        "地方整備局等番号": "89",
        "都道府県コード": ""
      }
    },
    {
      "type": "Feature",
      "geometry": {
        "type": "Point",
        "coordinates": [
          131.212192,
          31.45214102864519
        ]
      },
      "properties": {
        "観測点コード": 9811810,
        "地方整備局等番号": "89",
        "都道府県コード": ""
      }
    },
    {
      "type": "Feature",
      "geometry": {
        "type": "Point",
        "coordinates": [
          131.154444,
          31.46555602866623
        ]
      },
      "properties": {
        "観測点コード": 9811820,
        "地方整備局等番号": "89",
        "都道府県コード": ""
      }
    },
    {
      "type": "Feature",
      "geometry": {
        "type": "Point",
        "coordinates": [
          131.051761,
          31.447659028638157
        ]
      },
      "properties": {
        "観測点コード": 9811830,
        "地方整備局等番号": "89",
        "都道府県コード": ""
      }
    },
    {
      "type": "Feature",
      "geometry": {
        "type": "Point",
        "coordinates": [
          130.811533,
          31.388108028544615
        ]
      },
      "properties": {
        "観測点コード": 9811840,
        "地方整備局等番号": "89",
        "都道府県コード": ""
      }
    },
    {
      "type": "Feature",
      "geometry": {
        "type": "Point",
        "coordinates": [
          130.764377,
          31.41813502859181
        ]
      },
      "properties": {
        "観測点コード": 9811850,
        "地方整備局等番号": "89",
        "都道府県コード": ""
      }
    },
    {
      "type": "Feature",
      "geometry": {
        "type": "Point",
        "coordinates": [
          130.706877,
          31.542976028787507
        ]
      },
      "properties": {
        "観測点コード": 9811860,
        "地方整備局等番号": "89",
        "都道府県コード": ""
      }
    },
    {
      "type": "Feature",
      "geometry": {
        "type": "Point",
        "coordinates": [
          130.718333,
          31.557778028810663
        ]
      },
      "properties": {
        "観測点コード": 9811870,
        "地方整備局等番号": "89",
        "都道府県コード": ""
      }
    },
    {
      "type": "Feature",
      "geometry": {
        "type": "Point",
        "coordinates": [
          130.819552,
          31.647658028950993
        ]
      },
      "properties": {
        "観測点コード": 9811880,
        "地方整備局等番号": "89",
        "都道府県コード": ""
      }
    },
    {
      "type": "Feature",
      "geometry": {
        "type": "Point",
        "coordinates": [
          130.291795,
          31.27982902837409
        ]
      },
      "properties": {
        "観測点コード": 9811900,
        "地方整備局等番号": "89",
        "都道府県コード": ""
      }
    },
    {
      "type": "Feature",
      "geometry": {
        "type": "Point",
        "coordinates": [
          130.293564,
          31.2913800283923
        ]
      },
      "properties": {
        "観測点コード": 9811910,
        "地方整備局等番号": "89",
        "都道府県コード": ""
      }
    },
    {
      "type": "Feature",
      "geometry": {
        "type": "Point",
        "coordinates": [
          130.334728,
          31.327343028448986
        ]
      },
      "properties": {
        "観測点コード": 9811920,
        "地方整備局等番号": "89",
        "都道府県コード": ""
      }
    },
    {
      "type": "Feature",
      "geometry": {
        "type": "Point",
        "coordinates": [
          130.506308,
          31.494637028711818
        ]
      },
      "properties": {
        "観測点コード": 9811930,
        "地方整備局等番号": "89",
        "都道府県コード": ""
      }
    },
    {
      "type": "Feature",
      "geometry": {
        "type": "Point",
        "coordinates": [
          130.521631,
          31.527877028763886
        ]
      },
      "properties": {
        "観測点コード": 9811940,
        "地方整備局等番号": "89",
        "都道府県コード": ""
      }
    },
    {
      "type": "Feature",
      "geometry": {
        "type": "Point",
        "coordinates": [
          130.60717200000002,
          31.289730028389716
        ]
      },
      "properties": {
        "観測点コード": 9811950,
        "地方整備局等番号": "89",
        "都道府県コード": ""
      }
    },
    {
      "type": "Feature",
      "geometry": {
        "type": "Point",
        "coordinates": [
          130.564308,
          31.323917028443603
        ]
      },
      "properties": {
        "観測点コード": 9811960,
        "地方整備局等番号": "89",
        "都道府県コード": ""
      }
    },
    {
      "type": "Feature",
      "geometry": {
        "type": "Point",
        "coordinates": [
          130.513245,
          31.466390028667544
        ]
      },
      "properties": {
        "観測点コード": 9811970,
        "地方整備局等番号": "89",
        "都道府県コード": ""
      }
    },
    {
      "type": "Feature",
      "geometry": {
        "type": "Point",
        "coordinates": [
          129.764492,
          33.34976603151893
        ]
      },
      "properties": {
        "観測点コード": 9811980,
        "地方整備局等番号": "89",
        "都道府県コード": ""
      }
    },
    {
      "type": "Feature",
      "geometry": {
        "type": "Point",
        "coordinates": [
          129.784069,
          33.13956403121204
        ]
      },
      "properties": {
        "観測点コード": 9812010,
        "地方整備局等番号": "89",
        "都道府県コード": ""
      }
    },
    {
      "type": "Feature",
      "geometry": {
        "type": "Point",
        "coordinates": [
          130.150153,
          33.28640603142677
        ]
      },
      "properties": {
        "観測点コード": 9812020,
        "地方整備局等番号": "89",
        "都道府県コード": ""
      }
    },
    {
      "type": "Feature",
      "geometry": {
        "type": "Point",
        "coordinates": [
          131.637799,
          33.0852950311323
        ]
      },
      "properties": {
        "観測点コード": 9812030,
        "地方整備局等番号": "89",
        "都道府県コード": ""
      }
    },
    {
      "type": "Feature",
      "geometry": {
        "type": "Point",
        "coordinates": [
          131.553056,
          32.56861103036308
        ]
      },
      "properties": {
        "観測点コード": 9812040,
        "地方整備局等番号": "89",
        "都道府県コード": ""
      }
    },
    {
      "type": "Feature",
      "geometry": {
        "type": "Point",
        "coordinates": [
          130.478333,
          33.55027803180869
        ]
      },
      "properties": {
        "観測点コード": 9812050,
        "地方整備局等番号": "89",
        "都道府県コード": ""
      }
    },
    {
      "type": "Feature",
      "geometry": {
        "type": "Point",
        "coordinates": [
          131.00539,
          32.92625003089743
        ]
      },
      "properties": {
        "観測点コード": 9812060,
        "地方整備局等番号": "89",
        "都道府県コード": ""
      }
    },
    {
      "type": "Feature",
      "geometry": {
        "type": "Point",
        "coordinates": [
          130.933611,
          32.90000003085849
        ]
      },
      "properties": {
        "観測点コード": 9812070,
        "地方整備局等番号": "89",
        "都道府県コード": ""
      }
    },
    {
      "type": "Feature",
      "geometry": {
        "type": "Point",
        "coordinates": [
          130.319462,
          33.27595303141153
        ]
      },
      "properties": {
        "観測点コード": 9812080,
        "地方整備局等番号": "89",
        "都道府県コード": ""
      }
    },
    {
      "type": "Feature",
      "geometry": {
        "type": "Point",
        "coordinates": [
          130.611685,
          33.59653803187511
        ]
      },
      "properties": {
        "観測点コード": 9812090,
        "地方整備局等番号": "89",
        "都道府県コード": ""
      }
    },
    {
      "type": "Feature",
      "geometry": {
        "type": "Point",
        "coordinates": [
          130.430417,
          33.05235003108379
        ]
      },
      "properties": {
        "観測点コード": 9812100,
        "地方整備局等番号": "89",
        "都道府県コード": ""
      }
    },
    {
      "type": "Feature",
      "geometry": {
        "type": "Point",
        "coordinates": [
          129.761111,
          33.15888903124039
        ]
      },
      "properties": {
        "観測点コード": 9812110,
        "地方整備局等番号": "89",
        "都道府県コード": ""
      }
    },
    {
      "type": "Feature",
      "geometry": {
        "type": "Point",
        "coordinates": [
          130.677414,
          31.737096029090242
        ]
      },
      "properties": {
        "観測点コード": 9812120,
        "地方整備局等番号": "89",
        "都道府県コード": ""
      }
    },
    {
      "type": "Feature",
      "geometry": {
        "type": "Point",
        "coordinates": [
          130.391671,
          33.32114903147733
        ]
      },
      "properties": {
        "観測点コード": 9812130,
        "地方整備局等番号": "89",
        "都道府県コード": ""
      }
    },
    {
      "type": "Feature",
      "geometry": {
        "type": "Point",
        "coordinates": [
          130.31245,
          32.733917030611096
        ]
      },
      "properties": {
        "観測点コード": 9812140,
        "地方整備局等番号": "89",
        "都道府県コード": ""
      }
    },
    {
      "type": "Feature",
      "geometry": {
        "type": "Point",
        "coordinates": [
          129.960344,
          33.06265303109897
        ]
      },
      "properties": {
        "観測点コード": 9812150,
        "地方整備局等番号": "89",
        "都道府県コード": ""
      }
    },
    {
      "type": "Feature",
      "geometry": {
        "type": "Point",
        "coordinates": [
          127.81697970000002,
          26.424849820394154
        ]
      },
      "properties": {
        "観測点コード": 10810020,
        "地方整備局等番号": "90",
        "都道府県コード": ""
      }
    },
    {
      "type": "Feature",
      "geometry": {
        "type": "Point",
        "coordinates": [
          127.672778,
          26.20527802002984
        ]
      },
      "properties": {
        "観測点コード": 10810030,
        "地方整備局等番号": "90",
        "都道府県コード": ""
      }
    },
    {
      "type": "Feature",
      "geometry": {
        "type": "Point",
        "coordinates": [
          127.665833,
          26.206111020031226
        ]
      },
      "properties": {
        "観測点コード": 10810040,
        "地方整備局等番号": "90",
        "都道府県コード": ""
      }
    },
    {
      "type": "Feature",
      "geometry": {
        "type": "Point",
        "coordinates": [
          128.108879,
          26.69152402083745
        ]
      },
      "properties": {
        "観測点コード": 10810050,
        "地方整備局等番号": "90",
        "都道府県コード": ""
      }
    },
    {
      "type": "Feature",
      "geometry": {
        "type": "Point",
        "coordinates": [
          128.037283,
          26.634931020743306
        ]
      },
      "properties": {
        "観測点コード": 10810060,
        "地方整備局等番号": "90",
        "都道府県コード": ""
      }
    },
    {
      "type": "Feature",
      "geometry": {
        "type": "Point",
        "coordinates": [
          127.99972500000001,
          26.60195202068847
        ]
      },
      "properties": {
        "観測点コード": 10810070,
        "地方整備局等番号": "90",
        "都道府県コード": ""
      }
    },
    {
      "type": "Feature",
      "geometry": {
        "type": "Point",
        "coordinates": [
          127.99781300000001,
          26.583164020657225
        ]
      },
      "properties": {
        "観測点コード": 10810080,
        "地方整備局等番号": "90",
        "都道府県コード": ""
      }
    },
    {
      "type": "Feature",
      "geometry": {
        "type": "Point",
        "coordinates": [
          127.989432,
          26.573059020640425
        ]
      },
      "properties": {
        "観測点コード": 10810090,
        "地方整備局等番号": "90",
        "都道府県コード": ""
      }
    },
    {
      "type": "Feature",
      "geometry": {
        "type": "Point",
        "coordinates": [
          127.976575,
          26.558695020616547
        ]
      },
      "properties": {
        "観測点コード": 10810100,
        "地方整備局等番号": "90",
        "都道府県コード": ""
      }
    },
    {
      "type": "Feature",
      "geometry": {
        "type": "Point",
        "coordinates": [
          127.96594700000001,
          26.547043020597176
        ]
      },
      "properties": {
        "観測点コード": 10810110,
        "地方整備局等番号": "90",
        "都道府県コード": ""
      }
    },
    {
      "type": "Feature",
      "geometry": {
        "type": "Point",
        "coordinates": [
          127.96513700000001,
          26.545420020594484
        ]
      },
      "properties": {
        "観測点コード": 10810120,
        "地方整備局等番号": "90",
        "都道府県コード": ""
      }
    },
    {
      "type": "Feature",
      "geometry": {
        "type": "Point",
        "coordinates": [
          127.95978,
          26.541292020587623
        ]
      },
      "properties": {
        "観測点コード": 10810130,
        "地方整備局等番号": "90",
        "都道府県コード": ""
      }
    },
    {
      "type": "Feature",
      "geometry": {
        "type": "Point",
        "coordinates": [
          127.935453,
          26.536514020579673
        ]
      },
      "properties": {
        "観測点コード": 10810140,
        "地方整備局等番号": "90",
        "都道府県コード": ""
      }
    },
    {
      "type": "Feature",
      "geometry": {
        "type": "Point",
        "coordinates": [
          127.901775,
          26.51382402054197
        ]
      },
      "properties": {
        "観測点コード": 10810150,
        "地方整備局等番号": "90",
        "都道府県コード": ""
      }
    },
    {
      "type": "Feature",
      "geometry": {
        "type": "Point",
        "coordinates": [
          127.87991000000001,
          26.503684020525117
        ]
      },
      "properties": {
        "観測点コード": 10810160,
        "地方整備局等番号": "90",
        "都道府県コード": ""
      }
    },
    {
      "type": "Feature",
      "geometry": {
        "type": "Point",
        "coordinates": [
          127.86208000000002,
          26.49844302051641
        ]
      },
      "properties": {
        "観測点コード": 10810170,
        "地方整備局等番号": "90",
        "都道府県コード": ""
      }
    },
    {
      "type": "Feature",
      "geometry": {
        "type": "Point",
        "coordinates": [
          127.85135699999998,
          26.48233402048965
        ]
      },
      "properties": {
        "観測点コード": 10810180,
        "地方整備局等番号": "90",
        "都道府県コード": ""
      }
    },
    {
      "type": "Feature",
      "geometry": {
        "type": "Point",
        "coordinates": [
          127.805583,
          26.44345902042506
        ]
      },
      "properties": {
        "観測点コード": 10810190,
        "地方整備局等番号": "90",
        "都道府県コード": ""
      }
    },
    {
      "type": "Feature",
      "geometry": {
        "type": "Point",
        "coordinates": [
          127.7508,
          26.338860020251406
        ]
      },
      "properties": {
        "観測点コード": 10810200,
        "地方整備局等番号": "90",
        "都道府県コード": ""
      }
    },
    {
      "type": "Feature",
      "geometry": {
        "type": "Point",
        "coordinates": [
          127.73051999999998,
          26.26837002013446
        ]
      },
      "properties": {
        "観測点コード": 10810220,
        "地方整備局等番号": "90",
        "都道府県コード": ""
      }
    },
    {
      "type": "Feature",
      "geometry": {
        "type": "Point",
        "coordinates": [
          127.72327,
          26.266310020131048
        ]
      },
      "properties": {
        "観測点コード": 10810230,
        "地方整備局等番号": "90",
        "都道府県コード": ""
      }
    },
    {
      "type": "Feature",
      "geometry": {
        "type": "Point",
        "coordinates": [
          127.72616000000001,
          26.269040020135566
        ]
      },
      "properties": {
        "観測点コード": 10810240,
        "地方整備局等番号": "90",
        "都道府県コード": ""
      }
    },
    {
      "type": "Feature",
      "geometry": {
        "type": "Point",
        "coordinates": [
          127.71261000000001,
          26.273440020142868
        ]
      },
      "properties": {
        "観測点コード": 10810260,
        "地方整備局等番号": "90",
        "都道府県コード": ""
      }
    },
    {
      "type": "Feature",
      "geometry": {
        "type": "Point",
        "coordinates": [
          127.89631,
          26.451180020437896
        ]
      },
      "properties": {
        "観測点コード": 10810270,
        "地方整備局等番号": "90",
        "都道府県コード": ""
      }
    },
    {
      "type": "Feature",
      "geometry": {
        "type": "Point",
        "coordinates": [
          127.849893,
          26.4491400204345
        ]
      },
      "properties": {
        "観測点コード": 10810280,
        "地方整備局等番号": "90",
        "都道府県コード": ""
      }
    },
    {
      "type": "Feature",
      "geometry": {
        "type": "Point",
        "coordinates": [
          127.90855300000001,
          26.448972020434223
        ]
      },
      "properties": {
        "観測点コード": 10810290,
        "地方整備局等番号": "90",
        "都道府県コード": ""
      }
    },
    {
      "type": "Feature",
      "geometry": {
        "type": "Point",
        "coordinates": [
          127.81338,
          26.30711002019872
        ]
      },
      "properties": {
        "観測点コード": 10810300,
        "地方整備局等番号": "90",
        "都道府県コード": ""
      }
    },
    {
      "type": "Feature",
      "geometry": {
        "type": "Point",
        "coordinates": [
          127.81449,
          26.287560020166286
        ]
      },
      "properties": {
        "観測点コード": 10810310,
        "地方整備局等番号": "90",
        "都道府県コード": ""
      }
    },
    {
      "type": "Feature",
      "geometry": {
        "type": "Point",
        "coordinates": [
          127.76571,
          26.22351002006007
        ]
      },
      "properties": {
        "観測点コード": 10810320,
        "地方整備局等番号": "90",
        "都道府県コード": ""
      }
    },
    {
      "type": "Feature",
      "geometry": {
        "type": "Point",
        "coordinates": [
          127.75174999999999,
          26.200760020022358
        ]
      },
      "properties": {
        "観測点コード": 10810330,
        "地方整備局等番号": "90",
        "都道府県コード": ""
      }
    },
    {
      "type": "Feature",
      "geometry": {
        "type": "Point",
        "coordinates": [
          127.75767000000002,
          26.25841002011794
        ]
      },
      "properties": {
        "観測点コード": 10810340,
        "地方整備局等番号": "90",
        "都道府県コード": ""
      }
    },
    {
      "type": "Feature",
      "geometry": {
        "type": "Point",
        "coordinates": [
          127.74765,
          26.24962002010336
        ]
      },
      "properties": {
        "観測点コード": 10810350,
        "地方整備局等番号": "90",
        "都道府県コード": ""
      }
    },
    {
      "type": "Feature",
      "geometry": {
        "type": "Point",
        "coordinates": [
          127.73508000000001,
          26.25443002011134
        ]
      },
      "properties": {
        "観測点コード": 10810360,
        "地方整備局等番号": "90",
        "都道府県コード": ""
      }
    },
    {
      "type": "Feature",
      "geometry": {
        "type": "Point",
        "coordinates": [
          127.72416000000001,
          26.25456002011155
        ]
      },
      "properties": {
        "観測点コード": 10810370,
        "地方整備局等番号": "90",
        "都道府県コード": ""
      }
    },
    {
      "type": "Feature",
      "geometry": {
        "type": "Point",
        "coordinates": [
          127.65168,
          26.169530019970612
        ]
      },
      "properties": {
        "観測点コード": 10810380,
        "地方整備局等番号": "90",
        "都道府県コード": ""
      }
    },
    {
      "type": "Feature",
      "geometry": {
        "type": "Point",
        "coordinates": [
          127.65812,
          26.154010019944888
        ]
      },
      "properties": {
        "観測点コード": 10810390,
        "地方整備局等番号": "90",
        "都道府県コード": ""
      }
    },
    {
      "type": "Feature",
      "geometry": {
        "type": "Point",
        "coordinates": [
          127.66514,
          26.130710019906292
        ]
      },
      "properties": {
        "観測点コード": 10810400,
        "地方整備局等番号": "90",
        "都道府県コード": ""
      }
    },
    {
      "type": "Feature",
      "geometry": {
        "type": "Point",
        "coordinates": [
          127.66860000000001,
          26.11574001988149
        ]
      },
      "properties": {
        "観測点コード": 10810410,
        "地方整備局等番号": "90",
        "都道府県コード": ""
      }
    },
    {
      "type": "Feature",
      "geometry": {
        "type": "Point",
        "coordinates": [
          127.71590000000002,
          26.09400001984549
        ]
      },
      "properties": {
        "観測点コード": 10810420,
        "地方整備局等番号": "90",
        "都道府県コード": ""
      }
    },
    {
      "type": "Feature",
      "geometry": {
        "type": "Point",
        "coordinates": [
          127.75918999999999,
          26.128730019903006
        ]
      },
      "properties": {
        "観測点コード": 10810430,
        "地方整備局等番号": "90",
        "都道府県コード": ""
      }
    },
    {
      "type": "Feature",
      "geometry": {
        "type": "Point",
        "coordinates": [
          127.77529,
          26.140140019921905
        ]
      },
      "properties": {
        "観測点コード": 10810440,
        "地方整備局等番号": "90",
        "都道府県コード": ""
      }
    },
    {
      "type": "Feature",
      "geometry": {
        "type": "Point",
        "coordinates": [
          127.8265,
          26.170060019971476
        ]
      },
      "properties": {
        "観測点コード": 10810450,
        "地方整備局等番号": "90",
        "都道府県コード": ""
      }
    },
    {
      "type": "Feature",
      "geometry": {
        "type": "Point",
        "coordinates": [
          127.652556,
          26.20426002002816
        ]
      },
      "properties": {
        "観測点コード": 10810460,
        "地方整備局等番号": "90",
        "都道府県コード": ""
      }
    },
    {
      "type": "Feature",
      "geometry": {
        "type": "Point",
        "coordinates": [
          127.73744999999998,
          26.209250020036425
        ]
      },
      "properties": {
        "観測点コード": 10810470,
        "地方整備局等番号": "90",
        "都道府県コード": ""
      }
    },
    {
      "type": "Feature",
      "geometry": {
        "type": "Point",
        "coordinates": [
          127.73158000000001,
          26.18171001999079
        ]
      },
      "properties": {
        "観測点コード": 10810480,
        "地方整備局等番号": "90",
        "都道府県コード": ""
      }
    },
    {
      "type": "Feature",
      "geometry": {
        "type": "Point",
        "coordinates": [
          127.70638000000001,
          26.17543001998038
        ]
      },
      "properties": {
        "観測点コード": 10810490,
        "地方整備局等番号": "90",
        "都道府県コード": ""
      }
    },
    {
      "type": "Feature",
      "geometry": {
        "type": "Point",
        "coordinates": [
          127.69662,
          26.17208001997483
        ]
      },
      "properties": {
        "観測点コード": 10810510,
        "地方整備局等番号": "90",
        "都道府県コード": ""
      }
    },
    {
      "type": "Feature",
      "geometry": {
        "type": "Point",
        "coordinates": [
          127.67963999999999,
          26.17121001997338
        ]
      },
      "properties": {
        "観測点コード": 10810520,
        "地方整備局等番号": "90",
        "都道府県コード": ""
      }
    },
    {
      "type": "Feature",
      "geometry": {
        "type": "Point",
        "coordinates": [
          140.7745375,
          42.5365891004598
        ]
      },
      "properties": {
        "観測点コード": 1110210,
        "地方整備局等番号": "81",
        "都道府県コード": "05"
      }
    },
    {
      "type": "Feature",
      "geometry": {
        "type": "Point",
        "coordinates": [
          142.1355058,
          42.87244823057828
        ]
      },
      "properties": {
        "観測点コード": 1111070,
        "地方整備局等番号": "81",
        "都道府県コード": "05"
      }
    },
    {
      "type": "Feature",
      "geometry": {
        "type": "Point",
        "coordinates": [
          143.3149821,
          42.299020130365946
        ]
      },
      "properties": {
        "観測点コード": 1111170,
        "地方整備局等番号": "81",
        "都道府県コード": "07"
      }
    },
    {
      "type": "Feature",
      "geometry": {
        "type": "Point",
        "coordinates": [
          142.841589,
          43.1394950406605
        ]
      },
      "properties": {
        "観測点コード": 1310190,
        "地方整備局等番号": "81",
        "都道府県コード": "07"
      }
    },
    {
      "type": "Feature",
      "geometry": {
        "type": "Point",
        "coordinates": [
          142.1724629,
          45.33495224092917
        ]
      },
      "properties": {
        "観測点コード": 1310510,
        "地方整備局等番号": "81",
        "都道府県コード": "10"
      }
    },
    {
      "type": "Feature",
      "geometry": {
        "type": "Point",
        "coordinates": [
          140.622927,
          42.98049504061283
        ]
      },
      "properties": {
        "観測点コード": 1310640,
        "地方整備局等番号": "81",
        "都道府県コード": "03"
      }
    },
    {
      "type": "Feature",
      "geometry": {
        "type": "Point",
        "coordinates": [
          141.1284828,
          39.41215882858007
        ]
      },
      "properties": {
        "観測点コード": 2110101,
        "地方整備局等番号": "82",
        "都道府県コード": ""
      }
    },
    {
      "type": "Feature",
      "geometry": {
        "type": "Point",
        "coordinates": [
          141.1422372,
          39.486604768640554
        ]
      },
      "properties": {
        "観測点コード": 2110102,
        "地方整備局等番号": "82",
        "都道府県コード": ""
      }
    },
    {
      "type": "Feature",
      "geometry": {
        "type": "Point",
        "coordinates": [
          141.8968391,
          39.929155418984834
        ]
      },
      "properties": {
        "観測点コード": 2110395,
        "地方整備局等番号": "82",
        "都道府県コード": ""
      }
    },
    {
      "type": "Feature",
      "geometry": {
        "type": "Point",
        "coordinates": [
          141.881877,
          40.020460039052594
        ]
      },
      "properties": {
        "観測点コード": 2110399,
        "地方整備局等番号": "82",
        "都道府県コード": ""
      }
    },
    {
      "type": "Feature",
      "geometry": {
        "type": "Point",
        "coordinates": [
          140.6400901,
          36.582090335768804
        ]
      },
      "properties": {
        "観測点コード": 3110130,
        "地方整備局等番号": "83",
        "都道府県コード": ""
      }
    },
    {
      "type": "Feature",
      "geometry": {
        "type": "Point",
        "coordinates": [
          138.8275203,
          36.76119426597452
        ]
      },
      "properties": {
        "観測点コード": 3110330,
        "地方整備局等番号": "83",
        "都道府県コード": ""
      }
    },
    {
      "type": "Feature",
      "geometry": {
        "type": "Point",
        "coordinates": [
          139.54761,
          35.45761703440047
        ]
      },
      "properties": {
        "観測点コード": 3310800,
        "地方整備局等番号": "83",
        "都道府県コード": ""
      }
    },
    {
      "type": "Feature",
      "geometry": {
        "type": "Point",
        "coordinates": [
          139.227435,
          37.83527203713243
        ]
      },
      "properties": {
        "観測点コード": 4110370,
        "地方整備局等番号": "84",
        "都道府県コード": ""
      }
    },
    {
      "type": "Feature",
      "geometry": {
        "type": "Point",
        "coordinates": [
          137.216084,
          36.73255594594187
        ]
      },
      "properties": {
        "観測点コード": 4310140,
        "地方整備局等番号": "84",
        "都道府県コード": ""
      }
    },
    {
      "type": "Feature",
      "geometry": {
        "type": "Point",
        "coordinates": [
          136.9457549,
          36.718233845925496
        ]
      },
      "properties": {
        "観測点コード": 4310150,
        "地方整備局等番号": "84",
        "都道府県コード": ""
      }
    },
    {
      "type": "Feature",
      "geometry": {
        "type": "Point",
        "coordinates": [
          137.2099739,
          36.665350975864875
        ]
      },
      "properties": {
        "観測点コード": 4310340,
        "地方整備局等番号": "84",
        "都道府県コード": ""
      }
    },
    {
      "type": "Feature",
      "geometry": {
        "type": "Point",
        "coordinates": [
          138.8710284,
          35.14274842399481
        ]
      },
      "properties": {
        "観測点コード": 5110105,
        "地方整備局等番号": "85",
        "都道府県コード": "22"
      }
    },
    {
      "type": "Feature",
      "geometry": {
        "type": "Point",
        "coordinates": [
          139.002312,
          35.16311303402133
        ]
      },
      "properties": {
        "観測点コード": 5110107,
        "地方整備局等番号": "85",
        "都道府県コード": "22"
      }
    },
    {
      "type": "Feature",
      "geometry": {
        "type": "Point",
        "coordinates": [
          137.1591783,
          34.84762104360617
        ]
      },
      "properties": {
        "観測点コード": 5112310,
        "地方整備局等番号": "85",
        "都道府県コード": "23"
      }
    },
    {
      "type": "Feature",
      "geometry": {
        "type": "Point",
        "coordinates": [
          134.987468719482,
          35.04658141349765
        ]
      },
      "properties": {
        "観測点コード": 6110550,
        "地方整備局等番号": "86",
        "都道府県コード": ""
      }
    },
    {
      "type": "Feature",
      "geometry": {
        "type": "Point",
        "coordinates": [
          135.777744054,
          34.53594852398045
        ]
      },
      "properties": {
        "観測点コード": 6110650,
        "地方整備局等番号": "86",
        "都道府県コード": ""
      }
    },
    {
      "type": "Feature",
      "geometry": {
        "type": "Point",
        "coordinates": [
          132.421237,
          34.37385803296604
        ]
      },
      "properties": {
        "観測点コード": 7110310,
        "地方整備局等番号": "87",
        "都道府県コード": ""
      }
    },
    {
      "type": "Feature",
      "geometry": {
        "type": "Point",
        "coordinates": [
          133.2408893,
          34.4518823230728
        ]
      },
      "properties": {
        "観測点コード": 7310040,
        "地方整備局等番号": "87",
        "都道府県コード": ""
      }
    },
    {
      "type": "Feature",
      "geometry": {
        "type": "Point",
        "coordinates": [
          134.3247,
          35.21870003409352
        ]
      },
      "properties": {
        "観測点コード": 7310250,
        "地方整備局等番号": "87",
        "都道府県コード": ""
      }
    },
    {
      "type": "Feature",
      "geometry": {
        "type": "Point",
        "coordinates": [
          134.461130797863,
          34.07022914227441
        ]
      },
      "properties": {
        "観測点コード": 8110230,
        "地方整備局等番号": "88",
        "都道府県コード": ""
      }
    },
    {
      "type": "Feature",
      "geometry": {
        "type": "Point",
        "coordinates": [
          131.1769035,
          33.56354563182774
        ]
      },
      "properties": {
        "観測点コード": 9110090,
        "地方整備局等番号": "89",
        "都道府県コード": ""
      }
    },
    {
      "type": "Feature",
      "geometry": {
        "type": "Point",
        "coordinates": [
          129.973018,
          32.82226403074293
        ]
      },
      "properties": {
        "観測点コード": 9110210,
        "地方整備局等番号": "89",
        "都道府県コード": ""
      }
    },
    {
      "type": "Feature",
      "geometry": {
        "type": "Point",
        "coordinates": [
          130.7858165,
          31.397327868559113
        ]
      },
      "properties": {
        "観測点コード": 9110330,
        "地方整備局等番号": "89",
        "都道府県コード": ""
      }
    },
    {
      "type": "Feature",
      "geometry": {
        "type": "Point",
        "coordinates": [
          130.456481,
          33.55795203181972
        ]
      },
      "properties": {
        "観測点コード": 9310186,
        "地方整備局等番号": "89",
        "都道府県コード": ""
      }
    },
    {
      "type": "Feature",
      "geometry": {
        "type": "Point",
        "coordinates": [
          129.743971,
          33.355059031526615
        ]
      },
      "properties": {
        "観測点コード": 9310720,
        "地方整備局等番号": "89",
        "都道府県コード": ""
      }
    },
    {
      "type": "Feature",
      "geometry": {
        "type": "Point",
        "coordinates": [
          127.73121356964101,
          26.276840644070308
        ]
      },
      "properties": {
        "観測点コード": 10110031,
        "地方整備局等番号": "90",
        "都道府県コード": ""
      }
    },
    {
      "type": "Feature",
      "geometry": {
        "type": "Point",
        "coordinates": [
          140.778528,
          42.55963849046848
        ]
      },
      "properties": {
        "観測点コード": 1310400,
        "地方整備局等番号": "81",
        "都道府県コード": "05"
      }
    },
    {
      "type": "Feature",
      "geometry": {
        "type": "Point",
        "coordinates": [
          141.927215,
          39.627223038752774
        ]
      },
      "properties": {
        "観測点コード": 2110061,
        "地方整備局等番号": "82",
        "都道府県コード": ""
      }
    },
    {
      "type": "Feature",
      "geometry": {
        "type": "Point",
        "coordinates": [
          140.8834444,
          38.34041670763003
        ]
      },
      "properties": {
        "観測点コード": 2110080,
        "地方整備局等番号": "82",
        "都道府県コード": ""
      }
    },
    {
      "type": "Feature",
      "geometry": {
        "type": "Point",
        "coordinates": [
          141.2940556,
          38.50011114778083
        ]
      },
      "properties": {
        "観測点コード": 2110356,
        "地方整備局等番号": "82",
        "都道府県コード": ""
      }
    },
    {
      "type": "Feature",
      "geometry": {
        "type": "Point",
        "coordinates": [
          141.95454,
          39.48490003863918
        ]
      },
      "properties": {
        "観測点コード": 2110386,
        "地方整備局等番号": "82",
        "都道府県コード": ""
      }
    },
    {
      "type": "Feature",
      "geometry": {
        "type": "Point",
        "coordinates": [
          141.9617271,
          39.6109121487399
        ]
      },
      "properties": {
        "観測点コード": 2110390,
        "地方整備局等番号": "82",
        "都道府県コード": ""
      }
    },
    {
      "type": "Feature",
      "geometry": {
        "type": "Point",
        "coordinates": [
          141.9352001,
          39.60033161873152
        ]
      },
      "properties": {
        "観測点コード": 2110391,
        "地方整備局等番号": "82",
        "都道府県コード": ""
      }
    },
    {
      "type": "Feature",
      "geometry": {
        "type": "Point",
        "coordinates": [
          141.780441,
          40.20094503918319
        ]
      },
      "properties": {
        "観測点コード": 2110398,
        "地方整備局等番号": "82",
        "都道府県コード": ""
      }
    },
    {
      "type": "Feature",
      "geometry": {
        "type": "Point",
        "coordinates": [
          141.7886066,
          40.25475328922127
        ]
      },
      "properties": {
        "観測点コード": 2110400,
        "地方整備局等番号": "82",
        "都道府県コード": ""
      }
    },
    {
      "type": "Feature",
      "geometry": {
        "type": "Point",
        "coordinates": [
          141.790009,
          40.27682203923677
        ]
      },
      "properties": {
        "観測点コード": 2110427,
        "地方整備局等番号": "82",
        "都道府県コード": ""
      }
    },
    {
      "type": "Feature",
      "geometry": {
        "type": "Point",
        "coordinates": [
          140.7295,
          38.74891670800941
        ]
      },
      "properties": {
        "観測点コード": 2110430,
        "地方整備局等番号": "82",
        "都道府県コード": ""
      }
    },
    {
      "type": "Feature",
      "geometry": {
        "type": "Point",
        "coordinates": [
          141.896614,
          39.91987303897789
        ]
      },
      "properties": {
        "観測点コード": 2110601,
        "地方整備局等番号": "82",
        "都道府県コード": ""
      }
    },
    {
      "type": "Feature",
      "geometry": {
        "type": "Point",
        "coordinates": [
          141.8094475,
          40.106109629115124
        ]
      },
      "properties": {
        "観測点コード": 2110602,
        "地方整備局等番号": "82",
        "都道府県コード": ""
      }
    },
    {
      "type": "Feature",
      "geometry": {
        "type": "Point",
        "coordinates": [
          141.7994516,
          40.11805381912376
        ]
      },
      "properties": {
        "観測点コード": 2110603,
        "地方整備局等番号": "82",
        "都道府県コード": ""
      }
    },
    {
      "type": "Feature",
      "geometry": {
        "type": "Point",
        "coordinates": [
          141.78815,
          40.18849803917432
        ]
      },
      "properties": {
        "観測点コード": 2110605,
        "地方整備局等番号": "82",
        "都道府県コード": ""
      }
    },
    {
      "type": "Feature",
      "geometry": {
        "type": "Point",
        "coordinates": [
          141.781585,
          40.28714403924399
        ]
      },
      "properties": {
        "観測点コード": 2110606,
        "地方整備局等番号": "82",
        "都道府県コード": ""
      }
    },
    {
      "type": "Feature",
      "geometry": {
        "type": "Point",
        "coordinates": [
          141.76178,
          40.32286003926889
        ]
      },
      "properties": {
        "観測点コード": 2110607,
        "地方整備局等番号": "82",
        "都道府県コード": ""
      }
    },
    {
      "type": "Feature",
      "geometry": {
        "type": "Point",
        "coordinates": [
          139.6833757,
          35.6500387346437
        ]
      },
      "properties": {
        "観測点コード": 3110600,
        "地方整備局等番号": "83",
        "都道府県コード": ""
      }
    },
    {
      "type": "Feature",
      "geometry": {
        "type": "Point",
        "coordinates": [
          138.233052,
          37.03447903628158
        ]
      },
      "properties": {
        "観測点コード": 4310290,
        "地方整備局等番号": "84",
        "都道府県コード": ""
      }
    },
    {
      "type": "Feature",
      "geometry": {
        "type": "Point",
        "coordinates": [
          137.573829,
          35.25565403414135
        ]
      },
      "properties": {
        "観測点コード": 5115350,
        "地方整備局等番号": "85",
        "都道府県コード": "20"
      }
    },
    {
      "type": "Feature",
      "geometry": {
        "type": "Point",
        "coordinates": [
          137.677606,
          35.37231503429151
        ]
      },
      "properties": {
        "観測点コード": 5115360,
        "地方整備局等番号": "85",
        "都道府県コード": "20"
      }
    },
    {
      "type": "Feature",
      "geometry": {
        "type": "Point",
        "coordinates": [
          134.512607753276,
          34.824513790274004
        ]
      },
      "properties": {
        "観測点コード": 6110160,
        "地方整備局等番号": "86",
        "都道府県コード": ""
      }
    },
    {
      "type": "Feature",
      "geometry": {
        "type": "Point",
        "coordinates": [
          135.165954437361,
          34.265713194676096
        ]
      },
      "properties": {
        "観測点コード": 6110362,
        "地方整備局等番号": "86",
        "都道府県コード": ""
      }
    },
    {
      "type": "Feature",
      "geometry": {
        "type": "Point",
        "coordinates": [
          134.54649746418,
          35.281340854617625
        ]
      },
      "properties": {
        "観測点コード": 6110420,
        "地方整備局等番号": "86",
        "都道府県コード": ""
      }
    },
    {
      "type": "Feature",
      "geometry": {
        "type": "Point",
        "coordinates": [
          134.1635598,
          34.7397814534622
        ]
      },
      "properties": {
        "観測点コード": 7110010,
        "地方整備局等番号": "87",
        "都道府県コード": ""
      }
    },
    {
      "type": "Feature",
      "geometry": {
        "type": "Point",
        "coordinates": [
          133.720196,
          34.5766214332424
        ]
      },
      "properties": {
        "観測点コード": 7110030,
        "地方整備局等番号": "87",
        "都道府県コード": ""
      }
    },
    {
      "type": "Feature",
      "geometry": {
        "type": "Point",
        "coordinates": [
          132.9629534,
          34.405688133009654
        ]
      },
      "properties": {
        "観測点コード": 7110080,
        "地方整備局等番号": "87",
        "都道府県コード": ""
      }
    },
    {
      "type": "Feature",
      "geometry": {
        "type": "Point",
        "coordinates": [
          134.401402,
          35.525440034486614
        ]
      },
      "properties": {
        "観測点コード": 7110100,
        "地方整備局等番号": "87",
        "都道府県コード": ""
      }
    },
    {
      "type": "Feature",
      "geometry": {
        "type": "Point",
        "coordinates": [
          134.203535,
          35.19265103405972
        ]
      },
      "properties": {
        "観測点コード": 7110220,
        "地方整備局等番号": "87",
        "都道府県コード": ""
      }
    },
    {
      "type": "Feature",
      "geometry": {
        "type": "Point",
        "coordinates": [
          134.20186111,
          35.51102780446835
        ]
      },
      "properties": {
        "観測点コード": 7310230,
        "地方整備局等番号": "87",
        "都道府県コード": ""
      }
    },
    {
      "type": "Feature",
      "geometry": {
        "type": "Point",
        "coordinates": [
          134.2936,
          33.54318503179848
        ]
      },
      "properties": {
        "観測点コード": 8110150,
        "地方整備局等番号": "88",
        "都道府県コード": ""
      }
    },
    {
      "type": "Feature",
      "geometry": {
        "type": "Point",
        "coordinates": [
          134.025327,
          33.42133103162269
        ]
      },
      "properties": {
        "観測点コード": 8110151,
        "地方整備局等番号": "88",
        "都道府県コード": ""
      }
    },
    {
      "type": "Feature",
      "geometry": {
        "type": "Point",
        "coordinates": [
          133.133375644683,
          33.16601659984814
        ]
      },
      "properties": {
        "観測点コード": 8310090,
        "地方整備局等番号": "88",
        "都道府県コード": ""
      }
    },
    {
      "type": "Feature",
      "geometry": {
        "type": "Point",
        "coordinates": [
          130.604758,
          31.647696028951053
        ]
      },
      "properties": {
        "観測点コード": 9110180,
        "地方整備局等番号": "89",
        "都道府県コード": ""
      }
    },
    {
      "type": "Feature",
      "geometry": {
        "type": "Point",
        "coordinates": [
          130.4326835,
          33.592535911869355
        ]
      },
      "properties": {
        "観測点コード": 9210010,
        "地方整備局等番号": "89",
        "都道府県コード": ""
      }
    },
    {
      "type": "Feature",
      "geometry": {
        "type": "Point",
        "coordinates": [
          130.455156,
          33.678664031992625
        ]
      },
      "properties": {
        "観測点コード": 9310005,
        "地方整備局等番号": "89",
        "都道府県コード": ""
      }
    },
    {
      "type": "Feature",
      "geometry": {
        "type": "Point",
        "coordinates": [
          130.485852,
          33.53840303179162
        ]
      },
      "properties": {
        "観測点コード": 9310010,
        "地方整備局等番号": "89",
        "都道府県コード": ""
      }
    },
    {
      "type": "Feature",
      "geometry": {
        "type": "Point",
        "coordinates": [
          130.285973,
          33.57279403184104
        ]
      },
      "properties": {
        "観測点コード": 9310180,
        "地方整備局等番号": "89",
        "都道府県コード": ""
      }
    },
    {
      "type": "Feature",
      "geometry": {
        "type": "Point",
        "coordinates": [
          130.502942,
          32.9483090309301
        ]
      },
      "properties": {
        "観測点コード": 9310183,
        "地方整備局等番号": "89",
        "都道府県コード": ""
      }
    },
    {
      "type": "Feature",
      "geometry": {
        "type": "Point",
        "coordinates": [
          130.22874,
          32.056642029584104
        ]
      },
      "properties": {
        "観測点コード": 9310550,
        "地方整備局等番号": "89",
        "都道府県コード": ""
      }
    },
    {
      "type": "Feature",
      "geometry": {
        "type": "Point",
        "coordinates": [
          141.651204,
          43.99097904085126
        ]
      },
      "properties": {
        "観測点コード": 1811140,
        "地方整備局等番号": "81",
        "都道府県コード": "09"
      }
    },
    {
      "type": "Feature",
      "geometry": {
        "type": "Point",
        "coordinates": [
          140.603056,
          37.954444037252614
        ]
      },
      "properties": {
        "観測点コード": 2810040,
        "地方整備局等番号": "82",
        "都道府県コード": ""
      }
    },
    {
      "type": "Feature",
      "geometry": {
        "type": "Point",
        "coordinates": [
          140.655556,
          38.04388903734169
        ]
      },
      "properties": {
        "観測点コード": 2810050,
        "地方整備局等番号": "82",
        "都道府県コード": ""
      }
    },
    {
      "type": "Feature",
      "geometry": {
        "type": "Point",
        "coordinates": [
          140.799722,
          38.07111103736861
        ]
      },
      "properties": {
        "観測点コード": 2810060,
        "地方整備局等番号": "82",
        "都道府県コード": ""
      }
    },
    {
      "type": "Feature",
      "geometry": {
        "type": "Point",
        "coordinates": [
          140.888056,
          38.41611103770191
        ]
      },
      "properties": {
        "観測点コード": 2810110,
        "地方整備局等番号": "82",
        "都道府県コード": ""
      }
    },
    {
      "type": "Feature",
      "geometry": {
        "type": "Point",
        "coordinates": [
          140.891944,
          38.445278037729416
        ]
      },
      "properties": {
        "観測点コード": 2810120,
        "地方整備局等番号": "82",
        "都道府県コード": ""
      }
    },
    {
      "type": "Feature",
      "geometry": {
        "type": "Point",
        "coordinates": [
          140.893611,
          38.49250003777371
        ]
      },
      "properties": {
        "観測点コード": 2810130,
        "地方整備局等番号": "82",
        "都道府県コード": ""
      }
    },
    {
      "type": "Feature",
      "geometry": {
        "type": "Point",
        "coordinates": [
          140.939444,
          38.521944037801205
        ]
      },
      "properties": {
        "観測点コード": 2810140,
        "地方整備局等番号": "82",
        "都道府県コード": ""
      }
    },
    {
      "type": "Feature",
      "geometry": {
        "type": "Point",
        "coordinates": [
          141.007778,
          38.70083303796585
        ]
      },
      "properties": {
        "観測点コード": 2810170,
        "地方整備局等番号": "82",
        "都道府県コード": ""
      }
    },
    {
      "type": "Feature",
      "geometry": {
        "type": "Point",
        "coordinates": [
          140.901389,
          37.90722203720518
        ]
      },
      "properties": {
        "観測点コード": 2810360,
        "地方整備局等番号": "82",
        "都道府県コード": ""
      }
    },
    {
      "type": "Feature",
      "geometry": {
        "type": "Point",
        "coordinates": [
          141.016389,
          38.30194403759322
        ]
      },
      "properties": {
        "観測点コード": 2810670,
        "地方整備局等番号": "82",
        "都道府県コード": ""
      }
    },
    {
      "type": "Feature",
      "geometry": {
        "type": "Point",
        "coordinates": [
          141.037778,
          38.33000003762009
        ]
      },
      "properties": {
        "観測点コード": 2810690,
        "地方整備局等番号": "82",
        "都道府県コード": ""
      }
    },
    {
      "type": "Feature",
      "geometry": {
        "type": "Point",
        "coordinates": [
          141.306944,
          38.54138903781929
        ]
      },
      "properties": {
        "観測点コード": 2810700,
        "地方整備局等番号": "82",
        "都道府県コード": ""
      }
    },
    {
      "type": "Feature",
      "geometry": {
        "type": "Point",
        "coordinates": [
          141.445,
          38.65277803792201
        ]
      },
      "properties": {
        "観測点コード": 2810710,
        "地方整備局等番号": "82",
        "都道府県コード": ""
      }
    },
    {
      "type": "Feature",
      "geometry": {
        "type": "Point",
        "coordinates": [
          141.483611,
          38.69361103795928
        ]
      },
      "properties": {
        "観測点コード": 2810720,
        "地方整備局等番号": "82",
        "都道府県コード": ""
      }
    },
    {
      "type": "Feature",
      "geometry": {
        "type": "Point",
        "coordinates": [
          141.53812,
          38.73320303799521
        ]
      },
      "properties": {
        "観測点コード": 2810730,
        "地方整備局等番号": "82",
        "都道府県コード": ""
      }
    },
    {
      "type": "Feature",
      "geometry": {
        "type": "Point",
        "coordinates": [
          141.555278,
          38.81027803806458
        ]
      },
      "properties": {
        "観測点コード": 2810740,
        "地方整備局等番号": "82",
        "都道府県コード": ""
      }
    },
    {
      "type": "Feature",
      "geometry": {
        "type": "Point",
        "coordinates": [
          141.6215,
          38.98302803821732
        ]
      },
      "properties": {
        "観測点コード": 2810760,
        "地方整備局等番号": "82",
        "都道府県コード": ""
      }
    },
    {
      "type": "Feature",
      "geometry": {
        "type": "Point",
        "coordinates": [
          141.659861,
          39.0143330382446
        ]
      },
      "properties": {
        "観測点コード": 2810770,
        "地方整備局等番号": "82",
        "都道府県コード": ""
      }
    },
    {
      "type": "Feature",
      "geometry": {
        "type": "Point",
        "coordinates": [
          141.683806,
          39.025686038254456
        ]
      },
      "properties": {
        "観測点コード": 2810780,
        "地方整備局等番号": "82",
        "都道府県コード": ""
      }
    },
    {
      "type": "Feature",
      "geometry": {
        "type": "Point",
        "coordinates": [
          141.802175,
          39.11673103833292
        ]
      },
      "properties": {
        "観測点コード": 2810790,
        "地方整備局等番号": "82",
        "都道府県コード": ""
      }
    },
    {
      "type": "Feature",
      "geometry": {
        "type": "Point",
        "coordinates": [
          141.852819,
          39.18515603839118
        ]
      },
      "properties": {
        "観測点コード": 2810800,
        "地方整備局等番号": "82",
        "都道府県コード": ""
      }
    },
    {
      "type": "Feature",
      "geometry": {
        "type": "Point",
        "coordinates": [
          141.887014,
          39.27955303847055
        ]
      },
      "properties": {
        "観測点コード": 2810810,
        "地方整備局等番号": "82",
        "都道府県コード": ""
      }
    },
    {
      "type": "Feature",
      "geometry": {
        "type": "Point",
        "coordinates": [
          141.893792,
          39.33973903852054
        ]
      },
      "properties": {
        "観測点コード": 2810820,
        "地方整備局等番号": "82",
        "都道府県コード": ""
      }
    },
    {
      "type": "Feature",
      "geometry": {
        "type": "Point",
        "coordinates": [
          141.906509,
          39.36653803854265
        ]
      },
      "properties": {
        "観測点コード": 2810830,
        "地方整備局等番号": "82",
        "都道府県コード": ""
      }
    },
    {
      "type": "Feature",
      "geometry": {
        "type": "Point",
        "coordinates": [
          141.935153,
          39.366200038542374
        ]
      },
      "properties": {
        "観測点コード": 2810840,
        "地方整備局等番号": "82",
        "都道府県コード": ""
      }
    },
    {
      "type": "Feature",
      "geometry": {
        "type": "Point",
        "coordinates": [
          141.965022,
          39.729889038833065
        ]
      },
      "properties": {
        "観測点コード": 2810880,
        "地方整備局等番号": "82",
        "都道府県コード": ""
      }
    },
    {
      "type": "Feature",
      "geometry": {
        "type": "Point",
        "coordinates": [
          141.964639,
          39.80900003889396
        ]
      },
      "properties": {
        "観測点コード": 2810890,
        "地方整備局等番号": "82",
        "都道府県コード": ""
      }
    },
    {
      "type": "Feature",
      "geometry": {
        "type": "Point",
        "coordinates": [
          141.84805600000004,
          40.06004403908161
        ]
      },
      "properties": {
        "観測点コード": 2810920,
        "地方整備局等番号": "82",
        "都道府県コード": ""
      }
    },
    {
      "type": "Feature",
      "geometry": {
        "type": "Point",
        "coordinates": [
          141.770867,
          40.143239039141925
        ]
      },
      "properties": {
        "観測点コード": 2810930,
        "地方整備局等番号": "82",
        "都道府県コード": ""
      }
    },
    {
      "type": "Feature",
      "geometry": {
        "type": "Point",
        "coordinates": [
          140.651753,
          38.72593903798863
        ]
      },
      "properties": {
        "観測点コード": 2811060,
        "地方整備局等番号": "82",
        "都道府県コード": ""
      }
    },
    {
      "type": "Feature",
      "geometry": {
        "type": "Point",
        "coordinates": [
          140.772778,
          38.26666703755932
        ]
      },
      "properties": {
        "観測点コード": 2811110,
        "地方整備局等番号": "82",
        "都道府県コード": ""
      }
    },
    {
      "type": "Feature",
      "geometry": {
        "type": "Point",
        "coordinates": [
          140.683056,
          38.295556037587104
        ]
      },
      "properties": {
        "観測点コード": 2811120,
        "地方整備局等番号": "82",
        "都道府県コード": ""
      }
    },
    {
      "type": "Feature",
      "geometry": {
        "type": "Point",
        "coordinates": [
          139.151425,
          36.37355603552494
        ]
      },
      "properties": {
        "観測点コード": 3810680,
        "地方整備局等番号": "83",
        "都道府県コード": ""
      }
    },
    {
      "type": "Feature",
      "geometry": {
        "type": "Point",
        "coordinates": [
          138.895742,
          36.33143303547511
        ]
      },
      "properties": {
        "観測点コード": 3810700,
        "地方整備局等番号": "83",
        "都道府県コード": ""
      }
    },
    {
      "type": "Feature",
      "geometry": {
        "type": "Point",
        "coordinates": [
          140.325428,
          36.38173603553459
        ]
      },
      "properties": {
        "観測点コード": 3811190,
        "地方整備局等番号": "83",
        "都道府県コード": ""
      }
    },
    {
      "type": "Feature",
      "geometry": {
        "type": "Point",
        "coordinates": [
          136.452056,
          36.357575035506066
        ]
      },
      "properties": {
        "観測点コード": 4810540,
        "地方整備局等番号": "84",
        "都道府県コード": ""
      }
    },
    {
      "type": "Feature",
      "geometry": {
        "type": "Point",
        "coordinates": [
          136.812222,
          35.09388803393102
        ]
      },
      "properties": {
        "観測点コード": 5811320,
        "地方整備局等番号": "85",
        "都道府県コード": "23"
      }
    },
    {
      "type": "Feature",
      "geometry": {
        "type": "Point",
        "coordinates": [
          135.3196,
          34.81806403356681
        ]
      },
      "properties": {
        "観測点コード": 6811140,
        "地方整備局等番号": "86",
        "都道府県コード": ""
      }
    },
    {
      "type": "Feature",
      "geometry": {
        "type": "Point",
        "coordinates": [
          133.299608,
          34.46130403308565
        ]
      },
      "properties": {
        "観測点コード": 7810030,
        "地方整備局等番号": "87",
        "都道府県コード": ""
      }
    },
    {
      "type": "Feature",
      "geometry": {
        "type": "Point",
        "coordinates": [
          132.905302,
          34.391480032990195
        ]
      },
      "properties": {
        "観測点コード": 7810060,
        "地方整備局等番号": "87",
        "都道府県コード": ""
      }
    },
    {
      "type": "Feature",
      "geometry": {
        "type": "Point",
        "coordinates": [
          132.548551,
          34.37165503296302
        ]
      },
      "properties": {
        "観測点コード": 7810090,
        "地方整備局等番号": "87",
        "都道府県コード": ""
      }
    },
    {
      "type": "Feature",
      "geometry": {
        "type": "Point",
        "coordinates": [
          132.43065,
          34.370314032961176
        ]
      },
      "properties": {
        "観測点コード": 7810100,
        "地方整備局等番号": "87",
        "都道府県コード": ""
      }
    },
    {
      "type": "Feature",
      "geometry": {
        "type": "Point",
        "coordinates": [
          133.075998,
          34.40929103301459
        ]
      },
      "properties": {
        "観測点コード": 7810120,
        "地方整備局等番号": "87",
        "都道府県コード": ""
      }
    },
    {
      "type": "Feature",
      "geometry": {
        "type": "Point",
        "coordinates": [
          133.04909,
          34.394348032994124
        ]
      },
      "properties": {
        "観測点コード": 7810130,
        "地方整備局等番号": "87",
        "都道府県コード": ""
      }
    },
    {
      "type": "Feature",
      "geometry": {
        "type": "Point",
        "coordinates": [
          132.173982,
          34.186157032707094
        ]
      },
      "properties": {
        "観測点コード": 7810140,
        "地方整備局等番号": "87",
        "都道府県コード": ""
      }
    },
    {
      "type": "Feature",
      "geometry": {
        "type": "Point",
        "coordinates": [
          131.669576,
          34.069307032544415
        ]
      },
      "properties": {
        "観測点コード": 7810150,
        "地方整備局等番号": "87",
        "都道府県コード": ""
      }
    },
    {
      "type": "Feature",
      "geometry": {
        "type": "Point",
        "coordinates": [
          131.248456,
          34.03918803250232
        ]
      },
      "properties": {
        "観測点コード": 7810180,
        "地方整備局等番号": "87",
        "都道府県コード": ""
      }
    },
    {
      "type": "Feature",
      "geometry": {
        "type": "Point",
        "coordinates": [
          134.20671,
          35.51908503447856
        ]
      },
      "properties": {
        "観測点コード": 7810220,
        "地方整備局等番号": "87",
        "都道府県コード": ""
      }
    },
    {
      "type": "Feature",
      "geometry": {
        "type": "Point",
        "coordinates": [
          134.171906,
          35.523372034484
        ]
      },
      "properties": {
        "観測点コード": 7810230,
        "地方整備局等番号": "87",
        "都道府県コード": ""
      }
    },
    {
      "type": "Feature",
      "geometry": {
        "type": "Point",
        "coordinates": [
          134.071698,
          35.51594103447459
        ]
      },
      "properties": {
        "観測点コード": 7810250,
        "地方整備局等番号": "87",
        "都道府県コード": ""
      }
    },
    {
      "type": "Feature",
      "geometry": {
        "type": "Point",
        "coordinates": [
          133.70857000000004,
          35.50301603445818
        ]
      },
      "properties": {
        "観測点コード": 7810280,
        "地方整備局等番号": "87",
        "都道府県コード": ""
      }
    },
    {
      "type": "Feature",
      "geometry": {
        "type": "Point",
        "coordinates": [
          133.4305,
          35.46553703441056
        ]
      },
      "properties": {
        "観測点コード": 7810330,
        "地方整備局等番号": "87",
        "都道府県コード": ""
      }
    },
    {
      "type": "Feature",
      "geometry": {
        "type": "Point",
        "coordinates": [
          133.331902,
          35.43101403436657
        ]
      },
      "properties": {
        "観測点コード": 7810360,
        "地方整備局等番号": "87",
        "都道府県コード": ""
      }
    },
    {
      "type": "Feature",
      "geometry": {
        "type": "Point",
        "coordinates": [
          133.474531,
          35.48149203443085
        ]
      },
      "properties": {
        "観測点コード": 7810380,
        "地方整備局等番号": "87",
        "都道府県コード": ""
      }
    },
    {
      "type": "Feature",
      "geometry": {
        "type": "Point",
        "coordinates": [
          133.61465,
          35.50747003446383
        ]
      },
      "properties": {
        "観測点コード": 7810420,
        "地方整備局等番号": "87",
        "都道府県コード": ""
      }
    },
    {
      "type": "Feature",
      "geometry": {
        "type": "Point",
        "coordinates": [
          133.302548,
          35.40803703433723
        ]
      },
      "properties": {
        "観測点コード": 7810440,
        "地方整備局等番号": "87",
        "都道府県コード": ""
      }
    },
    {
      "type": "Feature",
      "geometry": {
        "type": "Point",
        "coordinates": [
          132.455335,
          35.198965034067925
        ]
      },
      "properties": {
        "観測点コード": 7810500,
        "地方整備局等番号": "87",
        "都道府県コード": ""
      }
    },
    {
      "type": "Feature",
      "geometry": {
        "type": "Point",
        "coordinates": [
          132.347724,
          35.0882140339236
        ]
      },
      "properties": {
        "観測点コード": 7810530,
        "地方整備局等番号": "87",
        "都道府県コード": ""
      }
    },
    {
      "type": "Feature",
      "geometry": {
        "type": "Point",
        "coordinates": [
          132.109083,
          34.92234503370532
        ]
      },
      "properties": {
        "観測点コード": 7810570,
        "地方整備局等番号": "87",
        "都道府県コード": ""
      }
    },
    {
      "type": "Feature",
      "geometry": {
        "type": "Point",
        "coordinates": [
          132.105961,
          34.90375903368071
        ]
      },
      "properties": {
        "観測点コード": 7810580,
        "地方整備局等番号": "87",
        "都道府県コード": ""
      }
    },
    {
      "type": "Feature",
      "geometry": {
        "type": "Point",
        "coordinates": [
          132.069161,
          34.886378033657664
        ]
      },
      "properties": {
        "観測点コード": 7810600,
        "地方整備局等番号": "87",
        "都道府県コード": ""
      }
    },
    {
      "type": "Feature",
      "geometry": {
        "type": "Point",
        "coordinates": [
          132.044972,
          34.8693890336351
        ]
      },
      "properties": {
        "観測点コード": 7810610,
        "地方整備局等番号": "87",
        "都道府県コード": ""
      }
    },
    {
      "type": "Feature",
      "geometry": {
        "type": "Point",
        "coordinates": [
          131.799331,
          34.603665033279
        ]
      },
      "properties": {
        "観測点コード": 7810650,
        "地方整備局等番号": "87",
        "都道府県コード": ""
      }
    },
    {
      "type": "Feature",
      "geometry": {
        "type": "Point",
        "coordinates": [
          131.793408,
          34.56766203323026
        ]
      },
      "properties": {
        "観測点コード": 7810660,
        "地方整備局等番号": "87",
        "都道府県コード": ""
      }
    },
    {
      "type": "Feature",
      "geometry": {
        "type": "Point",
        "coordinates": [
          131.772423,
          34.4411940330582
        ]
      },
      "properties": {
        "観測点コード": 7810670,
        "地方整備局等番号": "87",
        "都道府県コード": ""
      }
    },
    {
      "type": "Feature",
      "geometry": {
        "type": "Point",
        "coordinates": [
          133.070902,
          35.44391203438301
        ]
      },
      "properties": {
        "観測点コード": 7810680,
        "地方整備局等番号": "87",
        "都道府県コード": ""
      }
    },
    {
      "type": "Feature",
      "geometry": {
        "type": "Point",
        "coordinates": [
          132.223163,
          35.0087950338194
        ]
      },
      "properties": {
        "観測点コード": 7810730,
        "地方整備局等番号": "87",
        "都道府県コード": ""
      }
    },
    {
      "type": "Feature",
      "geometry": {
        "type": "Point",
        "coordinates": [
          131.522947,
          34.245635032789465
        ]
      },
      "properties": {
        "観測点コード": 7810780,
        "地方整備局等番号": "87",
        "都道府県コード": ""
      }
    },
    {
      "type": "Feature",
      "geometry": {
        "type": "Point",
        "coordinates": [
          134.240441,
          35.47203803441882
        ]
      },
      "properties": {
        "観測点コード": 7810840,
        "地方整備局等番号": "87",
        "都道府県コード": ""
      }
    },
    {
      "type": "Feature",
      "geometry": {
        "type": "Point",
        "coordinates": [
          134.20171,
          35.49999403445436
        ]
      },
      "properties": {
        "観測点コード": 7810850,
        "地方整備局等番号": "87",
        "都道府県コード": ""
      }
    },
    {
      "type": "Feature",
      "geometry": {
        "type": "Point",
        "coordinates": [
          133.901839,
          34.52362703317051
        ]
      },
      "properties": {
        "観測点コード": 7810870,
        "地方整備局等番号": "87",
        "都道府県コード": ""
      }
    },
    {
      "type": "Feature",
      "geometry": {
        "type": "Point",
        "coordinates": [
          133.946407,
          34.9118280336914
        ]
      },
      "properties": {
        "観測点コード": 7810900,
        "地方整備局等番号": "87",
        "都道府県コード": ""
      }
    },
    {
      "type": "Feature",
      "geometry": {
        "type": "Point",
        "coordinates": [
          134.203706,
          35.342837034253684
        ]
      },
      "properties": {
        "観測点コード": 7810940,
        "地方整備局等番号": "87",
        "都道府県コード": ""
      }
    },
    {
      "type": "Feature",
      "geometry": {
        "type": "Point",
        "coordinates": [
          134.215379,
          35.3698230342883
        ]
      },
      "properties": {
        "観測点コード": 7810950,
        "地方整備局等番号": "87",
        "都道府県コード": ""
      }
    },
    {
      "type": "Feature",
      "geometry": {
        "type": "Point",
        "coordinates": [
          132.667015,
          34.64456803333422
        ]
      },
      "properties": {
        "観測点コード": 7810960,
        "地方整備局等番号": "87",
        "都道府県コード": ""
      }
    },
    {
      "type": "Feature",
      "geometry": {
        "type": "Point",
        "coordinates": [
          132.742245,
          34.68134903338374
        ]
      },
      "properties": {
        "観測点コード": 7810970,
        "地方整備局等番号": "87",
        "都道府県コード": ""
      }
    },
    {
      "type": "Feature",
      "geometry": {
        "type": "Point",
        "coordinates": [
          132.823527,
          34.81798703356671
        ]
      },
      "properties": {
        "観測点コード": 7810980,
        "地方整備局等番号": "87",
        "都道府県コード": ""
      }
    },
    {
      "type": "Feature",
      "geometry": {
        "type": "Point",
        "coordinates": [
          132.793186,
          34.86090703362384
        ]
      },
      "properties": {
        "観測点コード": 7810990,
        "地方整備局等番号": "87",
        "都道府県コード": ""
      }
    },
    {
      "type": "Feature",
      "geometry": {
        "type": "Point",
        "coordinates": [
          132.907662,
          35.33258003424051
        ]
      },
      "properties": {
        "観測点コード": 7811020,
        "地方整備局等番号": "87",
        "都道府県コード": ""
      }
    },
    {
      "type": "Feature",
      "geometry": {
        "type": "Point",
        "coordinates": [
          132.6053,
          34.23547503277542
        ]
      },
      "properties": {
        "観測点コード": 7811070,
        "地方整備局等番号": "87",
        "都道府県コード": ""
      }
    },
    {
      "type": "Feature",
      "geometry": {
        "type": "Point",
        "coordinates": [
          132.662702,
          34.220918032755264
        ]
      },
      "properties": {
        "観測点コード": 7811080,
        "地方整備局等番号": "87",
        "都道府県コード": ""
      }
    },
    {
      "type": "Feature",
      "geometry": {
        "type": "Point",
        "coordinates": [
          132.728126,
          34.27213903282609
        ]
      },
      "properties": {
        "観測点コード": 7811090,
        "地方整備局等番号": "87",
        "都道府県コード": ""
      }
    },
    {
      "type": "Feature",
      "geometry": {
        "type": "Point",
        "coordinates": [
          132.948483,
          34.33997203291951
        ]
      },
      "properties": {
        "観測点コード": 7811100,
        "地方整備局等番号": "87",
        "都道府県コード": ""
      }
    },
    {
      "type": "Feature",
      "geometry": {
        "type": "Point",
        "coordinates": [
          132.028679,
          33.9055670323146
        ]
      },
      "properties": {
        "観測点コード": 7811120,
        "地方整備局等番号": "87",
        "都道府県コード": ""
      }
    },
    {
      "type": "Feature",
      "geometry": {
        "type": "Point",
        "coordinates": [
          131.978502,
          33.93038903234958
        ]
      },
      "properties": {
        "観測点コード": 7811130,
        "地方整備局等番号": "87",
        "都道府県コード": ""
      }
    },
    {
      "type": "Feature",
      "geometry": {
        "type": "Point",
        "coordinates": [
          131.89892000000003,
          33.976741032414765
        ]
      },
      "properties": {
        "観測点コード": 7811140,
        "地方整備局等番号": "87",
        "都道府県コード": ""
      }
    },
    {
      "type": "Feature",
      "geometry": {
        "type": "Point",
        "coordinates": [
          131.223377,
          33.97531203241275
        ]
      },
      "properties": {
        "観測点コード": 7811150,
        "地方整備局等番号": "87",
        "都道府県コード": ""
      }
    },
    {
      "type": "Feature",
      "geometry": {
        "type": "Point",
        "coordinates": [
          131.108286,
          34.0254670324831
        ]
      },
      "properties": {
        "観測点コード": 7811160,
        "地方整備局等番号": "87",
        "都道府県コード": ""
      }
    },
    {
      "type": "Feature",
      "geometry": {
        "type": "Point",
        "coordinates": [
          130.910708,
          34.06179303253392
        ]
      },
      "properties": {
        "観測点コード": 7811170,
        "地方整備局等番号": "87",
        "都道府県コード": ""
      }
    },
    {
      "type": "Feature",
      "geometry": {
        "type": "Point",
        "coordinates": [
          131.13719,
          34.372636032964365
        ]
      },
      "properties": {
        "観測点コード": 7811190,
        "地方整備局等番号": "87",
        "都道府県コード": ""
      }
    },
    {
      "type": "Feature",
      "geometry": {
        "type": "Point",
        "coordinates": [
          131.21721,
          34.36655403295601
        ]
      },
      "properties": {
        "観測点コード": 7811200,
        "地方整備局等番号": "87",
        "都道府県コード": ""
      }
    },
    {
      "type": "Feature",
      "geometry": {
        "type": "Point",
        "coordinates": [
          131.327923,
          34.36556503295465
        ]
      },
      "properties": {
        "観測点コード": 7811210,
        "地方整備局等番号": "87",
        "都道府県コード": ""
      }
    },
    {
      "type": "Feature",
      "geometry": {
        "type": "Point",
        "coordinates": [
          131.429169,
          34.46117103308548
        ]
      },
      "properties": {
        "観測点コード": 7811220,
        "地方整備局等番号": "87",
        "都道府県コード": ""
      }
    },
    {
      "type": "Feature",
      "geometry": {
        "type": "Point",
        "coordinates": [
          131.50609,
          34.53625103318765
        ]
      },
      "properties": {
        "観測点コード": 7811230,
        "地方整備局等番号": "87",
        "都道府県コード": ""
      }
    },
    {
      "type": "Feature",
      "geometry": {
        "type": "Point",
        "coordinates": [
          130.917824,
          33.97863403241742
        ]
      },
      "properties": {
        "観測点コード": 7811240,
        "地方整備局等番号": "87",
        "都道府県コード": ""
      }
    },
    {
      "type": "Feature",
      "geometry": {
        "type": "Point",
        "coordinates": [
          131.269202,
          34.371174032962365
        ]
      },
      "properties": {
        "観測点コード": 7811250,
        "地方整備局等番号": "87",
        "都道府県コード": ""
      }
    },
    {
      "type": "Feature",
      "geometry": {
        "type": "Point",
        "coordinates": [
          131.345346,
          34.386217032983
        ]
      },
      "properties": {
        "観測点コード": 7811260,
        "地方整備局等番号": "87",
        "都道府県コード": ""
      }
    },
    {
      "type": "Feature",
      "geometry": {
        "type": "Point",
        "coordinates": [
          130.919334,
          33.98188003242198
        ]
      },
      "properties": {
        "観測点コード": 7811280,
        "地方整備局等番号": "87",
        "都道府県コード": ""
      }
    },
    {
      "type": "Feature",
      "geometry": {
        "type": "Point",
        "coordinates": [
          132.632159,
          34.274175032828886
        ]
      },
      "properties": {
        "観測点コード": 7811310,
        "地方整備局等番号": "87",
        "都道府県コード": ""
      }
    },
    {
      "type": "Feature",
      "geometry": {
        "type": "Point",
        "coordinates": [
          130.541025,
          33.44687903165964
        ]
      },
      "properties": {
        "観測点コード": 9810110,
        "地方整備局等番号": "89",
        "都道府県コード": ""
      }
    },
    {
      "type": "Feature",
      "geometry": {
        "type": "Point",
        "coordinates": [
          131.676921,
          32.58759103039164
        ]
      },
      "properties": {
        "観測点コード": 9810570,
        "地方整備局等番号": "89",
        "都道府県コード": ""
      }
    },
    {
      "type": "Feature",
      "geometry": {
        "type": "Point",
        "coordinates": [
          130.866756,
          33.67846703199234
        ]
      },
      "properties": {
        "観測点コード": 9811160,
        "地方整備局等番号": "89",
        "都道府県コード": ""
      }
    },
    {
      "type": "Feature",
      "geometry": {
        "type": "Point",
        "coordinates": [
          130.760963,
          31.413693028584817
        ]
      },
      "properties": {
        "観測点コード": 9811890,
        "地方整備局等番号": "89",
        "都道府県コード": ""
      }
    },
    {
      "type": "Feature",
      "geometry": {
        "type": "Point",
        "coordinates": [
          142.348056,
          43.39305604072871
        ]
      },
      "properties": {
        "観測点コード": 1810330,
        "地方整備局等番号": "81",
        "都道府県コード": "04"
      }
    },
    {
      "type": "Feature",
      "geometry": {
        "type": "Point",
        "coordinates": [
          142.385,
          43.27194404069734
        ]
      },
      "properties": {
        "観測点コード": 1810340,
        "地方整備局等番号": "81",
        "都道府県コード": "04"
      }
    },
    {
      "type": "Feature",
      "geometry": {
        "type": "Point",
        "coordinates": [
          142.704722,
          43.841944040825744
        ]
      },
      "properties": {
        "観測点コード": 1810440,
        "地方整備局等番号": "81",
        "都道府県コード": "04"
      }
    },
    {
      "type": "Feature",
      "geometry": {
        "type": "Point",
        "coordinates": [
          143.117222,
          43.65333304078868
        ]
      },
      "properties": {
        "観測点コード": 1810450,
        "地方整備局等番号": "81",
        "都道府県コード": "04"
      }
    },
    {
      "type": "Feature",
      "geometry": {
        "type": "Point",
        "coordinates": [
          141.755833,
          44.934167040934625
        ]
      },
      "properties": {
        "観測点コード": 1811070,
        "地方整備局等番号": "81",
        "都道府県コード": "09"
      }
    },
    {
      "type": "Feature",
      "geometry": {
        "type": "Point",
        "coordinates": [
          141.76481,
          44.50014404091302
        ]
      },
      "properties": {
        "観測点コード": 1811100,
        "地方整備局等番号": "81",
        "都道府県コード": "09"
      }
    },
    {
      "type": "Feature",
      "geometry": {
        "type": "Point",
        "coordinates": [
          142.458611,
          43.46000004074509
        ]
      },
      "properties": {
        "観測点コード": 1811340,
        "地方整備局等番号": "81",
        "都道府県コード": "04"
      }
    },
    {
      "type": "Feature",
      "geometry": {
        "type": "Point",
        "coordinates": [
          142.433056,
          43.41250004073354
        ]
      },
      "properties": {
        "観測点コード": 1811350,
        "地方整備局等番号": "81",
        "都道府県コード": "04"
      }
    },
    {
      "type": "Feature",
      "geometry": {
        "type": "Point",
        "coordinates": [
          142.400833,
          43.11694404065397
        ]
      },
      "properties": {
        "観測点コード": 1811360,
        "地方整備局等番号": "81",
        "都道府県コード": "04"
      }
    },
    {
      "type": "Feature",
      "geometry": {
        "type": "Point",
        "coordinates": [
          141.778997,
          44.23906304088626
        ]
      },
      "properties": {
        "観測点コード": 1811470,
        "地方整備局等番号": "81",
        "都道府県コード": "09"
      }
    },
    {
      "type": "Feature",
      "geometry": {
        "type": "Point",
        "coordinates": [
          141.686389,
          44.2719440408902
        ]
      },
      "properties": {
        "観測点コード": 1811480,
        "地方整備局等番号": "81",
        "都道府県コード": "09"
      }
    },
    {
      "type": "Feature",
      "geometry": {
        "type": "Point",
        "coordinates": [
          143.0375,
          43.66638904079141
        ]
      },
      "properties": {
        "観測点コード": 1811720,
        "地方整備局等番号": "81",
        "都道府県コード": "04"
      }
    },
    {
      "type": "Feature",
      "geometry": {
        "type": "Point",
        "coordinates": [
          142.588463,
          43.8908760408345
        ]
      },
      "properties": {
        "観測点コード": 1812280,
        "地方整備局等番号": "81",
        "都道府県コード": "04"
      }
    },
    {
      "type": "Feature",
      "geometry": {
        "type": "Point",
        "coordinates": [
          141.358278,
          42.87625504057954
        ]
      },
      "properties": {
        "観測点コード": 1812360,
        "地方整備局等番号": "81",
        "都道府県コード": "01"
      }
    },
    {
      "type": "Feature",
      "geometry": {
        "type": "Point",
        "coordinates": [
          141.006389,
          38.653611037922765
        ]
      },
      "properties": {
        "観測点コード": 2810160,
        "地方整備局等番号": "82",
        "都道府県コード": ""
      }
    },
    {
      "type": "Feature",
      "geometry": {
        "type": "Point",
        "coordinates": [
          140.989722,
          38.2813890375735
        ]
      },
      "properties": {
        "観測点コード": 2810660,
        "地方整備局等番号": "82",
        "都道府県コード": ""
      }
    },
    {
      "type": "Feature",
      "geometry": {
        "type": "Point",
        "coordinates": [
          141.965125,
          39.44775603860908
        ]
      },
      "properties": {
        "観測点コード": 2810850,
        "地方整備局等番号": "82",
        "都道府県コード": ""
      }
    },
    {
      "type": "Feature",
      "geometry": {
        "type": "Point",
        "coordinates": [
          141.945253,
          39.59126703872433
        ]
      },
      "properties": {
        "観測点コード": 2810860,
        "地方整備局等番号": "82",
        "都道府県コード": ""
      }
    },
    {
      "type": "Feature",
      "geometry": {
        "type": "Point",
        "coordinates": [
          139.627355578637,
          35.670246331649835
        ]
      },
      "properties": {
        "観測点コード": 3810960,
        "地方整備局等番号": "83",
        "都道府県コード": ""
      }
    },
    {
      "type": "Feature",
      "geometry": {
        "type": "Point",
        "coordinates": [
          138.92594400000002,
          35.604222034586115
        ]
      },
      "properties": {
        "観測点コード": 3811000,
        "地方整備局等番号": "83",
        "都道府県コード": ""
      }
    },
    {
      "type": "Feature",
      "geometry": {
        "type": "Point",
        "coordinates": [
          139.836463807018,
          35.64717212036359
        ]
      },
      "properties": {
        "観測点コード": 3811400,
        "地方整備局等番号": "83",
        "都道府県コード": ""
      }
    },
    {
      "type": "Feature",
      "geometry": {
        "type": "Point",
        "coordinates": [
          138.422745,
          35.00879903381941
        ]
      },
      "properties": {
        "観測点コード": 5810040,
        "地方整備局等番号": "85",
        "都道府県コード": "22"
      }
    },
    {
      "type": "Feature",
      "geometry": {
        "type": "Point",
        "coordinates": [
          137.978062,
          34.77075503350366
        ]
      },
      "properties": {
        "観測点コード": 5810100,
        "地方整備局等番号": "85",
        "都道府県コード": "22"
      }
    },
    {
      "type": "Feature",
      "geometry": {
        "type": "Point",
        "coordinates": [
          136.644153,
          35.371615034290606
        ]
      },
      "properties": {
        "観測点コード": 5810490,
        "地方整備局等番号": "85",
        "都道府県コード": "21"
      }
    },
    {
      "type": "Feature",
      "geometry": {
        "type": "Point",
        "coordinates": [
          136.863612,
          35.86111303490629
        ]
      },
      "properties": {
        "観測点コード": 5811210,
        "地方整備局等番号": "85",
        "都道府県コード": "21"
      }
    },
    {
      "type": "Feature",
      "geometry": {
        "type": "Point",
        "coordinates": [
          135.788056,
          34.98861103379282
        ]
      },
      "properties": {
        "観測点コード": 6810040,
        "地方整備局等番号": "86",
        "都道府県コード": ""
      }
    },
    {
      "type": "Feature",
      "geometry": {
        "type": "Point",
        "coordinates": [
          135.75305600000002,
          34.987222033791
        ]
      },
      "properties": {
        "観測点コード": 6810050,
        "地方整備局等番号": "86",
        "都道府県コード": ""
      }
    },
    {
      "type": "Feature",
      "geometry": {
        "type": "Point",
        "coordinates": [
          134.945572,
          34.47239203310078
        ]
      },
      "properties": {
        "観測点コード": 6810700,
        "地方整備局等番号": "86",
        "都道府県コード": ""
      }
    },
    {
      "type": "Feature",
      "geometry": {
        "type": "Point",
        "coordinates": [
          134.896767,
          34.40363603300684
        ]
      },
      "properties": {
        "観測点コード": 6810710,
        "地方整備局等番号": "86",
        "都道府県コード": ""
      }
    },
    {
      "type": "Feature",
      "geometry": {
        "type": "Point",
        "coordinates": [
          134.728943,
          34.26169203281165
        ]
      },
      "properties": {
        "観測点コード": 6810720,
        "地方整備局等番号": "86",
        "都道府県コード": ""
      }
    },
    {
      "type": "Feature",
      "geometry": {
        "type": "Point",
        "coordinates": [
          132.811446,
          34.40409903300748
        ]
      },
      "properties": {
        "観測点コード": 7810080,
        "地方整備局等番号": "87",
        "都道府県コード": ""
      }
    },
    {
      "type": "Feature",
      "geometry": {
        "type": "Point",
        "coordinates": [
          132.379675,
          35.111949033954616
        ]
      },
      "properties": {
        "観測点コード": 7810510,
        "地方整備局等番号": "87",
        "都道府県コード": ""
      }
    },
    {
      "type": "Feature",
      "geometry": {
        "type": "Point",
        "coordinates": [
          133.036623,
          35.435857034372745
        ]
      },
      "properties": {
        "観測点コード": 7810690,
        "地方整備局等番号": "87",
        "都道府県コード": ""
      }
    },
    {
      "type": "Feature",
      "geometry": {
        "type": "Point",
        "coordinates": [
          131.483723,
          34.190602032713265
        ]
      },
      "properties": {
        "観測点コード": 7810790,
        "地方整備局等番号": "87",
        "都道府県コード": ""
      }
    },
    {
      "type": "Feature",
      "geometry": {
        "type": "Point",
        "coordinates": [
          134.328439,
          35.36752203428536
        ]
      },
      "properties": {
        "観測点コード": 7810830,
        "地方整備局等番号": "87",
        "都道府県コード": ""
      }
    },
    {
      "type": "Feature",
      "geometry": {
        "type": "Point",
        "coordinates": [
          132.708361,
          33.65575003195989
        ]
      },
      "properties": {
        "観測点コード": 8811270,
        "地方整備局等番号": "88",
        "都道府県コード": ""
      }
    },
    {
      "type": "Feature",
      "geometry": {
        "type": "Point",
        "coordinates": [
          130.308808,
          32.10065202965169
        ]
      },
      "properties": {
        "観測点コード": 9810250,
        "地方整備局等番号": "89",
        "都道府県コード": ""
      }
    },
    {
      "type": "Feature",
      "geometry": {
        "type": "Point",
        "coordinates": [
          130.005514,
          32.88569203083725
        ]
      },
      "properties": {
        "観測点コード": 9810880,
        "地方整備局等番号": "89",
        "都道府県コード": ""
      }
    },
    {
      "type": "Feature",
      "geometry": {
        "type": "Point",
        "coordinates": [
          130.159402,
          33.54615303180275
        ]
      },
      "properties": {
        "観測点コード": 9811200,
        "地方整備局等番号": "89",
        "都道府県コード": ""
      }
    },
    {
      "type": "Feature",
      "geometry": {
        "type": "Point",
        "coordinates": [
          130.448556,
          33.55094403180965
        ]
      },
      "properties": {
        "観測点コード": 9811230,
        "地方整備局等番号": "89",
        "都道府県コード": ""
      }
    },
    {
      "type": "Feature",
      "geometry": {
        "type": "Point",
        "coordinates": [
          130.407839,
          33.176714031266506
        ]
      },
      "properties": {
        "観測点コード": 9811430,
        "地方整備局等番号": "89",
        "都道府県コード": ""
      }
    },
    {
      "type": "Feature",
      "geometry": {
        "type": "Point",
        "coordinates": [
          130.817928,
          33.33357603149542
        ]
      },
      "properties": {
        "観測点コード": 9811630,
        "地方整備局等番号": "89",
        "都道府県コード": ""
      }
    },
    {
      "type": "Feature",
      "geometry": {
        "type": "Point",
        "coordinates": [
          130.839667,
          33.33658103149978
        ]
      },
      "properties": {
        "観測点コード": 9811640,
        "地方整備局等番号": "89",
        "都道府県コード": ""
      }
    },
    {
      "type": "Feature",
      "geometry": {
        "type": "Point",
        "coordinates": [
          139.8377,
          38.82440303807722
        ]
      },
      "properties": {
        "観測点コード": 2810370,
        "地方整備局等番号": "82",
        "都道府県コード": ""
      }
    },
    {
      "type": "Feature",
      "geometry": {
        "type": "Point",
        "coordinates": [
          139.881432,
          39.06557303828897
        ]
      },
      "properties": {
        "観測点コード": 2810390,
        "地方整備局等番号": "82",
        "都道府県コード": ""
      }
    },
    {
      "type": "Feature",
      "geometry": {
        "type": "Point",
        "coordinates": [
          140.126356,
          37.931619037229716
        ]
      },
      "properties": {
        "観測点コード": 2810510,
        "地方整備局等番号": "82",
        "都道府県コード": ""
      }
    },
    {
      "type": "Feature",
      "geometry": {
        "type": "Point",
        "coordinates": [
          140.17323,
          38.05191103734962
        ]
      },
      "properties": {
        "観測点コード": 2810520,
        "地方整備局等番号": "82",
        "都道府県コード": ""
      }
    },
    {
      "type": "Feature",
      "geometry": {
        "type": "Point",
        "coordinates": [
          140.318236,
          38.207931037502526
        ]
      },
      "properties": {
        "観測点コード": 2810530,
        "地方整備局等番号": "82",
        "都道府県コード": ""
      }
    },
    {
      "type": "Feature",
      "geometry": {
        "type": "Point",
        "coordinates": [
          140.319386,
          38.69290503795864
        ]
      },
      "properties": {
        "観測点コード": 2810540,
        "地方整備局等番号": "82",
        "都道府県コード": ""
      }
    },
    {
      "type": "Feature",
      "geometry": {
        "type": "Point",
        "coordinates": [
          140.331102,
          38.84374903809449
        ]
      },
      "properties": {
        "観測点コード": 2810550,
        "地方整備局等番号": "82",
        "都道府県コード": ""
      }
    },
    {
      "type": "Feature",
      "geometry": {
        "type": "Point",
        "coordinates": [
          140.362649,
          38.989511038222986
        ]
      },
      "properties": {
        "観測点コード": 2810570,
        "地方整備局等番号": "82",
        "都道府県コード": ""
      }
    },
    {
      "type": "Feature",
      "geometry": {
        "type": "Point",
        "coordinates": [
          140.376255,
          38.42574103771099
        ]
      },
      "properties": {
        "観測点コード": 2810640,
        "地方整備局等番号": "82",
        "都道府県コード": ""
      }
    },
    {
      "type": "Feature",
      "geometry": {
        "type": "Point",
        "coordinates": [
          140.241932,
          38.73957803800097
        ]
      },
      "properties": {
        "観測点コード": 2811080,
        "地方整備局等番号": "82",
        "都道府県コード": ""
      }
    },
    {
      "type": "Feature",
      "geometry": {
        "type": "Point",
        "coordinates": [
          140.135331,
          38.73790803799946
        ]
      },
      "properties": {
        "観測点コード": 2811090,
        "地方整備局等番号": "82",
        "都道府県コード": ""
      }
    },
    {
      "type": "Feature",
      "geometry": {
        "type": "Point",
        "coordinates": [
          139.993766,
          38.79085003804716
        ]
      },
      "properties": {
        "観測点コード": 2811100,
        "地方整備局等番号": "82",
        "都道府県コード": ""
      }
    },
    {
      "type": "Feature",
      "geometry": {
        "type": "Point",
        "coordinates": [
          139.970303,
          38.49628003777725
        ]
      },
      "properties": {
        "観測点コード": 2811180,
        "地方整備局等番号": "82",
        "都道府県コード": ""
      }
    }
  ]
}